# This file uses centimeters as units for non-parametric coordinates.

mtllib Bugle.mtl
g default
v -24.007324 6.202415 -0.960083
v -2.756226 5.879364 -1.842346
v -24.011719 5.983139 -0.938477
v -7.549133 5.971695 -1.823914
v -24.015869 5.772278 -0.874512
v -2.750641 6.247482 -0.748230
v -24.019775 5.577957 -0.770630
v -7.543823 6.324722 -0.774719
v -24.022949 5.407631 -0.630798
v -2.739288 6.993469 -1.540588
v -24.025879 5.267845 -0.460449
v -7.532959 7.040115 -1.534607
v -24.027832 5.163977 -0.266052
v -7.533508 7.000885 -1.651184
v -24.029053 5.100014 -0.055176
v -2.739929 6.952560 -1.662231
v -24.029541 5.078418 0.164154
v -7.541931 6.447464 -0.766357
v -24.029053 5.100014 0.383484
v -2.748688 6.375473 -0.739502
v -24.027832 5.163979 0.594360
v -7.550293 5.896545 -1.726501
v -24.025879 5.267845 0.788757
v -2.757416 5.801010 -1.740723
v -24.022949 5.407631 0.959106
v -7.540100 6.569473 -0.782104
v -24.019775 5.577957 1.098938
v -2.746765 6.502701 -0.755920
v -24.015869 5.772278 1.202820
v -7.534485 6.939667 -1.757935
v -24.011719 5.983139 1.266785
v -2.740906 6.888718 -1.773499
v -24.007324 6.202415 1.288391
v -7.551147 5.841843 -1.616333
v -24.002930 6.421700 1.266785
v -2.758270 5.743958 -1.625854
v -23.998779 6.632553 1.202820
v -7.538330 6.686073 -0.821350
v -23.994873 6.826881 1.098938
v -2.744904 6.624283 -0.796875
v -23.991699 6.997208 0.959106
v -7.535706 6.858795 -1.850647
v -23.988770 7.136993 0.788757
v -2.742187 6.804382 -1.870178
v -23.986816 7.240860 0.594360
v -7.551636 5.809692 -1.497559
v -23.985596 7.304821 0.383484
v -2.758789 5.710434 -1.502014
v -23.985107 7.326420 0.164185
v -7.537170 6.761383 -1.925781
v -23.985596 7.304821 -0.055176
v -2.743713 6.702820 -1.948547
v -23.986816 7.240862 -0.266052
v -7.536682 6.792770 -0.882568
v -23.988770 7.136993 -0.460449
v -2.743225 6.735550 -0.860718
v -23.991699 6.997208 -0.630798
v -7.551758 5.801315 -1.374817
v -23.994873 6.826881 -0.770630
v -2.758911 5.701706 -1.374023
v -23.998779 6.632553 -0.874512
v -7.538818 6.651199 -1.980469
v -24.002930 6.421700 -0.938477
v -2.745453 6.587921 -2.005615
v -21.523682 6.153227 -0.318115
v -19.404541 6.111248 -0.412354
v -17.082764 6.065258 -0.436646
v -14.854004 6.021114 -0.436646
v -12.625244 5.976967 -0.436646
v -10.396606 5.932823 -0.436646
v -8.167908 5.888676 -0.436646
v -5.939148 5.844528 -0.436646
v -3.710449 5.800385 -0.436646
v -1.481735 5.756237 -0.436646
v 0.746964 5.712090 -0.436646
v 2.975677 5.667946 -0.436646
v 5.204773 5.658279 -0.436646
v 7.433044 5.646244 -0.436646
v 9.238464 4.507767 -0.436646
v 9.485229 2.354580 -0.436630
v 8.111572 0.773479 -0.436577
v 6.088379 0.620903 -0.564575
v 3.731476 0.603233 -0.795208
v 1.505844 0.599396 -0.974499
v -0.719810 0.595573 -1.153767
v -4.384003 0.609238 -1.421844
v -4.466431 0.849268 -0.196434
v -6.339966 0.635788 -1.538860
v -9.624695 0.680374 -1.735352
v -11.857056 0.712830 -1.877167
v -14.070190 0.884476 -1.994110
v -15.619385 2.320343 -1.994202
v -15.813599 4.503891 -1.994202
v -14.516602 6.204880 -1.994202
v -12.333740 6.483398 -1.994202
v 16.426880 6.261322 -2.565979
v -7.535278 6.885475 -0.963440
v -2.741760 6.832214 -0.945068
v -7.551514 5.817062 -1.252808
v -2.758667 5.718109 -1.246765
v -7.534119 6.960625 -1.060852
v -2.740570 6.910576 -1.046631
v -7.540649 6.532455 -2.012634
v -2.747345 6.464096 -2.039124
v -7.550903 5.856293 -1.136169
v -2.758057 5.759026 -1.125183
v -7.533325 7.015327 -1.171021
v -2.739685 6.967621 -1.161499
v -7.542480 6.409714 -2.020996
v -2.749268 6.336121 -2.047852
v 16.430298 6.486206 -2.505066
v -12.322876 6.367111 -1.979126
v -14.465576 6.099854 -1.979126
v -15.699707 4.477692 -1.979126
v -15.510010 2.361343 -1.979141
v -14.033936 0.995544 -1.979347
v -11.846680 0.829346 -1.863266
v -9.623901 0.797379 -1.721977
v -6.339661 0.752792 -1.525520
v -4.464172 0.835567 -0.230881
v -4.384064 0.726257 -1.408531
v -0.720551 0.712601 -1.140495
v 1.504608 0.716423 -0.961266
v 3.729767 0.720253 -0.782013
v 6.086792 0.737503 -0.551224
v 8.073486 0.884312 -0.424980
v 9.371155 2.381458 -0.425079
v 9.137756 4.447823 -0.425079
v 7.431458 5.526638 -0.425110
v 5.195618 5.541431 -0.425110
v 2.974335 5.550747 -0.425110
v 0.745354 5.594894 -0.425110
v -1.483612 5.639046 -0.425110
v -3.712585 5.683193 -0.425110
v -5.941467 5.727345 -0.425110
v -8.170227 5.771488 -0.425110
v -10.398926 5.815639 -0.425110
v -12.627686 5.859783 -0.425110
v -14.856323 5.903927 -0.425110
v -17.085083 5.948074 -0.425110
v -19.406860 5.998798 -0.401306
v -21.525635 6.059164 -0.308838
v -7.549988 5.917519 -1.029480
v -2.757080 5.822868 -1.013855
v -7.532837 7.047485 -1.289795
v -2.739197 7.001144 -1.285339
v -7.548767 5.998390 -0.936768
v -2.755798 5.907196 -0.917175
v -7.544373 6.287704 -2.005310
v 16.433472 6.694901 -2.401428
v -12.312378 6.255966 -1.941589
v -14.416626 5.999481 -1.941589
v -15.590942 4.452652 -1.941559
v -15.405518 2.400528 -1.941574
v -13.999756 1.101898 -1.942093
v -11.838013 0.940994 -1.826843
v -9.624634 0.909546 -1.686081
v -6.341003 0.864975 -1.489662
v -4.467438 0.715374 -0.196503
v -4.385681 0.838440 -1.372696
v -0.723045 0.824783 -1.104713
v 1.501511 0.828606 -0.925537
v 3.726044 0.832436 -0.746346
v 6.083801 0.849297 -0.515343
v 8.036560 0.990772 -0.390732
v 9.261475 2.407299 -0.390900
v 9.040894 4.390182 -0.390900
v 7.428711 5.411842 -0.390869
v 5.186768 5.429073 -0.390869
v 2.973022 5.438049 -0.390869
v 0.743813 5.482201 -0.390869
v -1.485397 5.526356 -0.390869
v -3.714630 5.570511 -0.390869
v -5.943726 5.614662 -0.390869
v -8.172424 5.658810 -0.390869
v -10.401123 5.702957 -0.390869
v -12.629883 5.747101 -0.390869
v -14.858521 5.791248 -0.390869
v -17.087280 5.835392 -0.390869
v -19.408936 5.890667 -0.368469
v -21.527344 5.968714 -0.281372
v -2.751221 6.208893 -2.031433
v -7.532715 7.055862 -1.412537
v -2.739044 7.009888 -1.413391
v -7.547302 6.095787 -0.861572
v -2.754272 6.008766 -0.838867
v -7.546143 6.171112 -1.966064
v -2.753052 6.087296 -1.990540
v 16.436279 6.879364 -2.259094
v -12.302856 6.154266 -1.882935
v -14.371948 5.907639 -1.882935
v -15.491455 4.429733 -1.882965
v -15.309814 2.436401 -1.882950
v -13.968872 1.199463 -1.883759
v -11.831177 1.043533 -1.769302
v -9.626831 1.012558 -1.629044
v -6.343811 0.968002 -1.432655
v -4.469879 0.722075 -0.160057
v -4.388824 0.941452 -1.315712
v -0.727180 0.927811 -1.047813
v 1.496658 0.931633 -0.868690
v 3.720490 0.935463 -0.689552
v 6.079468 0.951988 -0.458336
v 8.002197 1.088768 -0.335152
v 9.160339 2.431114 -0.335388
v 8.951660 4.337059 -0.335388
v 7.425049 5.306240 -0.335388
v 5.178650 5.325523 -0.335388
v 2.971832 5.334187 -0.335388
v 0.742393 5.378342 -0.335388
v -1.487045 5.422501 -0.335388
v -3.716492 5.466660 -0.335388
v -5.945801 5.510815 -0.335388
v -8.174500 5.554962 -0.335388
v -10.403198 5.599110 -0.335388
v -12.631958 5.643253 -0.335388
v -14.860596 5.687401 -0.335388
v -17.089355 5.731544 -0.335388
v -19.410889 5.791016 -0.315186
v -21.529053 5.885357 -0.236816
v -7.545593 6.205978 -0.806885
v -2.752502 6.123665 -0.781799
v -7.547729 6.064407 -1.904785
v -2.754761 5.976044 -1.926697
v 6.829956 5.716736 -2.086243
v 11.621704 5.545807 -2.223999
v 6.832886 5.908566 -0.598572
v 16.438599 7.032532 -2.083496
v -12.294556 6.065903 -1.805542
v -14.333130 5.827835 -1.805542
v -15.404907 4.409836 -1.805542
v -15.226807 2.467560 -1.805542
v -13.942627 1.284454 -1.806580
v -11.826538 1.132996 -1.692841
v -9.630432 1.102463 -1.553047
v -6.347961 1.057907 -1.356697
v -4.389099 0.233658 -1.388226
v -4.393372 1.031372 -1.239777
v -0.732803 1.017731 -0.971947
v 1.490250 1.021553 -0.792892
v 3.713318 1.025379 -0.613815
v 6.073975 1.041630 -0.382347
v 7.971802 1.174540 -0.260399
v 9.071777 2.451984 -0.260666
v 8.873413 4.290495 -0.260651
v 7.420959 5.213844 -0.260681
v 5.171539 5.234762 -0.260681
v 2.970795 5.243155 -0.260681
v 0.741150 5.287312 -0.260681
v -1.488495 5.331472 -0.260681
v -3.718140 5.375631 -0.260681
v -5.947571 5.419792 -0.260681
v -8.176270 5.463940 -0.260681
v -10.405029 5.508085 -0.260681
v -12.633667 5.552231 -0.260681
v -14.862427 5.596376 -0.260681
v -17.091187 5.640522 -0.260681
v -19.412598 5.703671 -0.243530
v -21.530518 5.812292 -0.176819
v 11.625244 5.775780 -0.440430
v 6.832153 5.861313 -2.169250
v 11.624390 5.719131 -2.323486
v 6.830627 5.759254 -0.672668
v 11.622559 5.596783 -0.529297
v 6.850403 7.060135 -1.419250
v 11.646240 7.156372 -1.424316
v 16.440430 7.148483 -1.881409
v -12.287842 5.994278 -1.712280
v -14.301636 5.763153 -1.712280
v -15.334839 4.393692 -1.712311
v -15.159424 2.492813 -1.712296
v -13.921875 1.353638 -1.713547
v -11.824097 1.205948 -1.600418
v -9.635254 1.175812 -1.461014
v -6.353394 1.131248 -1.264702
v -4.391113 0.253815 -1.357113
v -4.399139 1.104721 -1.147804
v -0.739693 1.091080 -0.880074
v 1.482544 1.094902 -0.701065
v 3.704773 1.098728 -0.522072
v 6.067627 1.114784 -0.290344
v 7.946472 1.244787 -0.169327
v 8.999023 2.469114 -0.169617
v 8.809204 4.252281 -0.169617
v 7.416992 5.138134 -0.169617
v 5.165680 5.160275 -0.169617
v 2.969940 5.168444 -0.169617
v 0.740128 5.212603 -0.169617
v -1.489685 5.256765 -0.169617
v -3.719482 5.300928 -0.169617
v -5.949036 5.345091 -0.169617
v -8.177795 5.389238 -0.169617
v -10.406494 5.433386 -0.169617
v -12.635254 5.477530 -0.169617
v -14.863892 5.521677 -0.169617
v -17.092651 5.565821 -0.169617
v -19.414062 5.631988 -0.156128
v -21.531738 5.752332 -0.103760
v 6.834595 6.019302 -2.222412
v 11.627197 5.908539 -2.387207
v 6.828613 5.627281 -0.774536
v 11.620117 5.438553 -0.651428
v 6.850220 7.048790 -1.252930
v 11.645996 7.142761 -1.224915
v 6.826965 5.517708 -0.900146
v 16.441528 7.222794 -1.660522
v -12.282959 5.942139 -1.606812
v -14.278687 5.716064 -1.606812
v -15.283813 4.381943 -1.606781
v -15.110352 2.511200 -1.606796
v -13.907471 1.404327 -1.608215
v -11.824219 1.259598 -1.495575
v -9.641052 1.229752 -1.356483
v -6.359802 1.185211 -1.160217
v -4.386353 0.364975 -1.414215
v -4.405945 1.158684 -1.043343
v -0.747589 1.145050 -0.775681
v 1.473816 1.148872 -0.596764
v 3.695221 1.152695 -0.417824
v 6.060547 1.168634 -0.185837
v 7.927185 1.296814 -0.065445
v 8.945007 2.481843 -0.065750
v 8.761475 4.223886 -0.065765
v 7.413696 5.081945 -0.065765
v 5.161346 5.104927 -0.065765
v 2.969299 5.112927 -0.065765
v 0.739365 5.157088 -0.065735
v -1.490555 5.201254 -0.065735
v -3.720490 5.245420 -0.065735
v -5.950195 5.289584 -0.065735
v -8.178894 5.333731 -0.065735
v -10.407593 5.377877 -0.065735
v -12.636353 5.422023 -0.065735
v -14.864990 5.466168 -0.065735
v -17.093750 5.510314 -0.065735
v -19.415161 5.578722 -0.056458
v -21.532715 5.707776 -0.020386
v 11.618164 5.307190 -0.802002
v 6.837097 6.184631 -2.243713
v 11.630249 6.106750 -2.412781
v 6.849548 7.005219 -1.092041
v 11.645142 7.090530 -1.032043
v 6.825684 5.434738 -1.044739
v 11.616577 5.207726 -0.975342
v 16.442017 7.252594 -1.429443
v -12.280029 5.911484 -1.493103
v -14.265259 5.688385 -1.493103
v -15.253784 4.375046 -1.493103
v -15.081543 2.522003 -1.493118
v -13.900024 1.434601 -1.494644
v -11.826660 1.291855 -1.382324
v -9.647766 1.262245 -1.243484
v -6.367004 1.217705 -1.047241
v -4.384094 0.351273 -1.448666
v -4.413452 1.191185 -0.930389
v -0.756187 1.177551 -0.662811
v 1.464401 1.181377 -0.483940
v 3.684998 1.185198 -0.305092
v 6.053101 1.201115 -0.072838
v 7.914734 1.328618 0.047272
v 8.911682 2.489681 0.046951
v 8.732117 4.206401 0.046936
v 7.411499 5.047378 0.046936
v 5.158661 5.070845 0.046936
v 2.968903 5.078742 0.046936
v 0.738899 5.122904 0.046936
v -1.491104 5.167069 0.046936
v -3.721100 5.211237 0.046936
v -5.950867 5.255402 0.046936
v -8.179565 5.299548 0.046936
v -10.408203 5.343695 0.046936
v -12.636963 5.387841 0.046936
v -14.865723 5.431986 0.046936
v -17.094360 5.476132 0.046936
v -19.415771 5.545920 0.051697
v -21.533203 5.680339 0.070068
v 6.839600 6.350937 -2.232361
v 11.633301 6.306122 -2.399170
v 6.848450 6.931099 -0.942688
v 11.643799 7.001671 -0.853027
v 6.824890 5.381577 -1.202759
v 11.615601 5.143990 -1.164795
v 6.846863 6.829277 -0.810730
v 16.441772 7.236740 -1.196960
v -12.279297 5.903503 -1.375610
v -14.261719 5.681183 -1.375610
v -15.245972 4.373245 -1.375610
v -15.074097 2.524826 -1.375610
v -13.899780 1.443283 -1.377182
v -11.831421 1.301514 -1.265045
v -9.654968 1.272034 -1.126335
v -6.374695 1.227501 -0.930130
v -4.471619 0.590199 -0.149155
v -4.421417 1.200974 -0.813293
v -0.765152 1.187351 -0.545784
v 1.454681 1.191177 -0.366982
v 3.674500 1.194994 -0.188194
v 6.045593 1.210976 0.044296
v 7.909546 1.338979 0.164474
v 8.900452 2.492329 0.164154
v 8.722168 4.200497 0.164154
v 7.410706 5.035708 0.164154
v 5.157776 5.059336 0.164154
v 2.968781 5.067199 0.164154
v 0.738739 5.111361 0.164154
v -1.491287 5.155526 0.164124
v -3.721313 5.199695 0.164124
v -5.951050 5.243861 0.164185
v -8.179810 5.288007 0.164185
v -10.408447 5.332154 0.164185
v -12.637207 5.376301 0.164185
v -14.865967 5.420445 0.164185
v -17.094604 5.464589 0.164185
v -19.416016 5.534845 0.164185
v -21.533447 5.671074 0.164185
v 11.641968 6.879593 -0.694763
v 6.842041 6.511826 -2.188782
v 11.636230 6.499023 -2.346924
v 6.824585 5.360260 -1.368103
v 11.615234 5.118423 -1.363037
v 6.844971 6.703659 -0.701111
v 11.639648 6.728996 -0.563354
v 16.440796 7.175842 -0.972046
v -12.280762 5.918503 -1.258789
v -14.268311 5.694717 -1.258789
v -15.260620 4.376633 -1.258820
v -15.088135 2.519531 -1.258820
v -13.906738 1.430038 -1.260376
v -11.838257 1.288185 -1.148232
v -9.662476 1.258736 -1.009560
v -6.382629 1.214203 -0.813377
v -4.469055 0.590754 -0.186192
v -4.429535 1.187683 -0.696564
v -0.774147 1.174065 -0.429108
v 1.445007 1.177891 -0.250359
v 3.664154 1.181705 -0.071632
v 6.038269 1.197839 0.161079
v 7.911804 1.327496 0.281662
v 8.911682 2.489681 0.281357
v 8.732117 4.206400 0.281372
v 7.411499 5.047379 0.281372
v 5.158661 5.070845 0.281372
v 2.968903 5.078743 0.281372
v 0.738899 5.122904 0.281372
v -1.491104 5.167070 0.281372
v -3.721100 5.211237 0.281372
v -5.950867 5.255402 0.281372
v -8.179565 5.299547 0.281372
v -10.408203 5.343695 0.281372
v -12.636963 5.387840 0.281372
v -14.865723 5.431986 0.281372
v -17.094360 5.476131 0.281372
v -19.415771 5.545919 0.276611
v -21.533203 5.680338 0.258240
v 6.844299 6.661133 -2.114685
v 11.638916 6.678024 -2.258057
v 6.824768 5.371597 -1.534424
v 11.615479 5.132034 -1.562439
v 6.846313 6.793106 -2.012817
v 11.641357 6.836243 -2.135986
v 6.842773 6.559078 -0.618103
v 16.439209 7.072243 -0.763306
v -12.284302 5.955902 -1.147156
v -14.284790 5.728493 -1.147156
v -15.297241 4.385048 -1.147186
v -15.123291 2.506348 -1.147186
v -13.920654 1.395378 -1.148682
v -11.847046 1.252388 -1.036377
v -9.670044 1.222870 -0.897629
v -6.390381 1.178337 -0.701462
v -4.469025 0.466501 -0.200340
v -4.437500 1.151817 -0.584663
v -0.782814 1.138201 -0.317261
v 1.435760 1.142028 -0.138557
v 3.654327 1.145842 0.040115
v 6.031372 1.162209 0.273018
v 7.921509 1.294613 0.394348
v 8.945007 2.481842 0.394058
v 8.761475 4.223885 0.394073
v 7.413696 5.081947 0.394073
v 5.161346 5.104927 0.394073
v 2.969299 5.112926 0.394073
v 0.739365 5.157089 0.394043
v -1.490555 5.201252 0.394043
v -3.720490 5.245419 0.394043
v -5.950195 5.289585 0.394043
v -8.178894 5.333729 0.394043
v -10.407593 5.377876 0.394043
v -12.636353 5.422024 0.394043
v -14.864990 5.466167 0.394043
v -17.093750 5.510315 0.394043
v -19.415161 5.578720 0.384766
v -21.532715 5.707775 0.348694
v 11.637085 6.555664 -0.463928
v 6.825378 5.415176 -1.695374
v 11.616211 5.184265 -1.755371
v 6.848022 6.902695 -1.887207
v 11.643311 6.967606 -1.985352
v 6.840393 6.401089 -0.564941
v 11.634155 6.366257 -0.400146
v 16.437134 6.929916 -0.578796
v -12.289673 6.014259 -1.045044
v -14.310425 5.781197 -1.045044
v -15.354370 4.398201 -1.045044
v -15.178223 2.485764 -1.045029
v -13.941040 1.340645 -1.046387
v -11.857300 1.195488 -0.933777
v -9.677246 1.165802 -0.794853
v -6.397766 1.121277 -0.598701
v -4.471558 0.458712 -0.164112
v -4.444977 1.094757 -0.481903
v -0.790833 1.081144 -0.214554
v 1.427307 1.084970 -0.035881
v 3.645416 1.088783 0.142769
v 6.025269 1.105453 0.375793
v 7.938232 1.241592 0.498169
v 8.999023 2.469116 0.497925
v 8.809204 4.252281 0.497925
v 7.416992 5.138134 0.497925
v 5.165680 5.160275 0.497925
v 2.969940 5.168442 0.497925
v 0.740128 5.212605 0.497925
v -1.489685 5.256763 0.497925
v -3.719482 5.300930 0.497925
v -5.949036 5.345093 0.497925
v -8.177795 5.389236 0.497925
v -10.406494 5.433384 0.497925
v -12.635254 5.477531 0.497925
v -14.863892 5.521675 0.497925
v -17.092651 5.565819 0.497925
v -19.414062 5.631985 0.484436
v -21.531738 5.752331 0.432068
v 6.826538 5.489288 -1.844666
v 11.617554 5.273132 -1.934387
v 6.837891 6.235767 -0.543640
v 11.631226 6.168056 -0.374573
v 6.849243 6.985657 -1.742615
v 11.644775 7.067078 -1.812012
v 11.645752 7.130798 -1.622559
v 16.434448 6.754333 -0.425659
v -12.296997 6.091339 -0.956299
v -14.344360 5.850807 -0.956299
v -15.429810 4.415565 -0.956268
v -15.250732 2.458588 -0.956284
v -13.966919 1.267921 -0.957451
v -11.868774 1.119682 -0.844368
v -9.683899 1.089737 -0.705177
v -6.404480 1.045212 -0.509033
v -4.380646 0.478470 -1.485035
v -4.451721 1.018696 -0.392235
v -0.797890 1.005082 -0.124908
v 1.419952 1.008908 0.053741
v 3.637787 1.012720 0.232353
v 6.020020 1.029751 0.465492
v 7.961304 1.170471 0.589157
v 9.071777 2.451984 0.588974
v 8.873413 4.290493 0.588959
v 7.420959 5.213844 0.588989
v 5.171539 5.234764 0.588989
v 2.970795 5.243153 0.588989
v 0.741150 5.287312 0.588989
v -1.488495 5.331470 0.588989
v -3.718140 5.375633 0.588989
v -5.947571 5.419792 0.588989
v -8.176270 5.463936 0.588989
v -10.405029 5.508087 0.588989
v -12.633667 5.552231 0.588989
v -14.862427 5.596375 0.588989
v -17.091187 5.640522 0.588989
v -19.412598 5.703671 0.571838
v -21.530518 5.812294 0.505127
v 6.850098 7.038818 -1.584595
v 11.628174 5.968674 -0.388184
v 6.835327 6.069458 -0.554993
v 11.619385 5.395203 -2.092590
v 6.828064 5.591125 -1.976685
v 21.980225 6.673843 1.616821
v 22.001709 8.097931 -3.642883
v 16.431396 6.552250 -0.309692
v -12.305664 6.184174 -0.884338
v -14.385132 5.934647 -0.884338
v -15.520752 4.436478 -0.884338
v -15.338013 2.425850 -0.884338
v -13.997559 1.180016 -0.885284
v -11.880981 1.027878 -0.771591
v -9.689758 0.997597 -0.632072
v -6.410278 0.953072 -0.435913
v -4.383087 0.485168 -1.448582
v -4.457428 0.926550 -0.319107
v -0.803719 0.912939 -0.051781
v 1.413986 0.916766 0.126854
v 3.631683 0.920576 0.305450
v 6.015930 0.938015 0.538628
v 7.989868 1.083984 0.663818
v 9.160339 2.431114 0.663681
v 8.951660 4.337059 0.663696
v 7.425049 5.306240 0.663696
v 5.178650 5.325523 0.663696
v 2.971832 5.334187 0.663696
v 0.742393 5.378342 0.663696
v -1.487045 5.422501 0.663696
v -3.716492 5.466660 0.663696
v -5.945801 5.510815 0.663696
v -8.174500 5.554962 0.663696
v -10.403198 5.599110 0.663696
v -12.631958 5.643253 0.663696
v -14.860596 5.687401 0.663696
v -17.089355 5.731544 0.663696
v -19.410889 5.791016 0.643494
v -21.529053 5.885357 0.565125
v 21.925781 3.092285 -2.489563
v 21.970947 6.073273 1.694214
v 22.007812 8.496002 -3.186462
v 21.929932 3.361542 -3.032013
v 21.961914 5.469131 1.653015
v 22.012451 8.797363 -2.661194
v 21.952881 4.884628 1.494751
v 16.427979 6.331423 -0.235352
v -12.315552 6.289207 -0.831970
v -14.431274 6.029495 -0.831970
v -15.623535 4.460136 -0.831970
v -15.436768 2.388809 -0.831970
v -14.031616 1.080307 -0.832649
v -11.893311 0.923607 -0.718246
v -9.694580 0.892918 -0.578308
v -6.414856 0.848389 -0.382133
v -4.381470 0.609787 -1.458893
v -4.461914 0.821869 -0.265320
v -0.808083 0.808256 0.002007
v 1.409637 0.812082 0.180641
v 3.627350 0.815895 0.359253
v 6.013184 0.833767 0.592400
v 8.022888 0.985458 0.719284
v 9.261475 2.407303 0.719208
v 9.040894 4.390182 0.719208
v 7.428711 5.411842 0.719177
v 5.186768 5.429077 0.719177
v 2.973022 5.438049 0.719177
v 0.743813 5.482201 0.719177
v -1.485397 5.526352 0.719177
v -3.714630 5.570511 0.719177
v -5.943726 5.614662 0.719177
v -8.172424 5.658806 0.719177
v -10.401123 5.702957 0.719177
v -12.629883 5.747101 0.719177
v -14.858521 5.791245 0.719177
v -17.087280 5.835396 0.719177
v -19.408936 5.890667 0.696777
v -21.527344 5.968712 0.609680
v 21.935547 3.731445 -3.511475
v 22.015381 8.990509 -2.087219
v 21.944824 4.342247 1.225464
v 21.942383 4.187775 -3.909607
v 22.016602 9.067947 -1.486572
v 21.950439 4.712982 -4.210999
v 21.937500 3.862816 0.855499
v 16.424438 6.100344 -0.205566
v -12.326172 6.402390 -0.801208
v -14.481079 6.131714 -0.801208
v -15.734253 4.485634 -0.801178
v -15.543213 2.348900 -0.801178
v -14.067749 0.972618 -0.801575
v -11.905396 0.810875 -0.686394
v -9.698120 0.779728 -0.545967
v -6.418091 0.735191 -0.349785
v -4.378906 0.610352 -1.495945
v -4.464966 0.708672 -0.232956
v -0.810829 0.695057 0.034393
v 1.407089 0.698883 0.213051
v 3.625000 0.702694 0.391678
v 6.011719 0.721008 0.624756
v 8.058960 0.878670 0.753403
v 9.371155 2.381462 0.753387
v 9.137756 4.447823 0.753387
v 7.431458 5.526634 0.753418
v 5.195618 5.541428 0.753418
v 2.974335 5.550743 0.753418
v 0.745354 5.594894 0.753418
v -1.483612 5.639046 0.753418
v -3.712585 5.683197 0.753418
v -5.941467 5.727341 0.753418
v -8.170227 5.771492 0.753418
v -10.398926 5.815636 0.753418
v -12.627686 5.859779 0.753418
v -14.856323 5.903931 0.753418
v -17.085083 5.948074 0.753418
v -19.406860 5.998802 0.729614
v -21.525635 6.059162 0.637146
v 22.015869 9.026741 -0.882385
v 21.958984 5.286926 -4.404175
v 21.931396 3.464760 0.399139
v 22.013428 8.868469 -0.297791
v 21.926758 3.163376 -0.126160
v 21.968262 5.887482 -4.481628
v 22.009277 8.599206 0.244629
v 16.420898 5.867889 -0.221375
v -12.337158 6.519379 -0.793152
v -14.532471 6.237366 -0.793152
v -15.848755 4.511986 -0.793182
v -15.653198 2.307648 -0.793167
v -14.104736 0.861099 -0.793266
v -11.916870 0.694016 -0.677238
v -9.700317 0.662369 -0.536301
v -6.419861 0.617832 -0.340080
v -4.469727 0.332664 -0.204384
v -4.466522 0.591309 -0.223240
v -0.811844 0.577691 0.044144
v 1.406418 0.581516 0.222828
v 3.624664 0.585331 0.401474
v 6.011719 0.604080 0.634434
v 8.096802 0.767731 0.764885
v 9.485229 2.354591 0.764938
v 9.238464 4.507767 0.764954
v 7.433044 5.646248 0.764954
v 5.204773 5.658279 0.764954
v 2.975677 5.667946 0.764954
v 0.746956 5.712090 0.764954
v -1.481750 5.756233 0.764954
v -3.710449 5.800385 0.764954
v -5.939148 5.844528 0.764954
v -8.167908 5.888672 0.764954
v -10.396606 5.932823 0.764954
v -12.625366 5.976967 0.764954
v -14.854004 6.021111 0.764954
v -17.082764 6.065254 0.764954
v -19.404541 6.111252 0.740662
v -21.523682 6.153225 0.646423
v 21.923828 2.970253 -0.700134
v 22.003662 8.229301 0.724121
v 21.977295 6.491638 -4.440430
v 21.922607 2.892807 -1.300781
v 21.996826 7.772972 1.122253
v 21.986328 7.076111 -4.282104
v 21.923340 2.934006 -1.904999
v 16.417480 5.642998 -0.282288
v -12.348022 6.635674 -0.808228
v -14.583618 6.342392 -0.808228
v -15.962646 4.538185 -0.808228
v -15.762573 2.266640 -0.808243
v -14.140991 0.750023 -0.808014
v -11.927124 0.577515 -0.691128
v -9.701050 0.545361 -0.549671
v -6.420105 0.500816 -0.353416
v -4.467285 0.347387 -0.238392
v -4.466461 0.474289 -0.236568
v -0.811089 0.460669 0.030876
v 1.407654 0.464495 0.209595
v 3.626404 0.468307 0.388290
v 6.013123 0.487473 0.621082
v 8.134949 0.656906 0.753288
v 9.599365 2.327721 0.753387
v 9.339172 4.567719 0.753387
v 7.433228 5.766075 0.753418
v 5.213928 5.775131 0.753418
v 2.977020 5.785141 0.753418
v 0.748558 5.829285 0.753418
v -1.479889 5.873428 0.753418
v -3.708344 5.917572 0.753418
v -5.936829 5.961716 0.753418
v -8.165588 6.005859 0.753418
v -10.394287 6.050003 0.753418
v -12.622925 6.094154 0.753418
v -14.851685 6.138298 0.753418
v -17.080444 6.182442 0.753418
v -19.402344 6.223701 0.729614
v -21.521973 6.247288 0.637146
v 21.994385 7.618500 -4.012817
v 21.988770 7.247757 1.423645
v 20.133789 6.850670 0.478516
v 20.128052 6.469276 0.606873
v 20.137573 7.097046 -3.134216
v 20.142456 7.415649 -2.888367
v 20.090332 3.984039 -1.733459
v 16.414429 5.434303 -0.385925
v -12.358521 6.746811 -0.845825
v -14.632446 6.442757 -0.845825
v -16.071411 4.563217 -0.845795
v -15.867187 2.227448 -0.845795
v -14.175171 0.643669 -0.845276
v -11.935791 0.465851 -0.727558
v -9.700317 0.433189 -0.585567
v -6.418823 0.388641 -0.389290
v -4.463928 0.237993 -0.298891
v -4.464844 0.362110 -0.272404
v -0.808594 0.348487 -0.004898
v 1.410751 0.352312 0.173870
v 3.630096 0.356129 0.352612
v 6.015930 0.375664 0.585190
v 8.171875 0.550446 0.719036
v 9.709045 2.301880 0.719208
v 9.436035 4.625359 0.719208
v 7.432434 5.876755 0.719177
v 5.222778 5.887482 0.719177
v 2.978302 5.897842 0.719177
v 0.750099 5.941978 0.719177
v -1.478104 5.986122 0.719177
v -3.706299 6.030258 0.719177
v -5.934631 6.074394 0.719177
v -8.163330 6.118538 0.719177
v -10.392090 6.162689 0.719177
v -12.620728 6.206833 0.719177
v -14.849487 6.250977 0.719177
v -17.078125 6.295128 0.719177
v -19.400269 6.331825 0.696777
v -21.520020 6.337738 0.609680
v 20.091919 4.089218 -2.121918
v 20.121948 6.070179 0.658325
v 20.146484 7.680176 -2.585083
v 20.094604 4.268158 -2.482391
v 20.115845 5.668709 0.630981
v 20.149536 7.880447 -2.236023
v 20.109985 5.280293 0.525757
v 16.411621 5.249836 -0.528259
v -12.368042 6.848511 -0.904419
v -14.677124 6.534599 -0.904419
v -16.170898 4.586136 -0.904419
v -15.962769 2.191582 -0.904419
v -14.206055 0.546120 -0.903618
v -11.942627 0.363319 -0.785099
v -9.698120 0.330177 -0.642609
v -6.416016 0.285618 -0.446281
v -4.466187 0.216900 -0.268410
v -4.461700 0.259087 -0.329386
v -0.804459 0.245458 -0.061808
v 1.415604 0.249282 0.117018
v 3.635651 0.253099 0.295820
v 6.020020 0.272957 0.528158
v 8.206177 0.452446 0.663460
v 9.810120 2.278061 0.663681
v 9.525269 4.678482 0.663696
v 7.431580 5.978271 0.663696
v 5.230896 5.991035 0.663696
v 2.979492 6.001701 0.663696
v 0.751526 6.045837 0.663696
v -1.476456 6.089973 0.663696
v -3.704437 6.134106 0.663696
v -5.932556 6.178242 0.663696
v -8.161255 6.222389 0.663696
v -10.390015 6.266533 0.663696
v -12.618652 6.310680 0.663696
v -14.847412 6.354824 0.663696
v -17.076172 6.398972 0.663696
v -19.398193 6.431480 0.643494
v -21.518555 6.421097 0.565125
v 20.098389 4.513977 -2.801025
v 20.151489 8.008774 -1.854553
v 20.104492 4.919859 0.346832
v 20.102905 4.817200 -3.065582
v 20.152222 8.060242 -1.455444
v 20.108276 5.166229 -3.265869
v 20.099731 4.601262 0.100983
v 16.409302 5.096680 -0.703857
v -12.376343 6.936874 -0.981812
v -14.716064 6.614403 -0.981812
v -16.257446 4.606041 -0.981842
v -16.045898 2.160423 -0.981827
v -14.232300 0.461121 -0.980782
v -11.947388 0.273857 -0.861547
v -9.694519 0.240273 -0.718603
v -6.411865 0.195709 -0.522243
v -4.461090 0.115871 -0.353728
v -4.457153 0.169174 -0.405321
v -0.798836 0.155539 -0.137661
v 1.421997 0.159364 0.041224
v 3.642822 0.163183 0.220098
v 6.025269 0.183296 0.452175
v 8.236633 0.366676 0.588703
v 9.898743 2.257191 0.588974
v 9.603516 4.725048 0.588959
v 7.430786 6.067265 0.588989
v 5.237976 6.081795 0.588989
v 2.980560 6.092735 0.588989
v 0.752769 6.136871 0.588989
v -1.475006 6.181004 0.588989
v -3.702789 6.225132 0.588989
v -5.930786 6.269264 0.588989
v -8.159485 6.313412 0.588989
v -10.388184 6.357555 0.588989
v -12.616943 6.401703 0.588989
v -14.845581 6.445847 0.588989
v -17.074341 6.489994 0.588989
v -19.396484 6.518826 0.571838
v -21.517090 6.494160 0.505127
v 20.151855 8.032867 -1.053894
v 20.114014 5.547638 -3.394226
v 20.095703 4.336740 -0.202301
v 20.150269 7.927689 -0.665405
v 20.092651 4.136459 -0.551361
v 20.120239 5.946716 -3.445740
v 20.147461 7.748753 -0.304993
v 16.407471 4.980713 -0.905975
v -12.383057 7.008507 -1.075073
v -14.747437 6.679092 -1.075073
v -16.327515 4.622177 -1.075073
v -16.113281 2.135162 -1.075073
v -14.253052 0.391945 -1.073822
v -11.949707 0.200897 -0.953983
v -9.689758 0.166939 -0.810634
v -6.406433 0.122364 -0.614236
v -4.459106 0.142521 -0.379525
v -4.451355 0.095825 -0.497280
v -0.791946 0.082188 -0.229548
v 1.429718 0.086011 -0.050591
v 3.651367 0.089834 0.128354
v 6.031433 0.110130 0.360145
v 8.261963 0.296429 0.497629
v 9.971497 2.240063 0.497925
v 9.667725 4.763260 0.497925
v 7.429993 6.140312 0.497925
v 5.243835 6.156284 0.497925
v 2.981415 6.167446 0.497925
v 0.753792 6.211578 0.497925
v -1.473816 6.255711 0.497925
v -3.701447 6.299835 0.497925
v -5.929260 6.343967 0.497925
v -8.158020 6.388111 0.497925
v -10.386719 6.432259 0.497925
v -12.615356 6.476402 0.497925
v -14.844116 6.520550 0.497925
v -17.072876 6.564693 0.497925
v -19.395142 6.590511 0.484436
v -21.515869 6.554123 0.432068
v 20.090698 4.008125 -0.932800
v 20.143799 7.502938 0.013672
v 20.126221 6.348206 -3.418335
v 20.089844 3.956650 -1.331940
v 20.139160 7.199694 0.278198
v 20.132080 6.736603 -3.313171
v 23.815918 5.800232 -6.449280
v 16.406372 4.906410 -1.126831
v -12.387939 7.060646 -1.180542
v -14.770386 6.726181 -1.180542
v -16.378540 4.633919 -1.180573
v -16.162231 2.116776 -1.180557
v -14.267334 0.341240 -1.179157
v -11.949707 0.147263 -1.058827
v -9.683899 0.112984 -0.915169
v -6.400024 0.068405 -0.718723
v -4.452972 0.064640 -0.477181
v -4.444580 0.041866 -0.601755
v -0.784050 0.028221 -0.333928
v 1.438446 0.032044 -0.154911
v 3.660950 0.035870 0.024106
v 6.038330 0.056273 0.255634
v 8.281250 0.244400 0.393749
v 10.025513 2.227333 0.394058
v 9.715393 4.791653 0.394073
v 7.429443 6.194595 0.394043
v 5.248169 6.211632 0.394043
v 2.982056 6.222961 0.394043
v 0.754547 6.267094 0.394043
v -1.472946 6.311222 0.394043
v -3.700439 6.355347 0.394043
v -5.928162 6.399475 0.394043
v -8.156921 6.443619 0.394043
v -10.385620 6.487766 0.394043
v -12.614258 6.531910 0.394043
v -14.843018 6.576057 0.394043
v -17.071777 6.620201 0.394043
v -19.394043 6.643776 0.384766
v -21.514893 6.598677 0.348694
v 23.801025 4.816956 -6.322479
v 23.786621 3.877319 -6.006226
v 23.773682 3.017456 -5.512756
v 23.762207 2.270325 -4.860977
v 23.753174 1.664734 -4.075958
v 23.746338 1.223877 -3.187859
v 23.742432 0.964752 -2.230812
v 16.405884 4.876602 -1.357941
v -12.390869 7.091293 -1.294250
v -14.783936 6.753860 -1.294250
v -16.408569 4.640823 -1.294250
v -16.191162 2.105972 -1.294250
v -14.274780 0.310974 -1.292728
v -11.947266 0.114990 -1.172076
v -9.677246 0.080490 -1.028179
v -6.392822 0.035904 -0.831698
v -4.454590 0.033455 -0.457071
v -4.437073 0.009361 -0.714706
v -0.775452 -0.004284 -0.446807
v 1.447861 -0.000463 -0.267719
v 3.671173 0.003365 -0.088631
v 6.045715 0.023789 0.142635
v 8.293701 0.212597 0.281038
v 10.058777 2.219496 0.281357
v 9.744812 4.809139 0.281372
v 7.429077 6.228024 0.281372
v 5.250854 6.245714 0.281372
v 2.982452 6.257147 0.281372
v 0.755020 6.301277 0.281372
v -1.472397 6.345404 0.281372
v -3.699829 6.389528 0.281372
v -5.927490 6.433657 0.281372
v -8.156189 6.477802 0.281372
v -10.384888 6.521948 0.281372
v -12.613647 6.566093 0.281372
v -14.842285 6.610239 0.281372
v -17.071045 6.654385 0.281372
v -19.393433 6.676577 0.276611
v -21.514404 6.626114 0.258240
v 23.741455 0.897285 -1.241585
v 23.743408 1.024090 -0.258209
v 23.748047 1.340279 0.681534
v 23.755615 1.833710 1.541519
v 23.765625 2.485397 2.288712
v 23.777344 3.270325 2.894379
v 23.791016 4.158325 3.335297
v 16.406128 4.892456 -1.590424
v -12.391602 7.099274 -1.411743
v -14.787354 6.761063 -1.411743
v -16.416382 4.642624 -1.411743
v -16.198608 2.103165 -1.411743
v -14.275024 0.302292 -1.410185
v -11.942383 0.105331 -1.289354
v -9.669983 0.070709 -1.145314
v -6.385132 0.026115 -0.948809
v -4.446991 -0.027176 -0.574444
v -4.429077 -0.000427 -0.831793
v -0.766487 -0.014084 -0.563823
v 1.457581 -0.010262 -0.384687
v 3.681641 -0.006432 -0.205527
v 6.053345 0.013931 0.025488
v 8.298889 0.202236 0.163832
v 10.070007 2.216848 0.164154
v 9.754700 4.815044 0.164154
v 7.428894 6.239311 0.164185
v 5.251770 6.257223 0.164185
v 2.982574 6.268691 0.164185
v 0.755173 6.312820 0.164185
v -1.472214 6.356948 0.164185
v -3.699615 6.401070 0.164185
v -5.927246 6.445197 0.164185
v -8.156006 6.489343 0.164185
v -10.384644 6.533489 0.164185
v -12.613403 6.577634 0.164185
v -14.842163 6.621780 0.164185
v -17.070801 6.665926 0.164185
v -19.393188 6.687651 0.164185
v -21.514160 6.635379 0.164185
v 23.805420 5.115265 3.594421
v 23.820557 6.104370 3.661926
v 23.835449 7.087646 3.535095
v 23.849609 8.027283 3.218872
v 23.862793 8.887177 2.725403
v 23.874023 9.634277 2.073608
v 23.883301 10.239883 1.288574
v 16.407104 4.953354 -1.815338
v -12.390137 7.084274 -1.528564
v -14.780762 6.747513 -1.528564
v -16.401733 4.639252 -1.528564
v -16.184448 2.108444 -1.528564
v -14.268066 0.315536 -1.526999
v -11.935547 0.118668 -1.406167
v -9.662476 0.084007 -1.262091
v -6.377197 0.039406 -1.065563
v -4.445770 0.007343 -0.588106
v -4.420959 0.012863 -0.948535
v -0.757500 -0.000793 -0.680505
v 1.467255 0.003025 -0.501309
v 3.691986 0.006859 -0.322090
v 6.060791 0.027077 -0.091277
v 8.296570 0.213718 0.046637
v 10.058777 2.219495 0.046951
v 9.744812 4.809140 0.046936
v 7.429077 6.228023 0.046936
v 5.250854 6.245714 0.046936
v 2.982452 6.257147 0.046936
v 0.755020 6.301277 0.046936
v -1.472397 6.345404 0.046936
v -3.699829 6.389529 0.046936
v -5.927490 6.433656 0.046936
v -8.156189 6.477802 0.046936
v -10.384888 6.521948 0.046936
v -12.613647 6.566093 0.046936
v -14.842285 6.610239 0.046936
v -17.071045 6.654385 0.046936
v -19.393433 6.676576 0.051697
v -21.514404 6.626113 0.070068
v 23.889893 10.680721 0.400513
v 23.894043 10.939854 -0.556519
v 23.895020 11.007309 -1.545776
v 23.893066 10.880524 -2.529175
v 23.888184 10.564331 -3.468872
v 23.880859 10.070892 -4.328857
v 23.870850 9.419189 -5.076111
v 16.408691 5.056961 -2.024048
v -12.386719 7.046875 -1.640198
v -14.764404 6.713745 -1.640198
v -16.365112 4.630814 -1.640198
v -16.149292 2.121628 -1.640182
v -14.254150 0.350189 -1.638699
v -11.926758 0.154465 -1.518022
v -9.654968 0.119873 -1.374028
v -6.369446 0.075279 -1.177476
v -4.437805 -0.027168 -0.708030
v -4.413025 0.048729 -1.060437
v -0.748825 0.035065 -0.792347
v 1.476501 0.038887 -0.613104
v 3.701813 0.042721 -0.433849
v 6.067871 0.062721 -0.203203
v 8.286865 0.246602 -0.066040
v 10.025513 2.227333 -0.065750
v 9.715393 4.791654 -0.065765
v 7.429443 6.194593 -0.065735
v 5.248169 6.211632 -0.065735
v 2.982056 6.222960 -0.065735
v 0.754547 6.267092 -0.065735
v -1.472946 6.311220 -0.065735
v -3.700439 6.355346 -0.065735
v -5.928162 6.399474 -0.065735
v -8.156921 6.443621 -0.065735
v -10.385620 6.487765 -0.065735
v -12.614258 6.531912 -0.065735
v -14.843018 6.576056 -0.065735
v -17.071777 6.620202 -0.065735
v -19.394043 6.643775 -0.056458
v -21.514893 6.598677 -0.020386
v 23.858887 8.634277 -5.681763
v 23.845459 7.746277 -6.122620
v 23.830811 6.789307 -6.381836
v 2.053696 6.904236 -1.673218
v 2.054337 6.946823 -1.546631
v 2.044571 6.303482 -0.712708
v 2.042542 6.170250 -0.721802
v 16.410767 5.199295 -2.208557
v -12.381226 6.988510 -1.742310
v -14.738647 6.661041 -1.742310
v -16.307983 4.617676 -1.742340
v -16.094482 2.142212 -1.742340
v -14.233887 0.404922 -1.740978
v -11.916504 0.211365 -1.620625
v -9.647705 0.176941 -1.476799
v -6.362061 0.132339 -1.280234
v -4.438538 -0.063698 -0.701366
v -4.405518 0.105789 -1.163195
v -0.740807 0.092125 -0.895070
v 1.484955 0.095947 -0.715791
v 3.710724 0.099781 -0.536488
v 6.074280 0.119493 -0.305973
v 8.270203 0.299622 -0.169859
v 9.971497 2.240063 -0.169617
v 9.667725 4.763260 -0.169617
v 7.429993 6.140312 -0.169617
v 5.243835 6.156284 -0.169617
v 2.981415 6.167446 -0.169617
v 0.753792 6.211580 -0.169617
v -1.473816 6.255709 -0.169617
v -3.701447 6.299837 -0.169617
v -5.929260 6.343966 -0.169617
v -8.158020 6.388113 -0.169617
v -10.386719 6.432259 -0.169617
v -12.615356 6.476404 -0.169617
v -14.844116 6.520550 -0.169617
v -17.072876 6.564695 -0.169617
v -19.395142 6.590511 -0.156128
v -21.515869 6.554122 -0.103760
v 2.035477 5.705460 -1.755005
v 2.036728 5.787033 -1.860718
v 2.046570 6.435928 -0.729797
v 2.052673 6.837769 -1.789062
v 2.034576 5.646072 -1.635376
v 2.048492 6.562492 -0.772400
v 2.051346 6.749985 -1.889709
v 16.413452 5.374863 -2.361694
v -12.373901 6.911438 -1.831116
v -14.704834 6.591431 -1.831116
v -16.232544 4.600311 -1.831085
v -16.021973 2.169388 -1.831085
v -14.207886 0.477646 -1.829910
v -11.905029 0.287170 -1.710032
v -9.641052 0.253006 -1.566467
v -6.355347 0.208405 -1.369904
v -4.429565 -0.074699 -0.832938
v -4.398804 0.181854 -1.252851
v -0.733749 0.168182 -0.984715
v 1.492310 0.172005 -0.805412
v 3.718353 0.175842 -0.626085
v 6.079712 0.195210 -0.395641
v 8.247070 0.370741 -0.260853
v 9.898743 2.257191 -0.260666
v 9.603516 4.725046 -0.260651
v 7.430786 6.067265 -0.260681
v 5.237976 6.081797 -0.260681
v 2.980560 6.092737 -0.260681
v 0.752769 6.136869 -0.260681
v -1.475006 6.181004 -0.260681
v -3.702789 6.225134 -0.260681
v -5.930786 6.269266 -0.260681
v -8.159485 6.313410 -0.260681
v -10.388184 6.357557 -0.260681
v -12.616943 6.401705 -0.260681
v -14.845581 6.445848 -0.260681
v -17.074341 6.489996 -0.260681
v -19.396484 6.518826 -0.243530
v -21.517090 6.494160 -0.176819
v 2.034058 5.611176 -1.506470
v 2.049744 6.644257 -1.971313
v 2.050262 6.678322 -0.838867
v 2.033905 5.602081 -1.373169
v 2.047928 6.524643 -2.030701
v 2.051788 6.778954 -0.926636
v 2.034180 5.619171 -1.240723
v 16.416504 5.576950 -2.477661
v -12.365234 6.818604 -1.903015
v -14.664062 6.507584 -1.903015
v -16.141724 4.579391 -1.903046
v -15.934692 2.202133 -1.903030
v -14.177368 0.565552 -1.902077
v -11.892944 0.378967 -1.782810
v -9.635193 0.345139 -1.639591
v -6.349548 0.300537 -1.443027
v -4.429321 -0.037567 -0.832366
v -4.393097 0.273987 -1.325987
v -0.727928 0.260330 -1.057825
v 1.498276 0.264153 -0.878523
v 3.724457 0.267982 -0.699184
v 6.083984 0.286961 -0.468765
v 8.218506 0.457230 -0.335514
v 9.810120 2.278065 -0.335388
v 9.525269 4.678482 -0.335388
v 7.431580 5.978271 -0.335388
v 5.230896 5.991035 -0.335388
v 2.979492 6.001701 -0.335388
v 0.751526 6.045837 -0.335388
v -1.476456 6.089973 -0.335388
v -3.704437 6.134106 -0.335388
v -5.932556 6.178242 -0.335388
v -8.161255 6.222389 -0.335388
v -10.390015 6.266537 -0.335388
v -12.618652 6.310680 -0.335388
v -14.847412 6.354828 -0.335388
v -17.076172 6.398972 -0.335388
v -19.398193 6.431480 -0.315186
v -21.518555 6.421095 -0.236816
v 2.053024 6.860535 -1.032410
v 2.045975 6.395737 -2.065613
v 2.034821 5.661758 -1.114136
v 2.053925 6.919914 -1.152039
v 2.043945 6.262512 -2.074646
v 2.035828 5.728218 -0.998291
v 2.054459 6.954819 -1.280945
v 16.419922 5.797791 -2.552002
v -12.355347 6.713577 -1.955383
v -14.617798 6.412735 -1.955383
v -16.038818 4.555740 -1.955414
v -15.835815 2.239166 -1.955399
v -14.143311 0.665268 -1.954720
v -11.880493 0.483246 -1.836143
v -9.630432 0.449829 -1.693344
v -6.344971 0.405228 -1.496803
v -4.378967 0.741837 -1.480980
v -4.388611 0.378677 -1.379776
v -0.723557 0.365013 -1.111626
v 1.502625 0.368835 -0.932312
v 3.728790 0.372665 -0.752972
v 6.086914 0.391220 -0.522530
v 8.185547 0.555759 -0.390980
v 9.709045 2.301876 -0.390900
v 9.436035 4.625359 -0.390900
v 7.432434 5.876759 -0.390869
v 5.222778 5.887486 -0.390869
v 2.978302 5.897839 -0.390869
v 0.750099 5.941982 -0.390869
v -1.478104 5.986118 -0.390869
v -3.706299 6.030258 -0.390869
v -5.934631 6.074394 -0.390869
v -8.163330 6.118542 -0.390869
v -10.392090 6.162689 -0.390869
v -12.620728 6.206833 -0.390869
v -14.849487 6.250977 -0.390869
v -17.078125 6.295124 -0.390869
v -19.400269 6.331829 -0.368469
v -21.520020 6.337736 -0.281372
v 2.037155 5.816002 -0.897644
v 2.041931 6.130066 -2.057556
v 2.054596 6.963898 -1.414185
v 2.038773 5.921738 -0.816101
v 2.040009 6.003494 -2.015015
v 2.040588 6.041351 -0.756714
v 2.038254 5.887665 -1.948547
v 16.423462 6.028870 -2.581848
v -12.344727 6.600388 -1.986206
v -14.568115 6.310532 -1.986206
v -15.928101 4.530243 -1.986176
v -15.729370 2.279083 -1.986176
v -14.107178 0.772949 -1.985786
v -11.868408 0.595978 -1.868008
v -9.626831 0.563019 -1.725685
v -6.341736 0.518417 -1.529167
v -4.381500 0.734039 -1.444756
v -4.385559 0.491867 -1.412140
v -0.720810 0.478210 -1.144012
v 1.505173 0.482033 -0.964710
v 3.731140 0.485870 -0.785397
v 6.088440 0.503979 -0.554882
v 8.149414 0.662544 -0.425102
v 9.599365 2.327717 -0.425079
v 9.339172 4.567715 -0.425079
v 7.433228 5.766071 -0.425110
v 5.213928 5.775127 -0.425110
v 2.977020 5.785145 -0.425110
v 0.748558 5.829285 -0.425110
v -1.479889 5.873428 -0.425110
v -3.708344 5.917572 -0.425110
v -5.936829 5.961716 -0.425110
v -8.165588 6.005859 -0.425110
v -10.394287 6.050007 -0.425110
v -12.622925 6.094151 -0.425110
v -14.851685 6.138294 -0.425110
v -17.080444 6.182442 -0.425110
v -19.402344 6.223698 -0.401306
v -21.521973 6.247288 -0.308838
v 6.971497 0.729103 0.719803
v 6.970215 0.841591 0.687302
v 6.970215 0.945576 0.633385
v 6.971558 1.037052 0.560097
v 6.974182 1.112514 0.470284
v 6.978027 1.169060 0.367371
v 6.982910 1.204517 0.255325
v 6.988647 1.217525 0.138451
v 6.995117 1.207583 0.021248
v 7.002014 1.175077 -0.091789
v 7.009094 1.121252 -0.196312
v 7.015991 1.048178 -0.288307
v 7.022583 0.958660 -0.364227
v 7.028442 0.856140 -0.421173
v 7.033447 0.744556 -0.456963
v 7.037292 0.628193 -0.470196
v -12.991577 0.613617 -1.940510
v -13.009277 0.501572 -1.908897
v -13.026611 0.397888 -1.855778
v -13.042847 0.306580 -1.783178
v -13.057373 0.231155 -1.693914
v -13.069702 0.174500 -1.591394
v -13.079346 0.138809 -1.479576
v -13.085937 0.125427 -1.362751
v -13.089111 0.134903 -1.245401
v -13.088867 0.166840 -1.132033
v -13.085083 0.220032 -1.027021
v -13.078125 0.292427 -0.934397
v -13.067993 0.381241 -0.857697
v -13.055298 0.483070 -0.799904
v -13.040405 0.593987 -0.763210
v -13.023926 0.709740 -0.749039
v -13.006592 0.825874 -0.757935
v -12.988892 0.937935 -0.789543
v -12.971558 1.041611 -0.842674
v -12.955200 1.132919 -0.915260
v -12.940674 1.208344 -1.004539
v -12.928345 1.264999 -1.107048
v -12.918701 1.300697 -1.218872
v -12.912109 1.314072 -1.335709
v -12.908936 1.304596 -1.453049
v -12.909180 1.272659 -1.566406
v -12.912964 1.219467 -1.671417
v -12.919922 1.147079 -1.764061
v -12.930054 1.058258 -1.840744
v -12.942749 0.956436 -1.898552
v -12.957642 0.845520 -1.935242
v -12.974121 0.729767 -1.949402
v -13.462280 6.613922 -1.986206
v -13.476929 6.726654 -1.955383
v -13.490601 6.831268 -1.903015
v -13.502563 6.923737 -1.831116
v -13.512573 7.000519 -1.742310
v -13.520020 7.058640 -1.640198
v -13.524902 7.095901 -1.528564
v -13.526855 7.110840 -1.411743
v -13.525757 7.102890 -1.294250
v -13.521851 7.072357 -1.180542
v -13.515137 7.020424 -1.075073
v -13.505859 6.949081 -0.981812
v -13.494385 6.861069 -0.904419
v -13.481201 6.759766 -0.845825
v -13.466919 6.649071 -0.808228
v -13.451904 6.533234 -0.793152
v -13.436768 6.416710 -0.801208
v -13.422119 6.303970 -0.831970
v -13.408569 6.199364 -0.884338
v -13.396484 6.106888 -0.956299
v -13.386597 6.030121 -1.045044
v -13.379028 5.971985 -1.147156
v -13.374146 5.934738 -1.258789
v -13.372192 5.919800 -1.375610
v -13.373291 5.927750 -1.493103
v -13.377197 5.958282 -1.606812
v -13.383911 6.010208 -1.712280
v -13.393188 6.081558 -1.805542
v -13.404663 6.169571 -1.882935
v -13.417847 6.270874 -1.941589
v -13.432129 6.381561 -1.979126
v -13.447144 6.497406 -1.994202
v 8.556335 5.418224 -0.425110
v 8.612671 5.515835 -0.390869
v 8.664612 5.605793 -0.335388
v 8.710144 5.684645 -0.260681
v 8.747498 5.749353 -0.169617
v 8.775208 5.797439 -0.065735
v 8.792297 5.827047 0.046936
v 8.798096 5.837047 0.164185
v 8.792297 5.827047 0.281372
v 8.775208 5.797440 0.394043
v 8.747498 5.749355 0.497925
v 8.710144 5.684647 0.588989
v 8.664612 5.605793 0.663696
v 8.612671 5.515839 0.719177
v 8.556335 5.418228 0.753418
v 8.497742 5.316711 0.764954
v 8.439148 5.215202 0.753418
v 8.382813 5.117592 0.719177
v 8.330933 5.027634 0.663696
v 8.285400 4.948784 0.588959
v 8.248047 4.884071 0.497925
v 8.220276 4.835987 0.394073
v 8.203186 4.806379 0.281372
v 8.197449 4.796381 0.164154
v 8.203186 4.806379 0.046936
v 8.220276 4.835988 -0.065765
v 8.248047 4.884073 -0.169617
v 8.285400 4.948784 -0.260651
v 8.330933 5.027634 -0.335388
v 8.382813 5.117592 -0.390900
v 8.439148 5.215202 -0.425110
v 8.497742 5.316711 -0.436646
v 9.570740 3.462852 -0.436646
v 9.453857 3.454113 -0.425079
v 9.341492 3.445705 -0.390900
v 9.237915 3.437958 -0.335388
v 9.147156 3.431164 -0.260651
v 9.072632 3.425591 -0.169617
v 9.017273 3.421448 -0.065765
v 8.983154 3.418897 0.046936
v 8.971680 3.418036 0.164154
v 8.983154 3.418896 0.281372
v 9.017273 3.421448 0.394073
v 9.072632 3.425591 0.497925
v 9.147156 3.431164 0.588959
v 9.237915 3.437954 0.663696
v 9.341492 3.445709 0.719208
v 9.453857 3.454117 0.753387
v 9.570740 3.462860 0.764954
v 9.687622 3.471603 0.753387
v 9.800049 3.480011 0.719208
v 9.903625 3.487762 0.663696
v 9.994385 3.494553 0.588959
v 10.068909 3.500130 0.497925
v 10.124268 3.504269 0.394073
v 10.158386 3.506821 0.281372
v 10.169861 3.507682 0.164154
v 10.158386 3.506821 0.046936
v 10.124268 3.504270 -0.065765
v 10.068909 3.500128 -0.169617
v 9.994385 3.494553 -0.260651
v 9.903625 3.487762 -0.335388
v 9.800049 3.480011 -0.390900
v 9.687622 3.471603 -0.425079
v 9.009338 1.362167 -0.436646
v 8.919312 1.437260 -0.425079
v 8.832764 1.509460 -0.390900
v 8.753052 1.576000 -0.335388
v 8.683105 1.634323 -0.260666
v 8.625732 1.682186 -0.169617
v 8.583130 1.717753 -0.065750
v 8.556885 1.739655 0.046951
v 8.548035 1.747051 0.164154
v 8.556885 1.739655 0.281357
v 8.583130 1.717754 0.394058
v 8.625732 1.682186 0.497925
v 8.683105 1.634323 0.588974
v 8.753052 1.576004 0.663681
v 8.832764 1.509460 0.719208
v 8.919312 1.437263 0.753387
v 9.009338 1.362175 0.764938
v 9.099304 1.287086 0.753387
v 9.185852 1.214890 0.719200
v 9.265625 1.148354 0.663689
v 9.335510 1.090027 0.588966
v 9.392883 1.042164 0.497925
v 9.435547 1.006596 0.394058
v 9.461792 0.984695 0.281357
v 9.470642 0.977300 0.164154
v 9.461792 0.984695 0.046944
v 9.435547 1.006597 -0.065758
v 9.392883 1.042162 -0.169624
v 9.335510 1.090027 -0.260658
v 9.265625 1.148350 -0.335381
v 9.185852 1.214890 -0.390900
v 9.099304 1.287090 -0.425079
v -15.039062 1.395874 -1.994202
v -14.959106 1.481094 -1.979141
v -14.882812 1.562561 -1.941574
v -14.812988 1.637100 -1.882950
v -14.752319 1.701859 -1.805542
v -14.703125 1.754364 -1.712280
v -14.667358 1.792572 -1.606796
v -14.646240 1.815033 -1.493118
v -14.640747 1.820892 -1.375610
v -14.651123 1.809898 -1.258820
v -14.676758 1.782486 -1.147186
v -14.716797 1.739708 -1.045029
v -14.769775 1.683220 -0.956284
v -14.833496 1.615173 -0.884338
v -14.905640 1.538193 -0.831970
v -14.983398 1.455238 -0.801178
v -15.063721 1.369499 -0.793167
v -15.143555 1.284264 -0.808235
v -15.219971 1.202805 -0.845802
v -15.289795 1.128265 -0.904419
v -15.350464 1.063499 -0.981827
v -15.399658 1.011002 -1.075073
v -15.435425 0.972786 -1.180565
v -15.456543 0.950317 -1.294250
v -15.462036 0.944473 -1.411743
v -15.451660 0.955460 -1.528557
v -15.426025 0.982880 -1.640190
v -15.385864 1.025650 -1.742340
v -15.333008 1.082138 -1.831085
v -15.269287 1.150192 -1.903030
v -15.197144 1.227173 -1.955399
v -15.119385 1.310120 -1.986176
v -15.848999 3.399887 -1.994202
v -15.732666 3.410339 -1.979126
v -15.621582 3.420319 -1.941559
v -15.519775 3.429443 -1.882965
v -15.431396 3.437378 -1.805542
v -15.359741 3.443802 -1.712280
v -15.307617 3.448486 -1.606781
v -15.276978 3.451248 -1.493103
v -15.268921 3.451950 -1.375610
v -15.283936 3.450607 -1.258820
v -15.321411 3.447250 -1.147186
v -15.379761 3.442017 -1.045044
v -15.456787 3.435097 -0.956268
v -15.549683 3.426758 -0.884338
v -15.654785 3.417328 -0.831970
v -15.768066 3.407166 -0.801178
v -15.885010 3.396660 -0.793182
v -16.001343 3.386215 -0.808228
v -16.112549 3.376244 -0.845795
v -16.214355 3.367111 -0.904419
v -16.302734 3.359177 -0.981842
v -16.374390 3.352745 -1.075073
v -16.426514 3.348061 -1.180573
v -16.457153 3.345306 -1.294250
v -16.465210 3.344589 -1.411743
v -16.450195 3.345947 -1.528564
v -16.412720 3.349304 -1.640198
v -16.354370 3.354538 -1.742340
v -16.277222 3.361465 -1.831085
v -16.184326 3.369797 -1.903046
v -16.079346 3.379227 -1.955414
v -15.966064 3.389389 -1.986176
v -15.332886 5.490707 -1.994202
v -15.239258 5.420868 -1.979126
v -15.149780 5.354111 -1.941589
v -15.067871 5.293045 -1.882935
v -14.996826 5.239975 -1.805542
v -14.939087 5.196945 -1.712280
v -14.897095 5.165634 -1.606812
v -14.872437 5.147232 -1.493103
v -14.866089 5.142441 -1.375610
v -14.878052 5.151443 -1.258789
v -14.908203 5.173904 -1.147156
v -14.955200 5.208954 -1.045044
v -15.017212 5.255249 -0.956299
v -15.092041 5.311005 -0.884338
v -15.176514 5.374077 -0.831970
v -15.267700 5.442047 -0.801208
v -15.361816 5.512306 -0.793152
v -15.455444 5.582153 -0.808228
v -15.544922 5.648895 -0.845825
v -15.626831 5.709976 -0.904419
v -15.697998 5.763039 -0.981812
v -15.755615 5.806061 -1.075073
v -15.797607 5.837372 -1.180542
v -15.822266 5.855774 -1.294250
v -15.828735 5.860565 -1.411743
v -15.816650 5.851562 -1.528564
v -15.786499 5.829102 -1.640198
v -15.739502 5.794052 -1.742310
v -15.677490 5.747757 -1.831116
v -15.602783 5.692001 -1.903015
v -15.518188 5.628937 -1.955383
v -15.427124 5.560959 -1.986206
v -17.991821 6.083267 -0.436646
v -17.994141 5.966080 -0.425110
v -17.996338 5.853397 -0.390869
v -17.998413 5.749554 -0.335388
v -18.000244 5.658529 -0.260681
v -18.001709 5.583828 -0.169617
v -18.002808 5.528321 -0.065735
v -18.003418 5.494139 0.046936
v -18.003662 5.482597 0.164185
v -18.003418 5.494139 0.281372
v -18.002808 5.528320 0.394043
v -18.001709 5.583828 0.497925
v -18.000244 5.658527 0.588989
v -17.998413 5.749550 0.663696
v -17.996338 5.853401 0.719177
v -17.994141 5.966080 0.753418
v -17.991821 6.083267 0.764954
v -17.989502 6.200447 0.753418
v -17.987305 6.313133 0.719177
v -17.985229 6.416977 0.663696
v -17.983398 6.507999 0.588989
v -17.981934 6.582703 0.497925
v -17.980835 6.638210 0.394043
v -17.980103 6.672392 0.281372
v -17.979858 6.683932 0.164185
v -17.980103 6.672392 0.046936
v -17.980835 6.638210 -0.065735
v -17.981934 6.582703 -0.169617
v -17.983398 6.508001 -0.260681
v -17.985229 6.416977 -0.335388
v -17.987305 6.313129 -0.390869
v -17.989502 6.200451 -0.425110
v -23.173340 5.966530 -0.938477
v -23.177490 5.755676 -0.874512
v -23.181396 5.561356 -0.770630
v -23.184814 5.391022 -0.630798
v -23.187500 5.251240 -0.460449
v -23.189453 5.147371 -0.266052
v -23.190918 5.083410 -0.055176
v -23.191162 5.061811 0.164154
v -23.190918 5.083408 0.383484
v -23.189453 5.147369 0.594360
v -23.187500 5.251244 0.788757
v -23.184814 5.391022 0.959106
v -23.181396 5.561348 1.098938
v -23.177490 5.755676 1.202820
v -23.173340 5.966530 1.266785
v -23.168945 6.185814 1.288391
v -23.164551 6.405090 1.266785
v -23.160400 6.615952 1.202820
v -23.156494 6.810272 1.098938
v -23.153320 6.980598 0.959106
v -23.150391 7.120384 0.788757
v -23.148438 7.224255 0.594360
v -23.147217 7.288216 0.383484
v -23.146729 7.309815 0.164185
v -23.147217 7.288216 -0.055176
v -23.148438 7.224257 -0.266052
v -23.150391 7.120388 -0.460449
v -23.153320 6.980598 -0.630798
v -23.156494 6.810272 -0.770630
v -23.160400 6.615952 -0.874512
v -23.164551 6.405090 -0.938477
v -23.168945 6.185814 -0.960083
v -21.756592 6.157835 -0.318115
v -21.758545 6.063772 -0.308838
v -21.760254 5.973326 -0.281372
v -21.761963 5.889967 -0.236816
v -21.763428 5.816904 -0.176819
v -21.764404 5.756942 -0.103760
v -21.765381 5.712385 -0.020386
v -21.765869 5.684948 0.070068
v -21.766113 5.675685 0.164185
v -21.765869 5.684948 0.258240
v -21.765381 5.712385 0.348694
v -21.764404 5.756939 0.432068
v -21.763428 5.816902 0.505127
v -21.761963 5.889969 0.565125
v -21.760254 5.973324 0.609680
v -21.758545 6.063774 0.637146
v -21.756592 6.157837 0.646423
v -21.754639 6.251900 0.637146
v -21.752930 6.342346 0.609680
v -21.751221 6.425705 0.565125
v -21.749756 6.498768 0.505127
v -21.748535 6.558731 0.432068
v -21.747803 6.603289 0.348694
v -21.747314 6.630724 0.258240
v -21.747070 6.639990 0.164185
v -21.747314 6.630725 0.070068
v -21.747803 6.603288 -0.020386
v -21.748535 6.558732 -0.103760
v -21.749756 6.498770 -0.176819
v -21.751221 6.425707 -0.236816
v -21.752930 6.342348 -0.281372
v -21.754639 6.251900 -0.308838
v -20.815918 6.139206 -0.380859
v -20.818115 6.032898 -0.370422
v -20.820068 5.930676 -0.339355
v -20.822021 5.836468 -0.289001
v -20.823730 5.753893 -0.221252
v -20.824951 5.686124 -0.138672
v -20.825928 5.635769 -0.044434
v -20.826660 5.604761 0.057800
v -20.826904 5.594292 0.164185
v -20.826660 5.604761 0.270447
v -20.825928 5.635769 0.372742
v -20.824951 5.686123 0.466980
v -20.823730 5.753891 0.549561
v -20.822021 5.836468 0.617310
v -20.820068 5.930676 0.667725
v -20.818115 6.032898 0.698730
v -20.815918 6.139206 0.709167
v -20.813965 6.245514 0.698730
v -20.812012 6.347736 0.667725
v -20.810059 6.441944 0.617310
v -20.808350 6.524521 0.549561
v -20.807129 6.592285 0.466980
v -20.806152 6.642643 0.372742
v -20.805420 6.673651 0.270508
v -20.805176 6.684122 0.164185
v -20.805420 6.673651 0.057800
v -20.806152 6.642643 -0.044434
v -20.807129 6.592286 -0.138672
v -20.808350 6.524521 -0.221252
v -20.810059 6.441944 -0.289001
v -20.812012 6.347736 -0.339355
v -20.813965 6.245514 -0.370422
v -23.251953 5.968094 -0.938477
v -23.256104 5.757233 -0.874512
v -23.260010 5.562912 -0.770630
v -23.263428 5.392586 -0.630798
v -23.266113 5.252800 -0.460449
v -23.268311 5.148932 -0.266052
v -23.269531 5.084968 -0.055176
v -23.270020 5.063371 0.164154
v -23.269531 5.084969 0.383484
v -23.268311 5.148930 0.594360
v -23.266113 5.252800 0.788757
v -23.263428 5.392586 0.959106
v -23.260010 5.562912 1.098938
v -23.256104 5.757233 1.202820
v -23.251953 5.968094 1.266785
v -23.247803 6.187370 1.288391
v -23.243408 6.406654 1.266785
v -23.239258 6.617508 1.202820
v -23.235352 6.811836 1.098938
v -23.231934 6.982162 0.959106
v -23.229248 7.121948 0.788757
v -23.227051 7.225815 0.594360
v -23.225830 7.289776 0.383484
v -23.225342 7.311375 0.164185
v -23.225830 7.289775 -0.055176
v -23.227051 7.225813 -0.266052
v -23.229248 7.121944 -0.460449
v -23.231934 6.982162 -0.630798
v -23.235352 6.811836 -0.770630
v -23.239258 6.617508 -0.874512
v -23.243408 6.406654 -0.938477
v -23.247803 6.187370 -0.960083
v -23.146729 5.996399 -0.785706
v -23.125732 6.004974 -0.740479
v -23.150391 5.814751 -0.730591
v -23.129150 5.831978 -0.687988
v -23.153809 5.647346 -0.641113
v -23.132324 5.672543 -0.602783
v -23.156738 5.500614 -0.520691
v -23.135010 5.532799 -0.488037
v -23.158936 5.380196 -0.373901
v -23.137451 5.418110 -0.348267
v -23.160889 5.290716 -0.206482
v -23.139160 5.332891 -0.188843
v -23.161865 5.235614 -0.024780
v -23.140137 5.280412 -0.015808
v -23.162354 5.217010 0.164124
v -23.140381 5.262692 0.164185
v -23.161865 5.235613 0.353088
v -23.140137 5.280413 0.344116
v -23.160889 5.290714 0.534790
v -23.139160 5.332890 0.517151
v -23.158936 5.380196 0.702209
v -23.137451 5.418110 0.676575
v -23.156738 5.500618 0.848999
v -23.135010 5.532799 0.816345
v -23.153809 5.647346 0.969421
v -23.132324 5.672546 0.931091
v -23.150391 5.814751 1.058899
v -23.129150 5.831978 1.016296
v -23.146729 5.996399 1.114014
v -23.125732 6.004974 1.068787
v -23.143066 6.185303 1.132629
v -23.122314 6.184891 1.086548
v -23.139404 6.374207 1.114014
v -23.118652 6.364799 1.068787
v -23.135742 6.555847 1.058899
v -23.115234 6.537796 1.016296
v -23.132324 6.723251 0.969421
v -23.112061 6.697227 0.931091
v -23.129639 6.869987 0.848999
v -23.109375 6.836975 0.816345
v -23.127197 6.990402 0.702209
v -23.106934 6.951664 0.676575
v -23.125488 7.079884 0.534790
v -23.105225 7.036884 0.517151
v -23.124268 7.134987 0.353088
v -23.104248 7.089361 0.344116
v -23.124023 7.153590 0.164185
v -23.104004 7.107083 0.164185
v -23.124268 7.134986 -0.024780
v -23.104248 7.089362 -0.015808
v -23.125488 7.079884 -0.206482
v -23.105225 7.036884 -0.188843
v -23.127197 6.990402 -0.373901
v -23.106934 6.951664 -0.348267
v -23.129639 6.869987 -0.520691
v -23.109375 6.836979 -0.488037
v -23.132324 6.723251 -0.641113
v -23.112061 6.697231 -0.602783
v -23.135742 6.555847 -0.730591
v -23.115234 6.537796 -0.687988
v -23.139404 6.374207 -0.785706
v -23.118652 6.364799 -0.740479
v -23.122314 6.184891 -0.758240
v -23.143066 6.185303 -0.804321
v -17.956299 6.082565 -0.380859
v -17.954224 6.188873 -0.370422
v -17.952271 6.291092 -0.339355
v -17.950317 6.385300 -0.289001
v -17.948730 6.467876 -0.221252
v -17.947388 6.535644 -0.138672
v -17.946411 6.586000 -0.044434
v -17.945801 6.617007 0.057800
v -17.945557 6.627479 0.164185
v -17.945801 6.617006 0.270508
v -17.946411 6.586000 0.372742
v -17.947388 6.535645 0.466980
v -17.948730 6.467876 0.549561
v -17.950317 6.385300 0.617310
v -17.952271 6.291092 0.667725
v -17.954224 6.188869 0.698730
v -17.956299 6.082565 0.709167
v -17.958496 5.976254 0.698730
v -17.960449 5.874031 0.667725
v -17.962280 5.779823 0.617310
v -17.963989 5.697250 0.549561
v -17.965332 5.629482 0.466980
v -17.966309 5.579126 0.372742
v -17.966919 5.548119 0.270447
v -17.967163 5.537648 0.164185
v -17.966919 5.548119 0.057800
v -17.966309 5.579127 -0.044434
v -17.965332 5.629483 -0.138672
v -17.963989 5.697250 -0.221252
v -17.962280 5.779823 -0.289001
v -17.960449 5.874031 -0.339355
v -17.958496 5.976257 -0.370422
v -22.868408 6.010620 -0.686523
v -22.117676 6.031376 -0.507446
v -22.615479 6.010666 -0.661133
v -22.426025 6.013802 -0.626465
v -22.120361 5.902943 -0.468506
v -22.871582 5.847942 -0.637146
v -22.428955 5.862617 -0.580566
v -22.618652 5.852844 -0.613220
v -22.864990 6.179794 -0.703186
v -22.114990 6.164940 -0.520630
v -22.612305 6.174782 -0.677307
v -22.422852 6.171036 -0.641968
v -22.122559 5.784580 -0.405212
v -22.874512 5.698025 -0.557007
v -22.431885 5.723278 -0.506104
v -22.621582 5.707401 -0.535461
v -22.124756 5.680832 -0.320068
v -22.877197 5.566620 -0.449158
v -22.434326 5.601151 -0.405823
v -22.624023 5.579918 -0.430847
v -22.126465 5.595690 -0.216309
v -22.879395 5.458776 -0.317688
v -22.436279 5.500923 -0.283691
v -22.626221 5.475294 -0.303345
v -22.127686 5.532424 -0.097900
v -22.880859 5.378641 -0.167786
v -22.437744 5.426444 -0.144348
v -22.627686 5.397552 -0.157837
v -22.128418 5.493464 0.030579
v -22.881836 5.329296 -0.005066
v -22.438721 5.380581 0.006897
v -22.628662 5.349678 0.000000
v -22.128662 5.480309 0.164185
v -22.882324 5.312634 0.164185
v -22.438965 5.365095 0.164185
v -22.628906 5.333513 0.164185
v -22.128418 5.493464 0.297729
v -22.881836 5.329296 0.333374
v -22.438721 5.380581 0.321411
v -22.628662 5.349678 0.328308
v -22.127686 5.532425 0.426208
v -22.880859 5.378643 0.496094
v -22.437744 5.426445 0.472656
v -22.627686 5.397549 0.486145
v -22.126465 5.595692 0.544617
v -22.879395 5.458775 0.645996
v -22.436279 5.500923 0.612000
v -22.626221 5.475292 0.631653
v -22.124756 5.680832 0.648376
v -22.877197 5.566620 0.777466
v -22.434326 5.601151 0.734131
v -22.624023 5.579918 0.759155
v -22.122559 5.784576 0.733521
v -22.874512 5.698029 0.885315
v -22.431885 5.723282 0.834412
v -22.621582 5.707397 0.863770
v -22.120361 5.902939 0.796814
v -22.871582 5.847946 0.965454
v -22.428955 5.862617 0.908875
v -22.618652 5.852844 0.941528
v -22.117676 6.031372 0.835754
v -22.868408 6.010620 1.014832
v -22.426025 6.013809 0.954773
v -22.615479 6.010658 0.989441
v -22.114990 6.164940 0.848938
v -22.864990 6.179794 1.031494
v -22.422852 6.171036 0.970276
v -22.612305 6.174782 1.005615
v -22.112549 6.298500 0.835754
v -22.861572 6.348969 1.014832
v -22.419922 6.328270 0.954773
v -22.609131 6.338913 0.989441
v -22.109863 6.426933 0.796814
v -22.858398 6.511642 0.965454
v -22.416748 6.479454 0.908875
v -22.605957 6.496727 0.941528
v -22.107666 6.545296 0.733521
v -22.855469 6.661560 0.885315
v -22.414062 6.618797 0.834412
v -22.603027 6.642174 0.863770
v -22.105469 6.649044 0.648376
v -22.852783 6.792969 0.777466
v -22.411621 6.740921 0.734131
v -22.600586 6.769653 0.759155
v -22.103760 6.734188 0.544617
v -22.850830 6.900810 0.645996
v -22.409668 6.841152 0.612000
v -22.598389 6.874279 0.631653
v -22.102539 6.797455 0.426208
v -22.849121 6.980942 0.496094
v -22.408203 6.915630 0.472656
v -22.596924 6.952019 0.486145
v -22.101807 6.836414 0.297729
v -22.848145 7.030291 0.333374
v -22.407227 6.961493 0.321411
v -22.595947 6.999895 0.328308
v -22.101562 6.849569 0.164185
v -22.847900 7.046952 0.164185
v -22.406982 6.976977 0.164185
v -22.595703 7.016059 0.164185
v -22.101807 6.836415 0.030579
v -22.848145 7.030291 -0.005066
v -22.407227 6.961492 0.006897
v -22.595947 6.999894 0.000000
v -22.102539 6.797454 -0.097900
v -22.849121 6.980944 -0.167786
v -22.408203 6.915629 -0.144348
v -22.596924 6.952022 -0.157837
v -22.103760 6.734188 -0.216309
v -22.850830 6.900812 -0.317688
v -22.409668 6.841154 -0.283691
v -22.598389 6.874279 -0.303345
v -22.105469 6.649044 -0.320068
v -22.852783 6.792969 -0.449158
v -22.411621 6.740925 -0.405823
v -22.600586 6.769657 -0.430847
v -22.107666 6.545300 -0.405212
v -22.855469 6.661560 -0.557007
v -22.414062 6.618793 -0.506104
v -22.603027 6.642174 -0.535461
v -22.109863 6.426937 -0.468506
v -22.858398 6.511639 -0.637146
v -22.416748 6.479462 -0.580566
v -22.605957 6.496723 -0.613220
v -22.112549 6.298504 -0.507446
v -22.861572 6.348969 -0.686523
v -22.419922 6.328270 -0.626465
v -22.609131 6.338913 -0.661133
v 6.974060 0.612427 0.729610
v 6.977783 0.496048 0.716366
v 6.982544 0.384438 0.680569
v 6.988159 0.281895 0.623610
v 6.994446 0.192352 0.547661
v 7.001160 0.119259 0.455655
v 7.008057 0.065422 0.351132
v 7.014893 0.032911 0.238086
v 7.021423 0.022973 0.120892
v 7.027344 0.035995 0.004031
v 7.032471 0.071473 -0.108002
v 7.036560 0.128042 -0.210903
v 7.039429 0.203527 -0.300703
v 7.041016 0.295029 -0.373981
v 7.041138 0.399025 -0.427887
v 7.039917 0.511520 -0.460384
v -20.877686 6.027145 -0.405212
v -21.530762 6.040085 -0.405212
v -20.879883 5.918262 -0.372192
v -21.532959 5.931198 -0.372192
v -20.881836 5.817911 -0.318542
v -21.534912 5.830849 -0.318542
v -20.883545 5.729956 -0.246338
v -21.536865 5.742893 -0.246338
v -20.885010 5.657770 -0.158386
v -21.538086 5.670708 -0.158386
v -20.885986 5.604131 -0.058044
v -21.539307 5.617071 -0.058044
v -20.886719 5.571103 0.050903
v -21.539795 5.584040 0.050903
v -20.886963 5.559949 0.164185
v -21.540039 5.572886 0.164185
v -20.886719 5.571102 0.277405
v -21.539795 5.584040 0.277405
v -20.885986 5.604130 0.386353
v -21.539307 5.617069 0.386353
v -20.885010 5.657768 0.486694
v -21.538086 5.670708 0.486694
v -20.883545 5.729954 0.574646
v -21.536865 5.742893 0.574646
v -20.881836 5.817909 0.646851
v -21.534912 5.830849 0.646851
v -20.879883 5.918259 0.700500
v -21.532959 5.931198 0.700500
v -20.877686 6.027145 0.733521
v -21.530762 6.040085 0.733521
v -20.875488 6.140381 0.744690
v -21.528564 6.153320 0.744690
v -20.873291 6.253616 0.733521
v -21.526367 6.266556 0.733521
v -20.871094 6.362507 0.700500
v -21.524170 6.375443 0.700500
v -20.869141 6.462852 0.646851
v -21.522217 6.475792 0.646851
v -20.867432 6.550812 0.574646
v -21.520508 6.563747 0.574646
v -20.865967 6.622997 0.486694
v -21.519043 6.635933 0.486694
v -20.864746 6.676632 0.386353
v -21.518066 6.689571 0.386353
v -20.864258 6.709663 0.277405
v -21.517334 6.722601 0.277405
v -20.864014 6.720818 0.164185
v -21.517090 6.733755 0.164185
v -20.864258 6.709664 0.050903
v -21.517334 6.722601 0.050903
v -20.864746 6.676632 -0.058044
v -21.518066 6.689572 -0.058044
v -20.865967 6.622996 -0.158386
v -21.519043 6.635933 -0.158386
v -20.867432 6.550812 -0.246338
v -21.520508 6.563749 -0.246338
v -20.869141 6.462854 -0.318542
v -21.522217 6.475794 -0.318542
v -20.871094 6.362507 -0.372192
v -21.524170 6.375443 -0.372192
v -20.873291 6.253620 -0.405212
v -21.526367 6.266556 -0.405212
v -21.528564 6.153320 -0.416382
v -20.875488 6.140385 -0.416382
v -21.321533 6.023800 -0.466248
v -21.323975 5.903248 -0.429687
v -21.326172 5.792145 -0.370300
v -21.328125 5.694761 -0.290344
v -21.329590 5.614845 -0.192932
v -21.330811 5.555459 -0.081848
v -21.331543 5.518890 0.038757
v -21.331787 5.506541 0.164185
v -21.331543 5.518888 0.289551
v -21.330811 5.555458 0.410156
v -21.329590 5.614845 0.521240
v -21.328125 5.694763 0.618652
v -21.326172 5.792145 0.698608
v -21.323975 5.903244 0.757996
v -21.321533 6.023796 0.794556
v -21.319092 6.149170 0.806885
v -21.316650 6.274544 0.794556
v -21.314209 6.395096 0.757996
v -21.312012 6.506195 0.698608
v -21.310059 6.603577 0.618652
v -21.308350 6.683495 0.521240
v -21.307373 6.742882 0.410156
v -21.306641 6.779451 0.289551
v -21.306396 6.791798 0.164185
v -21.306641 6.779450 0.038757
v -21.307373 6.742882 -0.081848
v -21.308350 6.683496 -0.192932
v -21.310059 6.603579 -0.290344
v -21.312012 6.506195 -0.370300
v -21.314209 6.395092 -0.429687
v -21.316650 6.274540 -0.466248
v -21.319092 6.149170 -0.478577
v -20.772461 6.138344 -0.488708
v -20.775146 6.010998 -0.476196
v -20.777588 5.888542 -0.439026
v -20.779785 5.775692 -0.378723
v -20.781738 5.676773 -0.297485
v -20.783203 5.595594 -0.198547
v -20.784424 5.535274 -0.085693
v -20.785156 5.498127 0.036804
v -20.785400 5.485584 0.164185
v -20.785156 5.498127 0.291504
v -20.784424 5.535275 0.414001
v -20.783203 5.595592 0.526855
v -20.781738 5.676773 0.625793
v -20.779785 5.775688 0.707031
v -20.777588 5.888542 0.767334
v -20.775146 6.010994 0.804504
v -20.772461 6.138344 0.817017
v -20.770020 6.265694 0.804504
v -20.767578 6.388145 0.767334
v -20.765381 6.500999 0.707031
v -20.763428 6.599915 0.625793
v -20.761719 6.681095 0.526855
v -20.760498 6.741417 0.414001
v -20.759766 6.778563 0.291504
v -20.759521 6.791105 0.164185
v -20.759766 6.778563 0.036804
v -20.760498 6.741417 -0.085693
v -20.761719 6.681095 -0.198547
v -20.763428 6.599915 -0.297485
v -20.765381 6.500999 -0.378723
v -20.767578 6.388145 -0.439026
v -20.770020 6.265690 -0.476196
v -17.994019 6.083309 -0.392700
v -17.987793 6.392626 -0.298828
v -17.983765 6.597682 -0.048950
v -17.983154 6.629364 0.272766
v -17.986206 6.476994 0.557922
v -17.991821 6.191925 0.710327
v -17.998169 5.870247 0.678650
v -18.003174 5.620384 0.473511
v -18.005005 5.526555 0.164185
v -18.003174 5.620385 -0.145203
v -17.998169 5.870247 -0.350342
v -17.991821 6.191925 -0.382019
v -17.986206 6.476992 -0.229614
v -17.983154 6.629363 0.055542
v -17.983765 6.597681 0.377258
v -17.987793 6.392624 0.627136
v -17.994019 6.083305 0.721008
v -18.000122 5.773991 0.627136
v -18.004150 5.568935 0.377258
v -18.004761 5.537252 0.055542
v -18.001831 5.689623 -0.229614
v -17.996094 5.974689 -0.382019
v -17.989746 6.296368 -0.350342
v -17.984863 6.546233 -0.145203
v -17.982910 6.640062 0.164185
v -17.984863 6.546234 0.473511
v -17.989746 6.296368 0.678650
v -17.996094 5.974693 0.710327
v -18.001831 5.689625 0.557922
v -18.004761 5.537252 0.272766
v -18.004150 5.568936 -0.048950
v -18.000122 5.773993 -0.298828
v -18.441284 5.983768 -0.380676
v -18.924072 5.991283 -0.390991
v -18.443359 5.879578 -0.349060
v -18.926147 5.885120 -0.358765
v -18.445190 5.783556 -0.297729
v -18.928101 5.787285 -0.306458
v -18.446899 5.699390 -0.228638
v -18.929810 5.701529 -0.236084
v -18.448242 5.630317 -0.144470
v -18.931152 5.631152 -0.150330
v -18.449219 5.578991 -0.048462
v -18.932251 5.578855 -0.052429
v -18.449829 5.547385 0.055786
v -18.932861 5.546652 0.053711
v -18.450073 5.536713 0.164185
v -18.933105 5.535779 0.164185
v -18.449829 5.547384 0.272522
v -18.932861 5.546652 0.274597
v -18.449219 5.578991 0.376770
v -18.932251 5.578854 0.380737
v -18.448242 5.630318 0.472778
v -18.931152 5.631149 0.478638
v -18.446899 5.699390 0.556946
v -18.929810 5.701530 0.564392
v -18.445190 5.783554 0.626038
v -18.928101 5.787285 0.634766
v -18.443359 5.879578 0.677368
v -18.926147 5.885120 0.687073
v -18.441284 5.983772 0.708984
v -18.924072 5.991280 0.719299
v -18.439087 6.092125 0.719666
v -18.921875 6.101685 0.730164
v -18.436890 6.200478 0.708984
v -18.919678 6.212090 0.719299
v -18.434937 6.304668 0.677368
v -18.917603 6.318249 0.687073
v -18.432983 6.400696 0.626038
v -18.915649 6.416088 0.634766
v -18.431274 6.484859 0.556946
v -18.913940 6.501842 0.564392
v -18.429932 6.553932 0.472778
v -18.912476 6.572220 0.478638
v -18.428955 6.605257 0.376770
v -18.911499 6.624516 0.380737
v -18.428345 6.636864 0.272522
v -18.910889 6.656719 0.274597
v -18.428101 6.647535 0.164185
v -18.910645 6.667594 0.164185
v -18.428345 6.636863 0.055786
v -18.910889 6.656719 0.053711
v -18.428955 6.605258 -0.048462
v -18.911499 6.624516 -0.052429
v -18.429932 6.553931 -0.144470
v -18.912476 6.572221 -0.150330
v -18.431274 6.484859 -0.228638
v -18.913940 6.501844 -0.236084
v -18.432983 6.400696 -0.297729
v -18.915649 6.416088 -0.306458
v -18.434937 6.304672 -0.349060
v -18.917603 6.318249 -0.358765
v -18.436890 6.200481 -0.380676
v -18.919678 6.212090 -0.390991
v -18.921875 6.101685 -0.401855
v -18.439087 6.092125 -0.391357
v 6.319336 5.655197 -0.436646
v 6.319763 5.539547 -0.425110
v 6.320068 5.428352 -0.390869
v 6.320190 5.325890 -0.335388
v 6.320313 5.236086 -0.260681
v 6.320313 5.162392 -0.169617
v 6.320313 5.107635 -0.065765
v 6.320313 5.073919 0.046936
v 6.320313 5.062533 0.164154
v 6.320313 5.073919 0.281372
v 6.320313 5.107635 0.394073
v 6.320313 5.162392 0.497925
v 6.320313 5.236088 0.588989
v 6.320190 5.325890 0.663696
v 6.320068 5.428352 0.719177
v 6.319763 5.539551 0.753418
v 6.319336 5.655197 0.764954
v 6.318848 5.770859 0.753418
v 6.318237 5.882080 0.719177
v 6.317627 5.984600 0.663696
v 6.316956 6.074463 0.588989
v 6.316406 6.148220 0.497925
v 6.315979 6.203030 0.394043
v 6.315674 6.236782 0.281372
v 6.315613 6.248178 0.164185
v 6.315674 6.236782 0.046936
v 6.315979 6.203029 -0.065735
v 6.316406 6.148222 -0.169617
v 6.316956 6.074465 -0.260681
v 6.317627 5.984600 -0.335388
v 6.318237 5.882080 -0.390869
v 6.318848 5.770855 -0.425110
v 6.319458 5.655273 -0.508301
v 7.433105 5.646114 -0.508301
v 7.041077 0.629173 -0.541744
v 6.092957 0.621864 -0.636074
v 7.435730 5.779774 -0.495361
v 6.093811 0.490948 -0.625134
v 7.437988 5.903969 -0.457031
v 6.093018 0.364704 -0.588821
v 7.440430 6.017780 -0.394836
v 6.090454 0.247990 -0.528549
v 7.442993 6.117504 -0.311157
v 6.086365 0.145290 -0.446616
v 7.445313 6.199310 -0.209229
v 6.080811 0.060551 -0.346194
v 7.447144 6.260074 -0.093018
v 6.074036 -0.002977 -0.231134
v 7.448364 6.297479 0.033081
v 6.066406 -0.042861 -0.105868
v 7.448792 6.310104 0.164185
v 6.058105 -0.057568 0.024797
v 7.448364 6.297478 0.295227
v 6.049561 -0.046541 0.155868
v 7.447144 6.260075 0.421326
v 6.041016 -0.010195 0.282289
v 7.445313 6.199310 0.537537
v 6.032898 0.050076 0.399221
v 7.442993 6.117504 0.639465
v 6.025391 0.131958 0.502171
v 7.440430 6.017776 0.723145
v 6.018860 0.232315 0.587168
v 7.437988 5.903969 0.785339
v 6.013550 0.347298 0.650955
v 7.435730 5.779778 0.823669
v 6.009583 0.472473 0.691059
v 7.433105 5.646118 0.836609
v 6.007141 0.603035 0.705936
v 7.429565 5.512512 0.823608
v 6.006348 0.733963 0.695030
v 7.425232 5.384148 0.785278
v 6.007141 0.860214 0.658730
v 7.420349 5.265984 0.723083
v 6.009583 0.976933 0.598457
v 7.415405 5.162556 0.639404
v 6.013489 1.079628 0.516510
v 7.410828 5.077789 0.537476
v 6.018860 1.164368 0.416077
v 7.407043 5.014885 0.421265
v 6.025330 1.227892 0.301003
v 7.404602 4.976183 0.295227
v 6.032837 1.267767 0.175705
v 7.403748 4.963121 0.164154
v 6.040955 1.282469 0.045013
v 7.404602 4.976183 0.033081
v 6.049438 1.271433 -0.086067
v 7.407043 5.014884 -0.092957
v 6.057983 1.235083 -0.212509
v 7.410828 5.077787 -0.209167
v 6.066223 1.174809 -0.329445
v 7.415405 5.162556 -0.311096
v 6.073914 1.092926 -0.432381
v 7.420349 5.265987 -0.394775
v 6.080627 0.992569 -0.517365
v 7.425232 5.384151 -0.456970
v 6.086243 0.877598 -0.581131
v 7.429565 5.512516 -0.495300
v 6.090393 0.752422 -0.621208
v 7.020691 -0.037262 0.251462
v 7.012756 -0.000874 0.377943
v 7.004578 0.059383 0.494887
v 6.996460 0.141205 0.597813
v 6.988708 0.241440 0.682760
v 6.981567 0.356255 0.746441
v 6.975342 0.481216 0.786427
v 6.970276 0.611526 0.801159
v 6.966553 0.742165 0.790070
v 6.964233 0.868111 0.753609
v 6.963440 0.984520 0.693146
v 6.964294 1.086914 0.611046
v 6.966675 1.171368 0.510452
v 6.970520 1.234642 0.395241
v 6.975769 1.274315 0.269829
v 6.982117 1.288869 0.139053
v 6.989441 1.277746 0.007919
v 6.997437 1.241374 -0.118553
v 7.005676 1.181143 -0.235481
v 7.014038 1.099361 -0.338394
v 7.022034 0.999165 -0.423332
v 7.029419 0.884396 -0.487030
v 7.035828 0.759464 -0.527008
v 7.028076 -0.048382 0.120307
v 7.034607 -0.033809 -0.010477
v 7.040100 0.005897 -0.135885
v 7.044189 0.069212 -0.251101
v 7.046814 0.153709 -0.351689
v 7.047852 0.256142 -0.433777
v 7.047180 0.372578 -0.494217
v 7.044922 0.498539 -0.530670
v 6.318542 5.525597 -0.495361
v 6.318176 5.400940 -0.457031
v 6.318298 5.286118 -0.394836
v 6.318726 5.185541 -0.311096
v 6.319336 5.103060 -0.209198
v 6.319885 5.041808 -0.092957
v 6.320251 5.004107 0.033081
v 6.320374 4.991381 0.164154
v 6.320251 5.004107 0.295227
v 6.319885 5.041809 0.421265
v 6.319336 5.103058 0.537506
v 6.318726 5.185539 0.639404
v 6.318298 5.286118 0.723145
v 6.318176 5.400940 0.785339
v 6.318542 5.525597 0.823669
v 6.319458 5.655273 0.836609
v 6.320862 5.784958 0.823608
v 6.322815 5.909637 0.785278
v 6.325073 6.024490 0.723022
v 6.327393 6.125092 0.639343
v 6.329590 6.207603 0.537415
v 6.331360 6.268875 0.421204
v 6.332520 6.306587 0.295166
v 6.332886 6.319320 0.164185
v 6.332520 6.306587 0.033142
v 6.331360 6.268874 -0.092896
v 6.329590 6.207605 -0.209106
v 6.327393 6.125093 -0.311035
v 6.325073 6.024487 -0.394714
v 6.322815 5.909637 -0.456970
v 6.320862 5.784962 -0.495300
v 6.988525 0.254929 0.663044
v 6.988342 0.268410 0.643326
v 6.981873 0.365646 0.724483
v 6.982239 0.375046 0.702526
v 6.976196 0.486160 0.763073
v 6.976990 0.491104 0.739719
v 6.971558 0.611824 0.777306
v 6.972778 0.612122 0.753452
v 6.968201 0.737808 0.766647
v 6.969849 0.733459 0.743225
v 6.966187 0.859268 0.731506
v 6.968201 0.850433 0.709404
v 6.965698 0.971535 0.673225
v 6.967957 0.958557 0.653305
v 6.966675 1.070293 0.594070
v 6.969116 1.053673 0.577080
v 6.969177 1.151749 0.497055
v 6.971680 1.132133 0.483673
v 6.973022 1.212784 0.385956
v 6.975525 1.190922 0.376656
v 6.978149 1.251049 0.265007
v 6.980530 1.227783 0.260162
v 6.984314 1.265087 0.138855
v 6.986511 1.241306 0.138657
v 6.991333 1.254359 0.012367
v 6.993225 1.230970 0.016800
v 6.998962 1.219275 -0.109634
v 7.000488 1.197175 -0.100708
v 7.006836 1.161179 -0.222427
v 7.007935 1.141214 -0.209366
v 7.015320 1.065239 -0.305008
v 7.014648 1.082302 -0.321709
v 6.995789 0.158253 0.581100
v 6.995117 0.175304 0.564386
v 7.003479 0.079342 0.481810
v 7.002319 0.099300 0.468733
v 7.011230 0.021221 0.369002
v 7.009644 0.043324 0.360061
v 7.018799 -0.013870 0.247003
v 7.016846 0.009520 0.242545
v 7.025879 -0.024596 0.120498
v 7.023621 -0.000811 0.120689
v 7.032227 -0.010541 -0.005649
v 7.029785 0.012726 -0.000809
v 7.037537 0.027756 -0.126599
v 7.035034 0.049614 -0.117301
v 7.041626 0.088823 -0.237702
v 7.039124 0.108433 -0.224303
v 7.044373 0.170315 -0.334690
v 7.041870 0.186920 -0.317703
v 7.045532 0.269104 -0.413845
v 7.043274 0.282066 -0.393913
v 7.045166 0.381393 -0.472103
v 7.043152 0.390209 -0.450001
v 7.043274 0.502865 -0.507244
v 7.041565 0.507191 -0.483810
v 7.039795 0.628845 -0.517902
v 7.038574 0.628521 -0.494049
v 7.035034 0.754494 -0.503654
v 7.034241 0.749523 -0.480301
v 7.029053 0.874977 -0.465080
v 7.028748 0.865559 -0.443123
v 7.022217 0.985664 -0.403641
v 7.022339 0.972164 -0.383934
v 6.050659 1.247993 -0.081657
v 6.051880 1.224553 -0.077248
v 6.044067 1.234807 0.044540
v 6.042480 1.258639 0.044777
v 6.072021 0.018923 -0.221823
v 6.069946 0.040823 -0.212513
v 6.076416 0.099846 -0.319372
v 6.078613 0.080200 -0.332783
v 6.020996 1.144730 0.402657
v 6.023132 1.125092 0.389229
v 6.017883 1.046379 0.482498
v 6.015686 1.063004 0.499504
v 6.091003 0.373543 -0.566730
v 6.088928 0.382381 -0.544628
v 6.090210 0.499634 -0.578293
v 6.092041 0.495293 -0.601719
v 6.008118 0.729645 0.671600
v 6.009888 0.725327 0.648178
v 6.010193 0.603729 0.658276
v 6.008667 0.603386 0.682106
v 6.019226 0.245865 0.567497
v 6.019653 0.259411 0.547829
v 6.025269 0.166183 0.468840
v 6.025330 0.149071 0.485505
v 6.048279 -0.023096 0.151457
v 6.046997 0.000346 0.147046
v 6.054932 -0.009902 0.025262
v 6.056519 -0.033735 0.025035
v 6.085388 0.868164 -0.559196
v 6.084595 0.858730 -0.537277
v 6.079895 0.965515 -0.478004
v 6.080261 0.979042 -0.497688
v 6.073975 1.058727 -0.399025
v 6.073914 1.075825 -0.415703
v 6.031921 0.090111 0.373175
v 6.032410 0.070095 0.386192
v 6.011963 0.482471 0.644413
v 6.010742 0.477470 0.667728
v 6.089905 0.621223 -0.588402
v 6.091431 0.621548 -0.612232
v 6.013855 0.950985 0.558571
v 6.011719 0.963959 0.578514
v 6.081909 0.178570 -0.412630
v 6.084106 0.161930 -0.429628
v 6.036438 1.221148 0.165955
v 6.034607 1.244458 0.170830
v 6.067139 1.134792 -0.303375
v 6.066711 1.154800 -0.316414
v 6.088013 0.742477 -0.574554
v 6.089172 0.747448 -0.597878
v 6.039246 0.034117 0.264515
v 6.040161 0.011961 0.273408
v 6.015137 0.366207 0.607109
v 6.014343 0.356750 0.629032
v 6.011169 0.842583 0.614517
v 6.009155 0.851398 0.636612
v 6.086182 0.273968 -0.488686
v 6.088318 0.260979 -0.508617
v 6.029358 1.184103 0.282349
v 6.027344 1.205997 0.291672
v 6.062683 0.003765 -0.096141
v 6.064514 -0.019548 -0.101005
v 6.059692 1.190784 -0.194725
v 6.058838 1.212933 -0.203621
v 6.325195 6.187809 0.524231
v 6.320801 6.168015 0.511108
v 6.323914 6.108219 0.622559
v 6.320435 6.091343 0.605774
v 6.322571 6.011192 0.703247
v 6.320068 5.997894 0.683472
v 6.321289 5.900452 0.763245
v 6.319763 5.891266 0.741211
v 6.320190 5.780258 0.800232
v 6.319519 5.775558 0.776794
v 6.319397 5.655251 0.812683
v 6.319397 5.655220 0.788818
v 6.318970 5.530243 0.800232
v 6.319336 5.534897 0.776794
v 6.318787 5.410080 0.763306
v 6.319397 5.419220 0.741272
v 6.318970 5.299377 0.703308
v 6.319580 5.312630 0.683472
v 6.319275 5.202389 0.622620
v 6.319763 5.219238 0.605774
v 6.319641 5.122837 0.524292
v 6.320007 5.142612 0.511108
v 6.320007 5.063747 0.412201
v 6.320190 5.085690 0.403137
v 6.320251 5.027376 0.290588
v 6.320313 5.050648 0.285980
v 6.320374 5.015097 0.164154
v 6.320313 5.038815 0.164154
v 6.320251 5.027377 0.037720
v 6.320313 5.050648 0.042328
v 6.320190 5.085690 -0.074829
v 6.320007 5.063749 -0.083893
v 6.326233 6.246925 0.412170
v 6.321106 6.224979 0.403137
v 6.326904 6.283319 0.290588
v 6.321289 6.260050 0.285950
v 6.327148 6.295606 0.164185
v 6.321350 6.271892 0.164185
v 6.326904 6.283319 0.037720
v 6.321289 6.260050 0.042358
v 6.326233 6.246925 -0.083862
v 6.321106 6.224978 -0.074829
v 6.325195 6.187809 -0.195923
v 6.320801 6.168015 -0.182800
v 6.323914 6.108217 -0.294250
v 6.320435 6.091341 -0.277466
v 6.322571 6.011192 -0.374939
v 6.320068 5.997894 -0.355164
v 6.321289 5.900452 -0.434937
v 6.319763 5.891266 -0.412903
v 6.320190 5.780258 -0.471924
v 6.319519 5.775555 -0.448486
v 6.319397 5.655247 -0.484375
v 6.319397 5.655224 -0.460510
v 6.318970 5.530247 -0.471924
v 6.319336 5.534897 -0.448486
v 6.318787 5.410076 -0.434998
v 6.319397 5.419216 -0.412964
v 6.318970 5.299377 -0.375000
v 6.319580 5.312634 -0.355164
v 6.319275 5.202389 -0.294312
v 6.319763 5.219238 -0.277466
v 6.319641 5.122837 -0.195984
v 6.320007 5.142612 -0.182800
v 7.421936 5.279404 -0.375000
v 7.423462 5.292820 -0.355164
v 7.419128 5.196745 -0.277466
v 7.417297 5.179647 -0.294250
v 7.406921 4.999906 0.037720
v 7.409241 5.023635 0.042328
v 7.408447 5.011503 0.164154
v 7.406128 4.987308 0.164154
v 7.441223 6.238246 -0.083923
v 7.435364 6.216421 -0.074829
v 7.435120 6.159979 -0.182800
v 7.440186 6.179646 -0.196045
v 7.412903 5.097897 0.524292
v 7.414917 5.118015 0.511108
v 7.419128 5.196743 0.605774
v 7.417297 5.179646 0.622559
v 7.436096 5.894897 -0.434998
v 7.434265 5.885826 -0.412964
v 7.434021 5.770638 -0.448486
v 7.434875 5.775208 -0.471924
v 7.430176 5.517220 0.800232
v 7.430847 5.521927 0.776794
v 7.433044 5.646202 0.788818
v 7.433044 5.646164 0.812683
v 7.437500 6.004608 0.703308
v 7.434570 5.991444 0.683533
v 7.434814 6.084011 0.605835
v 7.438904 6.100758 0.622620
v 7.441956 6.274326 0.290588
v 7.435486 6.251177 0.286011
v 7.435547 6.262911 0.164185
v 7.442200 6.286509 0.164185
v 7.435120 6.159977 0.511108
v 7.440186 6.179646 0.524353
v 7.434021 5.770638 0.776794
v 7.434875 5.775208 0.800232
v 7.433044 5.646202 -0.460510
v 7.433044 5.646160 -0.484375
v 7.423462 5.292820 0.683472
v 7.421936 5.279404 0.703308
v 7.434814 6.084011 -0.277527
v 7.438904 6.100758 -0.294312
v 7.409241 5.023634 0.285980
v 7.406921 4.999905 0.290588
v 7.414917 5.118015 -0.182800
v 7.412903 5.097898 -0.195984
v 7.430847 5.521927 -0.448486
v 7.430176 5.517223 -0.471924
v 7.435364 6.216419 0.403137
v 7.441223 6.238247 0.412231
v 7.434265 5.885826 0.741272
v 7.436096 5.894897 0.763306
v 7.427551 5.402611 0.741211
v 7.426392 5.393379 0.763245
v 7.434509 5.991440 -0.355225
v 7.437500 6.004612 -0.375000
v 7.411499 5.059586 0.403137
v 7.409302 5.037231 0.412201
v 7.435486 6.251176 0.042297
v 7.441956 6.274326 0.037720
v 7.411499 5.059585 -0.074829
v 7.409302 5.037230 -0.083893
v 7.427551 5.402611 -0.412903
v 7.426392 5.393379 -0.434937
v -17.991821 6.083267 -0.565613
v -17.082764 6.065258 -0.565613
v -17.079956 6.207600 -0.551575
v -17.077148 6.344471 -0.510071
v -17.074707 6.470615 -0.442627
v -17.072510 6.581181 -0.351868
v -17.070679 6.671919 -0.241272
v -17.069336 6.739345 -0.115112
v -17.068604 6.780863 0.021790
v -17.068237 6.794884 0.164185
v -17.068604 6.780863 0.306519
v -17.069336 6.739346 0.443420
v -17.070679 6.671921 0.569580
v -17.072510 6.581181 0.680176
v -17.074707 6.470619 0.770935
v -17.077148 6.344475 0.838379
v -17.079956 6.207596 0.879883
v -17.082764 6.065254 0.893921
v -17.085571 5.922913 0.879883
v -17.088257 5.786041 0.838379
v -17.090698 5.659904 0.770935
v -17.092896 5.549335 0.680176
v -17.094727 5.458595 0.569580
v -17.096069 5.391174 0.443420
v -17.096924 5.349653 0.306519
v -17.097168 5.335633 0.164185
v -17.096924 5.349654 0.021790
v -17.096069 5.391173 -0.115112
v -17.094727 5.458597 -0.241272
v -17.092896 5.549335 -0.351868
v -17.090698 5.659901 -0.442627
v -17.088257 5.786041 -0.510071
v -17.085571 5.922916 -0.551575
v -17.994629 5.940922 -0.551575
v -17.997314 5.804050 -0.510071
v -17.999878 5.677906 -0.442627
v -18.002075 5.567341 -0.351868
v -18.003784 5.476604 -0.241272
v -18.005127 5.409181 -0.115112
v -18.005981 5.367661 0.021790
v -18.006226 5.353641 0.164185
v -18.005981 5.367661 0.306519
v -18.005127 5.409180 0.443420
v -18.003784 5.476604 0.569580
v -18.002075 5.567345 0.680176
v -17.999878 5.677910 0.770935
v -17.997314 5.804047 0.838379
v -17.994629 5.940918 0.879883
v -17.991821 6.083267 0.893921
v -17.989014 6.225609 0.879883
v -17.986328 6.362480 0.838379
v -17.983765 6.488625 0.770935
v -17.981567 6.599186 0.680176
v -17.979736 6.689926 0.569580
v -17.978516 6.757347 0.443420
v -17.977661 6.798870 0.306519
v -17.977295 6.812889 0.164185
v -17.977661 6.798870 0.021790
v -17.978516 6.757350 -0.115112
v -17.979736 6.689926 -0.241272
v -17.981567 6.599186 -0.351868
v -17.983765 6.488621 -0.442627
v -17.986328 6.362480 -0.510071
v -17.989014 6.225609 -0.551575
v -4.376373 0.610901 -1.532993
v -5.390747 0.624664 -1.593685
v -6.332520 0.637451 -1.650021
v -6.332214 0.776169 -1.634201
v -5.390625 0.763382 -1.577873
v -4.376404 0.749619 -1.517212
v -6.333740 0.909149 -1.591690
v -5.392334 0.896362 -1.535378
v -4.378326 0.882599 -1.474724
v -6.337097 1.031281 -1.524117
v -5.395874 1.018494 -1.467819
v -4.382080 1.004730 -1.407166
v -6.342041 1.137863 -1.434074
v -5.401062 1.125092 -1.377785
v -4.387451 1.111328 -1.317154
v -6.348450 1.224808 -1.325020
v -5.407654 1.212029 -1.268753
v -4.394318 1.198273 -1.208138
v -6.356079 1.288773 -1.201149
v -5.415466 1.276001 -1.144897
v -4.402344 1.262245 -1.084290
v -6.333923 1.303444 -1.048965
v -5.424744 1.291100 -0.994583
v -4.445343 1.277802 -0.936005
v -6.342773 1.314667 -0.914734
v -5.433716 1.302322 -0.860367
v -4.454498 1.289024 -0.801804
v -6.351807 1.299431 -0.780930
v -5.442871 1.287086 -0.726555
v -4.463806 1.273796 -0.667999
v -6.360779 1.258324 -0.652657
v -5.451904 1.245983 -0.598297
v -4.472900 1.232685 -0.539742
v -6.369202 1.192924 -0.534882
v -5.460388 1.180584 -0.480522
v -4.481476 1.167286 -0.421974
v -6.376892 1.105743 -0.432106
v -5.468140 1.093403 -0.377747
v -4.489197 1.080109 -0.319206
v -6.383545 1.000137 -0.348289
v -5.474670 0.987793 -0.293930
v -4.495758 0.974497 -0.235390
v -6.388794 0.880157 -0.286659
v -5.479919 0.867813 -0.232300
v -4.500885 0.854519 -0.173744
v -6.392517 0.750418 -0.249573
v -5.483521 0.738073 -0.195206
v -4.504395 0.724777 -0.136650
v -6.394531 0.615906 -0.238464
v -5.485413 0.603559 -0.184082
v -4.506165 0.590261 -0.125515
v -6.394836 0.481787 -0.253746
v -5.485535 0.469440 -0.199364
v -4.506134 0.456141 -0.140785
v -6.393311 0.353220 -0.294849
v -5.483887 0.340872 -0.240456
v -4.504272 0.327570 -0.181866
v -6.390137 0.235142 -0.360189
v -5.480469 0.222792 -0.305782
v -4.500671 0.209490 -0.247168
v -6.385315 0.132092 -0.447248
v -5.475464 0.119740 -0.392817
v -4.495453 0.106434 -0.334202
v -6.379089 0.048027 -0.552677
v -5.469055 0.035675 -0.498246
v -4.488831 0.022369 -0.439607
v -6.371704 -0.013817 -0.672434
v -5.461548 -0.026169 -0.617991
v -4.481079 -0.039478 -0.559340
v -6.363464 -0.051064 -0.801919
v -5.453064 -0.063423 -0.747465
v -4.472473 -0.076729 -0.688802
v -6.354614 -0.062286 -0.936149
v -5.444092 -0.074646 -0.881682
v -4.463318 -0.087952 -0.823008
v -6.345581 -0.047050 -1.069973
v -5.434937 -0.059410 -1.015495
v -4.454041 -0.072723 -0.956808
v -6.367493 -0.027008 -1.221620
v -5.425476 -0.039795 -1.165257
v -4.410736 -0.053566 -1.104556
v -6.358704 0.040634 -1.343440
v -5.416626 0.027847 -1.287077
v -4.401855 0.014076 -1.226364
v -6.350769 0.130798 -1.449739
v -5.408691 0.118011 -1.393376
v -4.393890 0.104248 -1.332663
v -6.343933 0.240036 -1.536427
v -5.401855 0.227249 -1.480064
v -4.387115 0.213486 -1.419352
v -6.338501 0.364136 -1.600170
v -5.396484 0.351349 -1.543819
v -4.381805 0.337585 -1.483116
v -6.334656 0.498322 -1.638531
v -5.392761 0.485535 -1.582180
v -4.378174 0.471771 -1.521477
v -4.395538 0.130112 -1.306055
v -4.397156 0.155991 -1.279460
v -4.404297 0.075218 -1.184247
v -4.403076 0.044647 -1.205312
v -4.461395 0.966892 -0.256859
v -4.459412 0.946722 -0.287987
v -4.453339 1.044559 -0.365639
v -4.454987 1.070427 -0.339027
v -4.411499 -0.019470 -1.089846
v -4.412262 0.014626 -1.075147
v -4.420715 -0.023453 -0.956331
v -4.420441 -0.059769 -0.964116
v -4.447418 1.155895 -0.439789
v -4.446198 1.125328 -0.460846
v -4.438263 1.185917 -0.569946
v -4.439026 1.220013 -0.555252
v -4.430084 1.260315 -0.680984
v -4.429810 1.223999 -0.688766
v -4.421173 1.238113 -0.812729
v -4.420959 1.275246 -0.812157
v -4.411987 1.264244 -0.943733
v -4.412720 1.227715 -0.937057
v -4.404724 1.193199 -1.056992
v -4.403534 1.227722 -1.070641
v -4.395935 1.167091 -1.188026
v -4.397552 1.135902 -1.167915
v -4.391418 1.058022 -1.265572
v -4.389435 1.084671 -1.291367
v -4.384338 0.983643 -1.376686
v -4.386566 0.962555 -1.346191
v -4.383240 0.853149 -1.406700
v -4.380798 0.867874 -1.440712
v -6.385742 -0.048157 -0.949965
v -6.385437 -0.011017 -0.949393
v -6.402527 -0.000633 -0.691436
v -6.401245 0.033890 -0.705074
v -6.393616 -0.000618 -0.825034
v -6.394409 -0.037155 -0.818371
v -6.415833 0.142406 -0.470660
v -6.413818 0.169056 -0.496458
v -6.408081 0.091179 -0.594126
v -6.409729 0.059994 -0.574027
v -6.423645 0.359192 -0.321255
v -6.421265 0.373917 -0.355267
v -6.418274 0.264526 -0.415800
v -6.420532 0.243435 -0.385307
v -6.336975 0.505020 -1.602077
v -6.339355 0.511719 -1.565620
v -6.424805 0.616722 -0.265980
v -6.422363 0.617277 -0.303028
v -6.422607 0.493029 -0.317192
v -6.425110 0.485239 -0.280964
v -6.345825 0.260208 -1.505289
v -6.347717 0.280380 -1.474165
v -6.342834 0.391525 -1.531265
v -6.340637 0.377823 -1.565716
v -6.419189 0.875786 -0.313217
v -6.416992 0.862087 -0.347672
v -6.420471 0.741894 -0.313316
v -6.422852 0.748594 -0.276863
v -6.359802 0.071198 -1.322375
v -6.360901 0.101776 -1.301311
v -6.353821 0.182541 -1.396511
v -6.352295 0.156662 -1.423131
v -6.407532 1.096943 -0.455818
v -6.406006 1.071079 -0.482430
v -6.412109 0.973240 -0.404770
v -6.414001 0.993412 -0.373650
v -6.376892 -0.033218 -1.081155
v -6.377075 0.003098 -1.073359
v -6.368774 0.041183 -1.192187
v -6.368103 0.007088 -1.206909
v -6.391724 1.246529 -0.672043
v -6.391052 1.212433 -0.686752
v -6.398926 1.151844 -0.577637
v -6.400024 1.182415 -0.556564
v -6.374084 1.301765 -0.928970
v -6.374390 1.264633 -0.929543
v -6.382751 1.250519 -0.805580
v -6.382935 1.286835 -0.797783
v -6.357300 1.254250 -1.187515
v -6.358582 1.219727 -1.173866
v -6.366211 1.254234 -1.053902
v -6.365417 1.290764 -1.060562
v -6.343994 1.111206 -1.408279
v -6.346008 1.084549 -1.382492
v -6.351746 1.162430 -1.284813
v -6.350098 1.193619 -1.304909
v -6.336182 0.894424 -1.557686
v -6.338562 0.879700 -1.523674
v -6.341553 0.989090 -1.463135
v -6.339294 1.010178 -1.493629
v -6.335022 0.636887 -1.612972
v -6.337463 0.636337 -1.575909
v -6.337219 0.760590 -1.561745
v -6.334717 0.768372 -1.597977
v -17.994385 5.954758 -0.481995
v -17.991821 6.083267 -0.494690
v -17.980957 6.630953 -0.201843
v -17.979736 6.691823 -0.087952
v -17.979004 6.729306 0.035645
v -17.978760 6.741964 0.164185
v -17.979004 6.729305 0.292664
v -17.979736 6.691822 0.416260
v -17.980957 6.630955 0.530151
v -17.982544 6.549034 0.630005
v -17.984619 6.449219 0.711975
v -17.986816 6.335335 0.772827
v -17.982544 6.549034 -0.301697
v -17.996826 5.831192 -0.444519
v -17.984619 6.449219 -0.383606
v -17.999023 5.717312 -0.383606
v -17.986816 6.335339 -0.444519
v -18.000977 5.617496 -0.301697
v -17.989258 6.211769 -0.481995
v -18.002686 5.535578 -0.201843
v -18.003906 5.474709 -0.087952
v -18.004639 5.437222 0.035645
v -18.004883 5.424566 0.164185
v -18.004639 5.437223 0.292664
v -18.003906 5.474709 0.416260
v -18.002686 5.535576 0.530151
v -18.000977 5.617496 0.630005
v -17.999023 5.717316 0.711975
v -17.996826 5.831192 0.772827
v -17.994385 5.954758 0.810303
v -17.991821 6.083267 0.822998
v -17.989258 6.211769 0.810303
v -17.093384 5.530079 0.521790
v -17.093994 5.494339 0.545715
v -17.096313 5.378618 0.164185
v -17.095459 5.421604 0.164185
v -17.095215 5.433971 0.289734
v -17.096069 5.391813 0.298157
v -17.095337 5.430887 -0.098694
v -17.094482 5.470600 -0.082214
v -17.095215 5.433972 0.038574
v -17.096069 5.391813 0.030151
v -17.092285 5.579731 -0.321472
v -17.091797 5.610126 -0.291077
v -17.093384 5.530081 -0.193481
v -17.093994 5.494339 -0.217407
v -17.087891 5.802494 -0.470337
v -17.087646 5.818943 -0.430603
v -17.089844 5.707661 -0.371155
v -17.090332 5.683781 -0.406860
v -17.082764 6.065258 -0.522644
v -17.082764 6.065258 -0.479614
v -17.085205 5.939686 -0.467224
v -17.085327 5.931301 -0.509399
v -17.077515 6.328022 -0.470337
v -17.077881 6.311573 -0.430603
v -17.080200 6.190826 -0.467285
v -17.080078 6.199215 -0.509399
v -17.073120 6.550785 -0.321472
v -17.073730 6.520390 -0.291077
v -17.075684 6.422852 -0.371155
v -17.075195 6.446735 -0.406860
v -17.070190 6.699630 -0.098694
v -17.070923 6.659915 -0.082214
v -17.072144 6.600437 -0.193481
v -17.071411 6.636177 -0.217407
v -17.070190 6.696544 0.038574
v -17.069336 6.738704 0.030151
v -17.069336 6.738703 0.298157
v -17.070190 6.696543 0.289734
v -17.069946 6.708910 0.164185
v -17.069092 6.751898 0.164185
v -17.095337 5.430885 0.427002
v -17.094482 5.470600 0.410522
v -17.089844 5.707664 0.699463
v -17.090332 5.683784 0.735168
v -17.092285 5.579731 0.649780
v -17.091797 5.610126 0.619385
v -17.085205 5.939690 0.795532
v -17.085327 5.931305 0.837708
v -17.087891 5.802490 0.798645
v -17.087646 5.818939 0.758911
v -17.080200 6.190826 0.795532
v -17.080078 6.199211 0.837708
v -17.082764 6.065254 0.850952
v -17.082764 6.065254 0.807922
v -17.075684 6.422852 0.699463
v -17.075195 6.446732 0.735168
v -17.077515 6.328026 0.798645
v -17.077881 6.311569 0.758911
v -17.072144 6.600437 0.521790
v -17.071411 6.636177 0.545715
v -17.073120 6.550785 0.649780
v -17.073730 6.520390 0.619385
v -17.070190 6.699631 0.427002
v -17.070923 6.659916 0.410522
v 23.674805 5.797363 -6.615784
v 23.659424 4.781738 -6.484802
v 23.644531 3.811157 -6.158173
v 23.631104 2.922913 -5.648407
v 23.619385 2.151215 -4.975174
v 23.609863 1.525635 -4.164307
v 23.603027 1.070282 -3.246948
v 23.598877 0.802628 -2.258385
v 23.597900 0.732941 -1.236580
v 23.599854 0.863916 -0.220810
v 23.604736 1.190521 0.749878
v 23.612549 1.700195 1.638184
v 23.622803 2.373367 2.410004
v 23.635010 3.184143 3.035614
v 23.648926 4.101379 3.491028
v 23.664062 5.089844 3.758759
v 23.679443 6.111542 3.828430
v 23.694824 7.127167 3.697449
v 23.709717 8.097748 3.370789
v 23.723145 8.985962 2.861023
v 23.734863 9.757675 2.187805
v 23.744385 10.383240 1.376953
v 23.751221 10.838600 0.459595
v 23.755371 11.106262 -0.528931
v 23.756348 11.175949 -1.550781
v 23.754395 11.044983 -2.566528
v 23.749512 10.718353 -3.537231
v 23.741699 10.208679 -4.425598
v 23.731445 9.535522 -5.197327
v 23.719238 8.724731 -5.822998
v 23.705322 7.807495 -6.278381
v 23.690186 6.819031 -6.546082
v 23.835938 5.791931 -6.714905
v 23.820068 4.757019 -6.581421
v 23.805176 3.768005 -6.248566
v 23.791504 2.862915 -5.729156
v 23.779541 2.076599 -5.043152
v 23.769775 1.439148 -4.216873
v 23.762695 0.975159 -3.282112
v 23.758545 0.702408 -2.274788
v 23.757568 0.631409 -1.233601
v 23.759521 0.764872 -0.198555
v 23.764648 1.097672 0.790550
v 23.772461 1.617020 1.695724
v 23.782959 2.302963 2.482178
v 23.795410 3.129120 3.119659
v 23.809570 4.063782 3.583740
v 23.824951 5.070984 3.856506
v 23.840820 6.112061 3.927490
v 23.856445 7.146973 3.794067
v 23.871582 8.135986 3.461182
v 23.885254 9.041046 2.941772
v 23.897217 9.827408 2.255798
v 23.906738 10.464828 1.429565
v 23.913818 10.928833 0.494751
v 23.917969 11.201576 -0.512573
v 23.919189 11.272583 -1.553711
v 23.916992 11.139130 -2.588867
v 23.912109 10.806335 -3.577881
v 23.904053 10.286987 -4.483032
v 23.893799 9.601013 -5.269531
v 23.881104 8.774841 -5.907043
v 23.866943 7.840210 -6.371094
v 23.851807 6.833008 -6.643860
v 23.997314 5.794739 -6.539917
v 23.981934 4.793823 -6.410828
v 23.967529 3.837341 -6.088959
v 23.954102 2.962036 -5.586609
v 23.942627 2.201569 -4.923157
v 23.933105 1.585083 -4.124054
v 23.926514 1.136353 -3.220032
v 23.922363 0.872574 -2.245819
v 23.921387 0.803894 -1.238853
v 23.923340 0.932972 -0.237854
v 23.928223 1.254829 0.718735
v 23.935791 1.757095 1.594147
v 23.945801 2.420486 2.354736
v 23.958008 3.219482 2.971283
v 23.971680 4.123413 3.420074
v 23.986572 5.097504 3.683899
v 24.001953 6.104340 3.752563
v 24.017090 7.105255 3.623474
v 24.031494 8.061707 3.301575
v 24.044922 8.937042 2.799255
v 24.056396 9.697525 2.135803
v 24.065674 10.314003 1.336670
v 24.072510 10.762749 0.432617
v 24.076660 11.026524 -0.541504
v 24.077637 11.095200 -1.548462
v 24.075684 10.966125 -2.549561
v 24.070801 10.644257 -3.506104
v 24.063232 10.141998 -4.381531
v 24.053223 9.478577 -5.142090
v 24.041016 8.679626 -5.758667
v 24.027344 7.775696 -6.207458
v 24.012451 6.801575 -6.471252
v 23.997314 5.797058 -6.462219
v 23.982178 4.811279 -6.335083
v 23.968018 3.869263 -6.018036
v 23.954834 3.007202 -5.523285
v 23.943359 2.258148 -4.869858
v 23.934326 1.651001 -4.082825
v 23.927490 1.209015 -3.192444
v 23.923584 0.949234 -2.232941
v 23.922607 0.881599 -1.241196
v 23.924561 1.008728 -0.255310
v 23.929199 1.325722 0.686844
v 23.936768 1.820419 1.549026
v 23.946777 2.473785 2.298126
v 23.958740 3.260712 2.905365
v 23.972168 4.151001 3.347382
v 23.986816 5.110382 3.607208
v 24.001709 6.102020 3.674866
v 24.016846 7.087799 3.547729
v 24.031006 8.029816 3.230652
v 24.044189 8.891907 2.735901
v 24.055664 9.640930 2.082458
v 24.064697 10.248093 1.295410
v 24.071533 10.690062 0.405029
v 24.075439 10.949856 -0.554443
v 24.076416 11.017487 -1.546143
v 24.074463 10.890366 -2.532104
v 24.069824 10.573364 -3.474243
v 24.062256 10.078674 -4.336365
v 24.052246 9.425323 -5.085510
v 24.040283 8.638367 -5.692749
v 24.026855 7.748108 -6.134766
v 24.012207 6.788696 -6.394592
v 23.574463 5.818176 -5.975159
v 23.560791 4.927124 -5.860260
v 23.547852 4.075562 -5.573700
v 23.535889 3.296326 -5.126495
v 23.525635 2.619293 -4.535828
v 23.517334 2.070465 -3.824417
v 23.511230 1.670959 -3.019608
v 23.507812 1.436142 -2.152313
v 23.506836 1.375000 -1.255844
v 23.508545 1.489906 -0.364700
v 23.512939 1.776443 0.486923
v 23.519775 2.223602 1.266266
v 23.528564 2.814194 1.943390
v 23.539551 3.525513 2.492279
v 23.551758 4.330231 2.891815
v 23.564941 5.197449 3.126648
v 23.578369 6.093781 3.187805
v 23.592041 6.984833 3.072876
v 23.604980 7.836365 2.786316
v 23.616699 8.615616 2.339111
v 23.626953 9.292664 1.748474
v 23.635498 9.841484 1.037048
v 23.641357 10.240982 0.232178
v 23.645020 10.475819 -0.635010
v 23.645996 10.536942 -1.531494
v 23.644287 10.422043 -2.422729
v 23.639893 10.135498 -3.274292
v 23.633057 9.688354 -4.053650
v 23.624023 9.097748 -4.730774
v 23.613281 8.386414 -5.279663
v 23.601074 7.581726 -5.679199
v 23.587891 6.714478 -5.914062
v 21.963379 5.892303 -4.323792
v 21.954590 5.322418 -4.250305
v 21.946289 4.777832 -4.067017
v 21.938721 4.279480 -3.781006
v 21.932129 3.846466 -3.403259
v 21.926758 3.495453 -2.948273
v 21.922852 3.239960 -2.433533
v 21.920654 3.089767 -1.878876
v 21.919922 3.050674 -1.305542
v 21.921143 3.124168 -0.735596
v 21.923828 3.307423 -0.190948
v 21.928223 3.593401 0.307495
v 21.934082 3.971115 0.740540
v 21.940918 4.426041 1.091583
v 21.948730 4.940704 1.347137
v 21.957275 5.495331 1.497314
v 21.965820 6.068588 1.536438
v 21.974609 6.638474 1.462952
v 21.982910 7.183060 1.279663
v 21.990479 7.681442 0.993652
v 21.997070 8.114445 0.615906
v 22.002197 8.465443 0.160889
v 22.006104 8.720943 -0.353821
v 22.008545 8.871132 -0.908508
v 22.009033 8.910233 -1.481812
v 22.007812 8.836746 -2.051758
v 22.005127 8.653473 -2.596436
v 22.000732 8.367493 -3.094849
v 21.995117 7.989777 -3.527954
v 21.988037 7.534851 -3.878967
v 21.980225 7.020203 -4.134460
v 21.971924 6.465576 -4.284729
v 20.130249 5.949768 -3.339722
v 20.124390 5.571259 -3.290894
v 20.118896 5.209595 -3.169189
v 20.113892 4.878601 -2.979218
v 20.109497 4.591003 -2.728333
v 20.105957 4.357895 -2.426178
v 20.103394 4.188202 -2.084320
v 20.101929 4.088455 -1.715912
v 20.101562 4.062485 -1.335144
v 20.102295 4.111290 -0.956604
v 20.104126 4.232998 -0.594879
v 20.107056 4.422934 -0.263855
v 20.110840 4.673793 0.023773
v 20.115356 4.975935 0.256927
v 20.120605 5.317749 0.426636
v 20.126221 5.686104 0.526367
v 20.131958 6.066837 0.552368
v 20.137695 6.445324 0.503540
v 20.143188 6.807014 0.381836
v 20.148193 7.138013 0.191895
v 20.152588 7.425595 -0.059021
v 20.156128 7.658710 -0.361206
v 20.158691 7.828400 -0.703064
v 20.160278 7.928146 -1.071472
v 20.160645 7.954117 -1.452209
v 20.159912 7.905304 -1.830750
v 20.158081 7.783600 -2.192505
v 20.155151 7.593674 -2.523499
v 20.151367 7.342804 -2.811157
v 20.146729 7.040649 -3.044250
v 20.141602 6.698853 -3.213989
v 20.135986 6.330505 -3.313782
v 16.416992 6.035355 -2.369141
v 16.414062 5.845642 -2.344666
v 16.411377 5.664352 -2.283630
v 16.408813 5.498444 -2.188416
v 16.406616 5.354294 -2.062683
v 16.404785 5.237442 -1.911194
v 16.403564 5.152390 -1.739868
v 16.402832 5.102402 -1.555206
v 16.402588 5.089386 -1.364349
v 16.402954 5.113846 -1.174591
v 16.403931 5.174850 -0.993286
v 16.405396 5.270050 -0.827332
v 16.407227 5.395790 -0.683228
v 16.409546 5.547237 -0.566345
v 16.412109 5.718571 -0.481262
v 16.414917 5.903202 -0.431274
v 16.417847 6.094044 -0.418274
v 16.420776 6.283756 -0.442688
v 16.423462 6.465050 -0.503723
v 16.426025 6.630959 -0.598938
v 16.428223 6.775101 -0.724670
v 16.429932 6.891953 -0.876160
v 16.431274 6.977005 -1.047485
v 16.432007 7.027008 -1.232178
v 16.432251 7.040024 -1.423035
v 16.431885 7.015564 -1.612793
v 16.430908 6.954559 -1.794067
v 16.429443 6.859344 -1.960022
v 16.427612 6.733612 -2.104187
v 16.425293 6.582169 -2.221008
v 16.422607 6.410828 -2.306091
v 16.419922 6.226196 -2.356079
v 11.630005 6.120667 -1.950073
v 11.628418 6.012451 -1.936157
v 11.626831 5.909042 -1.901367
v 11.625366 5.814392 -1.847046
v 11.624146 5.732178 -1.775269
v 11.623047 5.665512 -1.688904
v 11.622314 5.617004 -1.591125
v 11.621948 5.588486 -1.485840
v 11.621826 5.581055 -1.376953
v 11.622070 5.595016 -1.268738
v 11.622559 5.629807 -1.165283
v 11.623413 5.684113 -1.070618
v 11.624512 5.755844 -0.988403
v 11.625732 5.842232 -0.921753
v 11.627319 5.939964 -0.873230
v 11.628906 6.045280 -0.844666
v 11.630493 6.154144 -0.837280
v 11.632202 6.262360 -0.851196
v 11.633789 6.365776 -0.886047
v 11.635132 6.460411 -0.940369
v 11.636475 6.542641 -1.012085
v 11.637451 6.609291 -1.098450
v 11.638184 6.657814 -1.196228
v 11.638550 6.686325 -1.301575
v 11.638672 6.693756 -1.410400
v 11.638550 6.679794 -1.518677
v 11.637939 6.645004 -1.622070
v 11.637207 6.590698 -1.716736
v 11.636108 6.518967 -1.798950
v 11.634766 6.432587 -1.865601
v 11.633301 6.334854 -1.914124
v 11.631714 6.229523 -1.942688
v 6.842834 6.193375 -1.950073
v 6.841187 6.085159 -1.936157
v 6.839661 5.981735 -1.901306
v 6.838196 5.887100 -1.847046
v 6.836975 5.804871 -1.775269
v 6.835938 5.738220 -1.688904
v 6.835205 5.689713 -1.591125
v 6.834778 5.661179 -1.485840
v 6.834656 5.653763 -1.376953
v 6.834900 5.667717 -1.268738
v 6.835388 5.702515 -1.165283
v 6.836243 5.756821 -1.070618
v 6.837341 5.828545 -0.988403
v 6.838623 5.914940 -0.921753
v 6.840088 6.012672 -0.873230
v 6.841675 6.117989 -0.844666
v 6.843384 6.226852 -0.837280
v 6.844971 6.335068 -0.851196
v 6.846558 6.438484 -0.886047
v 6.848022 6.533119 -0.940369
v 6.849243 6.615349 -1.012085
v 6.850281 6.681999 -1.098450
v 6.851013 6.730515 -1.196228
v 6.851440 6.759033 -1.301575
v 6.851563 6.766464 -1.410400
v 6.851318 6.752502 -1.518677
v 6.850830 6.717712 -1.622070
v 6.849976 6.663406 -1.716736
v 6.848877 6.591675 -1.798950
v 6.847595 6.505280 -1.865601
v 6.846130 6.407547 -1.914124
v 6.844482 6.302231 -1.942688
v 23.703613 1.006714 -2.223862
v 23.819092 8.612610 -5.646179
v 23.810059 8.010651 3.180603
v 23.805908 7.731995 -6.083435
v 23.822998 8.863434 2.691223
v 23.702637 0.939812 -1.242851
v 23.791504 6.782959 -6.340454
v 23.834229 9.604324 2.044861
v 23.704590 1.065565 -0.267632
v 23.843262 10.204918 1.266357
v 23.776611 5.802063 -6.407349
v 23.709229 1.379128 0.664322
v 23.850098 10.642101 0.385620
v 23.716797 1.868469 1.517181
v 23.761719 4.826965 -6.281586
v 23.854004 10.899078 -0.563477
v 23.726562 2.514755 2.258179
v 23.747559 3.895142 -5.967987
v 23.854980 10.965988 -1.544556
v 23.734619 3.042358 -5.478607
v 23.738281 3.293182 2.858826
v 23.853027 10.840240 -2.519775
v 23.723389 2.301483 -4.832214
v 23.751709 4.173828 3.296051
v 23.848145 10.526672 -3.451660
v 23.766113 5.122803 3.553101
v 23.714111 1.700897 -4.053711
v 23.840820 10.037323 -4.304565
v 23.781006 6.103729 3.619995
v 23.707520 1.263702 -3.172981
v 23.831055 9.391022 -5.045532
v 23.795898 7.078827 3.494202
v 23.556396 0.986341 -0.248863
v 23.554443 0.858498 -1.240334
v 23.649170 7.099823 3.575684
v 23.634033 6.108459 3.703552
v 23.707275 10.923920 -2.538452
v 23.709229 11.051773 -1.546997
v 23.555420 0.926514 -2.237701
v 23.618896 5.111206 3.635498
v 23.708252 10.983749 -0.549683
v 23.629639 5.801819 -6.490906
v 23.644531 6.799072 -6.422913
v 23.559326 1.187775 -3.202629
v 23.604248 4.146393 3.374207
v 23.704102 10.722485 0.415283
v 23.659180 7.763855 -6.161621
v 23.590820 3.251099 2.929688
v 23.697510 10.278015 1.310669
v 23.672852 8.659180 -5.717041
v 23.688232 9.667419 2.102173
v 23.684814 9.450562 -5.106384
v 23.694824 10.107635 -4.353027
v 23.566162 1.632233 -4.098038
v 23.575439 2.242859 -4.889526
v 23.578613 2.459686 2.319031
v 23.586914 2.996094 -5.546661
v 23.568848 1.802628 1.565689
v 23.676758 8.914154 2.759277
v 23.600098 3.863098 -6.044220
v 23.561279 1.305130 0.698608
v 23.663574 8.047180 3.256836
v 23.702393 10.605133 -3.485962
v 23.614502 4.810425 -6.363037
v -21.547119 6.153688 -0.318115
v -21.548828 6.059626 -0.308838
v -21.550781 5.969175 -0.281372
v -21.552490 5.885818 -0.236816
v -21.553711 5.812754 -0.176819
v -21.554932 5.752791 -0.103760
v -21.555908 5.708237 -0.020386
v -21.556396 5.680800 0.070068
v -21.556641 5.671535 0.164185
v -21.556396 5.680799 0.258240
v -21.555908 5.708237 0.348694
v -21.554932 5.752792 0.432068
v -21.553711 5.812756 0.505127
v -21.552490 5.885818 0.565125
v -21.550781 5.969177 0.609680
v -21.548828 6.059624 0.637146
v -21.547119 6.153687 0.646423
v -21.545166 6.247749 0.637146
v -21.543457 6.338200 0.609680
v -21.541748 6.421558 0.565125
v -21.540283 6.494621 0.505127
v -21.539062 6.554581 0.432068
v -21.538330 6.599138 0.348694
v -21.537598 6.626575 0.258240
v -21.537598 6.635839 0.164185
v -21.537598 6.626575 0.070068
v -21.538330 6.599138 -0.020386
v -21.539062 6.554582 -0.103760
v -21.540283 6.494621 -0.176819
v -21.541748 6.421558 -0.236816
v -21.543457 6.338198 -0.281372
v -21.545166 6.247749 -0.308838
v -24.007324 6.202415 -0.712341
v -24.010742 6.031456 -0.695496
v -24.013916 5.867065 -0.645630
v -24.016846 5.715557 -0.564636
v -24.019531 5.582760 -0.455627
v -24.021729 5.473778 -0.322815
v -24.023438 5.392796 -0.171265
v -24.024414 5.342927 -0.006836
v -24.024658 5.326089 0.164185
v -24.024414 5.342928 0.335144
v -24.023438 5.392796 0.499573
v -24.021729 5.473778 0.651123
v -24.019531 5.582756 0.783936
v -24.016846 5.715553 0.892944
v -24.013916 5.867058 0.973938
v -24.010742 6.031456 1.023804
v -24.007324 6.202415 1.040649
v -24.003906 6.373383 1.023804
v -24.000732 6.537773 0.973938
v -23.997559 6.689285 0.892944
v -23.995117 6.822075 0.783936
v -23.992920 6.931061 0.651123
v -23.991211 7.012043 0.499573
v -23.990234 7.061911 0.335144
v -23.989990 7.078750 0.164185
v -23.990234 7.061912 -0.006836
v -23.991211 7.012043 -0.171265
v -23.992920 6.931061 -0.322815
v -23.995117 6.822079 -0.455627
v -23.997559 6.689281 -0.564636
v -24.000732 6.537773 -0.645630
v -24.003906 6.373383 -0.695496
v -23.008789 6.182638 0.017761
v -23.009277 6.154088 0.020569
v -23.009766 6.126635 0.028931
v -23.010254 6.101334 0.042480
v -23.010742 6.079156 0.060669
v -23.010986 6.060957 0.082825
v -23.011475 6.047432 0.108154
v -23.011475 6.039104 0.135620
v -23.011475 6.036292 0.164185
v -23.011475 6.039104 0.192688
v -23.011475 6.047432 0.220154
v -23.010986 6.060957 0.245483
v -23.010742 6.079157 0.267639
v -23.010254 6.101334 0.285828
v -23.009766 6.126635 0.299377
v -23.009277 6.154087 0.307739
v -23.008789 6.182638 0.310547
v -23.008057 6.211189 0.307739
v -23.007568 6.238642 0.299377
v -23.007080 6.263943 0.285828
v -23.006592 6.286119 0.267639
v -23.006348 6.304319 0.245483
v -23.006104 6.317842 0.220154
v -23.005859 6.326171 0.192688
v -23.005859 6.328982 0.164185
v -23.005859 6.326170 0.135620
v -23.006104 6.317843 0.108154
v -23.006348 6.304320 0.082825
v -23.006592 6.286119 0.060669
v -23.007080 6.263942 0.042480
v -23.007568 6.238641 0.028931
v -23.008057 6.211189 0.020569
v -24.025879 5.261957 0.351257
v -24.027588 5.180986 0.367371
v -24.026367 5.240250 0.562805
v -24.024902 5.316521 0.531189
v -24.000000 6.569366 1.050232
v -23.999512 6.600960 1.126526
v -23.995850 6.781013 1.030273
v -23.996826 6.735153 0.961609
v -23.991455 6.999706 -0.368652
v -23.990234 7.068352 -0.414551
v -23.992676 6.938831 -0.572388
v -23.993896 6.880455 -0.514038
v -24.023193 5.405132 -0.368652
v -24.024414 5.336491 -0.414551
v -24.026367 5.240250 -0.234497
v -24.024902 5.316523 -0.202881
v -24.014648 5.835472 1.050232
v -24.015137 5.803879 1.126526
v -24.011230 5.999245 1.185791
v -24.010986 6.015350 1.104797
v -23.988770 7.142881 0.351257
v -23.987061 7.223852 0.367371
v -23.986572 7.243863 0.164185
v -23.988281 7.161306 0.164185
v -24.010986 6.015350 -0.776489
v -24.011230 5.999245 -0.857483
v -24.015137 5.803879 -0.798218
v -24.014648 5.835472 -0.721924
v -24.024414 5.336487 0.742859
v -24.023193 5.405136 0.696960
v -23.992676 6.938835 0.900696
v -23.993896 6.880455 0.842346
v -23.995850 6.781013 -0.701965
v -23.996826 6.735153 -0.633301
v -24.027588 5.180986 -0.039062
v -24.025879 5.261957 -0.022949
v -24.007324 6.202415 1.205811
v -24.007324 6.202415 1.123230
v -23.987061 7.223853 -0.039062
v -23.988770 7.142881 -0.022949
v -24.018799 5.623825 -0.701965
v -24.017822 5.669693 -0.633301
v -24.021973 5.466003 0.900696
v -24.020752 5.524384 0.842346
v -23.990234 7.068352 0.742859
v -23.991455 6.999702 0.696960
v -23.999512 6.600960 -0.798218
v -24.000000 6.569366 -0.721924
v -24.027832 5.160974 0.164124
v -24.026367 5.243531 0.164185
v -24.003174 6.405594 1.185791
v -24.003662 6.389488 1.104797
v -23.988281 7.164587 -0.234497
v -23.989746 7.088314 -0.202881
v -24.021973 5.466007 -0.572388
v -24.020752 5.524384 -0.514038
v -24.018799 5.623825 1.030273
v -24.017822 5.669685 0.961609
v -23.988281 7.164589 0.562805
v -23.989746 7.088314 0.531189
v -24.003174 6.405594 -0.857483
v -24.003662 6.389488 -0.776489
v -24.007324 6.202415 -0.794922
v -24.007324 6.202415 -0.877502
v -23.829346 5.787430 -0.451538
v -23.831543 5.675243 -0.359436
v -23.815674 6.482044 -0.519958
v -23.818359 6.343163 -0.562073
v -23.818359 6.343163 0.890381
v -23.815674 6.482040 0.848267
v -23.833496 5.583176 -0.247253
v -23.821289 6.198734 -0.576294
v -23.813232 6.610039 0.779846
v -23.834717 5.514762 -0.119202
v -23.810791 6.722221 0.687744
v -23.835693 5.472633 0.019714
v -23.809082 6.814293 0.575562
v -23.835938 5.458408 0.164185
v -23.807617 6.882706 0.447510
v -23.835693 5.472633 0.308594
v -23.806885 6.924833 0.308594
v -23.834717 5.514763 0.447510
v -23.806641 6.939058 0.164185
v -23.833496 5.583176 0.575562
v -23.806885 6.924834 0.019714
v -23.831543 5.675243 0.687744
v -23.807617 6.882705 -0.119202
v -23.829346 5.787430 0.779846
v -23.809082 6.814293 -0.247253
v -23.826904 5.915421 0.848267
v -23.824219 6.054302 -0.562073
v -23.810791 6.722221 -0.359436
v -23.824219 6.054306 0.890381
v -23.826904 5.915424 -0.519958
v -23.813232 6.610035 -0.451538
v -23.821289 6.198730 0.904602
v -23.421143 5.877198 -0.149414
v -23.413330 6.277174 -0.270752
v -23.411621 6.360344 0.573853
v -23.422363 5.822066 -0.082214
v -23.415039 6.190683 -0.279297
v -23.410156 6.436989 0.532837
v -23.423096 5.781097 -0.005554
v -23.408691 6.504169 0.477722
v -23.423584 5.755869 0.077637
v -23.407715 6.559303 0.410522
v -23.423828 5.747349 0.164185
v -23.406982 6.600275 0.333862
v -23.423584 5.755869 0.250671
v -23.406250 6.625502 0.250671
v -23.423096 5.781097 0.333862
v -23.406250 6.634022 0.164185
v -23.422363 5.822067 0.410522
v -23.406250 6.625502 0.077637
v -23.421143 5.877197 0.477722
v -23.406982 6.600275 -0.005554
v -23.419922 5.944382 0.532837
v -23.407715 6.559305 -0.082214
v -23.418457 6.021027 0.573853
v -23.416748 6.104197 -0.270752
v -23.408691 6.504170 -0.149414
v -23.416748 6.104195 0.599060
v -23.418457 6.021029 -0.245544
v -23.410156 6.436989 -0.204529
v -23.415039 6.190685 0.607605
v -23.419922 5.944380 -0.204529
v -23.411621 6.360342 -0.245544
v -23.413330 6.277176 0.599060
v -23.715332 5.977264 -0.938477
v -23.719482 5.766411 -0.874512
v -23.723145 5.572083 -0.770630
v -23.726562 5.401756 -0.630798
v -23.729492 5.261974 -0.460449
v -23.731445 5.158104 -0.266052
v -23.732666 5.094142 -0.055176
v -23.733154 5.072545 0.164154
v -23.732666 5.094143 0.383484
v -23.731445 5.158104 0.594360
v -23.729492 5.261971 0.788757
v -23.726562 5.401756 0.959106
v -23.723145 5.572083 1.098938
v -23.719482 5.766411 1.202820
v -23.715332 5.977264 1.266785
v -23.710938 6.196548 1.288391
v -23.706543 6.415825 1.266785
v -23.702393 6.626678 1.202820
v -23.698486 6.821007 1.098938
v -23.695068 6.991333 0.959106
v -23.692383 7.131119 0.788757
v -23.690430 7.234985 0.594360
v -23.688965 7.298950 0.383484
v -23.688721 7.320546 0.164185
v -23.688965 7.298950 -0.055176
v -23.690430 7.234987 -0.266052
v -23.692383 7.131119 -0.460449
v -23.695068 6.991333 -0.630798
v -23.698486 6.821007 -0.770630
v -23.702393 6.626686 -0.874512
v -23.706543 6.415825 -0.938477
v -23.710938 6.196548 -0.960083
v -21.815186 6.058666 -0.340149
v -21.816895 5.962225 -0.310913
v -21.812988 6.158958 -0.350037
v -21.818848 5.873346 -0.263367
v -21.811035 6.259251 -0.340149
v -21.820312 5.795446 -0.199463
v -21.821533 5.731513 -0.121521
v -21.822510 5.684007 -0.032593
v -21.822998 5.654751 0.063843
v -21.823242 5.644874 0.164185
v -21.822998 5.654751 0.264465
v -21.822510 5.684008 0.360901
v -21.821533 5.731514 0.449829
v -21.820312 5.795444 0.527771
v -21.818848 5.873348 0.591675
v -21.816895 5.962227 0.639221
v -21.815186 6.058662 0.668457
v -21.812988 6.158958 0.678345
v -21.811035 6.259251 0.668457
v -21.809326 6.355690 0.639221
v -21.807373 6.444565 0.591675
v -21.805908 6.522469 0.527771
v -21.804688 6.586403 0.449829
v -21.803711 6.633907 0.360901
v -21.803223 6.663164 0.264465
v -21.802979 6.673040 0.164185
v -21.803223 6.663163 0.063843
v -21.803711 6.633908 -0.032593
v -21.804688 6.586402 -0.121521
v -21.805908 6.522470 -0.199463
v -21.807373 6.444567 -0.263367
v -21.809326 6.355688 -0.310913
v -21.696289 6.062544 -0.308838
v -21.697998 5.972094 -0.281372
v -21.699707 5.888737 -0.236816
v -21.701172 5.815674 -0.176819
v -21.702393 5.755710 -0.103760
v -21.703369 5.711156 -0.020386
v -21.703857 5.683718 0.070068
v -21.704102 5.674454 0.164185
v -21.703857 5.683718 0.258240
v -21.703369 5.711155 0.348694
v -21.702393 5.755711 0.432068
v -21.701172 5.815674 0.505127
v -21.699707 5.888737 0.565125
v -21.697998 5.972095 0.609680
v -21.696289 6.062542 0.637146
v -21.694336 6.156605 0.646423
v -21.692627 6.250668 0.637146
v -21.690674 6.341118 0.609680
v -21.689209 6.424473 0.565125
v -21.687744 6.497540 0.505127
v -21.686523 6.557503 0.432068
v -21.685547 6.602057 0.348694
v -21.685059 6.629494 0.258240
v -21.684814 6.638759 0.164185
v -21.685059 6.629495 0.070068
v -21.685547 6.602057 -0.020386
v -21.686523 6.557502 -0.103760
v -21.687744 6.497540 -0.176819
v -21.689209 6.424475 -0.236816
v -21.690674 6.341116 -0.281372
v -21.692627 6.250668 -0.308838
v -21.694336 6.156607 -0.318115
v -22.068604 6.164016 0.017761
v -22.069092 6.135466 0.020569
v -22.069580 6.108012 0.028931
v -22.070068 6.082710 0.042480
v -22.070557 6.060534 0.060669
v -22.070801 6.042335 0.082825
v -22.071045 6.028810 0.108154
v -22.071289 6.020483 0.135620
v -22.071289 6.017671 0.164185
v -22.071289 6.020483 0.192688
v -22.071045 6.028811 0.220154
v -22.070801 6.042336 0.245483
v -22.070557 6.060534 0.267639
v -22.070068 6.082710 0.285828
v -22.069580 6.108013 0.299377
v -22.069092 6.135466 0.307739
v -22.068604 6.164017 0.310547
v -22.067871 6.192568 0.307739
v -22.067383 6.220018 0.299377
v -22.066895 6.245319 0.285828
v -22.066406 6.267498 0.267639
v -22.066162 6.285698 0.245483
v -22.065918 6.299220 0.220154
v -22.065674 6.307549 0.192688
v -22.065674 6.310361 0.164185
v -22.065674 6.307549 0.135620
v -22.065918 6.299221 0.108154
v -22.066162 6.285698 0.082825
v -22.066406 6.267498 0.060669
v -22.066895 6.245319 0.042480
v -22.067383 6.220019 0.028931
v -22.067871 6.192567 0.020569
v -21.041748 6.143678 0.017761
v -21.042236 6.115128 0.020569
v -21.042969 6.087675 0.028931
v -21.043457 6.062373 0.042480
v -21.043701 6.040197 0.060669
v -21.044189 6.021997 0.082825
v -21.044434 6.008473 0.108154
v -21.044678 6.000145 0.135620
v -21.044678 5.997334 0.164185
v -21.044678 6.000145 0.192688
v -21.044434 6.008472 0.220154
v -21.044189 6.021997 0.245483
v -21.043701 6.040197 0.267639
v -21.043457 6.062372 0.285828
v -21.042969 6.087675 0.299377
v -21.042236 6.115128 0.307739
v -21.041748 6.143679 0.310547
v -21.041260 6.172228 0.307739
v -21.040771 6.199682 0.299377
v -21.040283 6.224983 0.285828
v -21.039795 6.247160 0.267639
v -21.039307 6.265360 0.245483
v -21.039062 6.278882 0.220154
v -21.038818 6.287210 0.192688
v -21.038818 6.290023 0.164185
v -21.038818 6.287210 0.135620
v -21.039062 6.278882 0.108154
v -21.039307 6.265359 0.082825
v -21.039795 6.247160 0.060669
v -21.040283 6.224983 0.042480
v -21.040771 6.199682 0.028931
v -21.041260 6.172228 0.020569
v 6.842834 6.193375 -1.950073
v 6.841187 6.085159 -1.936157
v 6.839661 5.981735 -1.901306
v 6.838196 5.887100 -1.847046
v 6.836975 5.804871 -1.775269
v 6.835938 5.738220 -1.688904
v 6.835205 5.689713 -1.591125
v 6.834778 5.661179 -1.485840
v 6.834656 5.653763 -1.376953
v 6.834900 5.667717 -1.268738
v 6.835388 5.702515 -1.165283
v 6.836243 5.756821 -1.070618
v 6.837341 5.828545 -0.988403
v 6.838623 5.914940 -0.921753
v 6.840088 6.012672 -0.873230
v 6.841675 6.117989 -0.844666
v 6.843384 6.226852 -0.837280
v 6.844971 6.335068 -0.851196
v 6.846558 6.438484 -0.886047
v 6.848022 6.533119 -0.940369
v 6.849243 6.615349 -1.012085
v 6.850281 6.681999 -1.098450
v 6.851013 6.730515 -1.196228
v 6.851440 6.759033 -1.301575
v 6.851563 6.766464 -1.410400
v 6.851318 6.752502 -1.518677
v 6.850830 6.717712 -1.622070
v 6.849976 6.663406 -1.716736
v 6.848877 6.591675 -1.798950
v 6.847595 6.505280 -1.865601
v 6.846130 6.407547 -1.914124
v 6.844482 6.302231 -1.942688
v 6.836121 5.748962 -1.287415
v 6.835938 5.737167 -1.410400
v 6.836243 5.757614 -1.532288
v 6.837036 5.808899 -1.644653
v 6.838257 5.887527 -1.739990
v 6.839783 5.988144 -1.811646
v 6.841553 6.103867 -1.854858
v 6.836792 5.792168 -1.171692
v 6.837158 5.815109 -1.312500
v 6.837952 5.869919 -1.439148
v 6.839050 5.939240 -1.563110
v 6.840271 6.020401 -1.679687
v 6.841614 6.110291 -1.784424
v 6.843384 6.226852 -1.866699
v 6.837891 5.863861 -1.071045
v 6.838806 5.925903 -1.222961
v 6.839844 5.993393 -1.351562
v 6.841003 6.070114 -1.481262
v 6.842285 6.153137 -1.606995
v 6.843567 6.239258 -1.723938
v 6.845215 6.348679 -1.846191
v 6.839294 5.959145 -0.992432
v 6.840698 6.050362 -1.138245
v 6.841919 6.128670 -1.263428
v 6.843140 6.210114 -1.393677
v 6.844360 6.291550 -1.523865
v 6.845520 6.369858 -1.649109
v 6.846924 6.461075 -1.794922
v 6.841003 6.071541 -0.941162
v 6.842651 6.180962 -1.063416
v 6.843994 6.267082 -1.180359
v 6.845276 6.350098 -1.306091
v 6.846436 6.426819 -1.435791
v 6.847412 6.494324 -1.564392
v 6.848389 6.556366 -1.716309
v 6.842834 6.193375 -0.920715
v 6.844604 6.309929 -1.002930
v 6.846008 6.399826 -1.107605
v 6.847229 6.480980 -1.224243
v 6.848267 6.550293 -1.348206
v 6.849121 6.605103 -1.474854
v 6.849426 6.628052 -1.615662
v 6.844727 6.316345 -0.932495
v 6.846497 6.432083 -0.975708
v 6.848022 6.532692 -1.047363
v 6.849182 6.611320 -1.142700
v 6.849976 6.662598 -1.255066
v 6.850281 6.683044 -1.376953
v 6.850098 6.671265 -1.499939
v -21.041748 6.143678 0.017761
v -21.042236 6.115128 0.020569
v -21.042969 6.087675 0.028931
v -21.043457 6.062373 0.042480
v -21.043701 6.040197 0.060669
v -21.044189 6.021997 0.082825
v -21.044434 6.008473 0.108154
v -21.044678 6.000145 0.135620
v -21.044678 5.997334 0.164185
v -21.044678 6.000145 0.192688
v -21.044434 6.008472 0.220154
v -21.044189 6.021997 0.245483
v -21.043701 6.040197 0.267639
v -21.043457 6.062372 0.285828
v -21.042969 6.087675 0.299377
v -21.042236 6.115128 0.307739
v -21.041748 6.143679 0.310547
v -21.041260 6.172228 0.307739
v -21.040771 6.199682 0.299377
v -21.040283 6.224983 0.285828
v -21.039795 6.247160 0.267639
v -21.039307 6.265360 0.245483
v -21.039062 6.278882 0.220154
v -21.038818 6.287210 0.192688
v -21.038818 6.290023 0.164185
v -21.038818 6.287210 0.135620
v -21.039062 6.278882 0.108154
v -21.039307 6.265359 0.082825
v -21.039795 6.247160 0.060669
v -21.040283 6.224983 0.042480
v -21.040771 6.199682 0.028931
v -21.041260 6.172228 0.020569
v -21.043213 6.068907 0.278320
v -21.042725 6.100412 0.284241
v -21.041992 6.133507 0.285095
v -21.041260 6.166916 0.281006
v -21.040771 6.199360 0.272034
v -21.040039 6.229586 0.258484
v -21.039551 6.256439 0.240967
v -21.043457 6.052736 0.251465
v -21.042969 6.086882 0.253723
v -21.042236 6.123123 0.252075
v -21.041504 6.160067 0.246582
v -21.040771 6.196297 0.237488
v -21.040039 6.230413 0.225159
v -21.039551 6.261113 0.210022
v -21.043945 6.039873 0.220337
v -21.043213 6.075207 0.218140
v -21.042480 6.113117 0.213501
v -21.041504 6.152146 0.206726
v -21.040771 6.190797 0.198059
v -21.040039 6.227579 0.187805
v -21.039551 6.261085 0.176331
v -21.043945 6.030906 0.186584
v -21.043213 6.065998 0.179626
v -21.042480 6.104077 0.172058
v -21.041748 6.143679 0.164185
v -21.041016 6.183279 0.156250
v -21.040283 6.221356 0.148682
v -21.039551 6.256452 0.141724
v -21.044189 6.026272 0.151978
v -21.043457 6.059776 0.140503
v -21.042725 6.096560 0.130249
v -21.041992 6.135210 0.121582
v -21.041260 6.174239 0.114807
v -21.040527 6.212148 0.110168
v -21.039795 6.247484 0.107971
v -21.044189 6.026244 0.118286
v -21.043457 6.056942 0.103149
v -21.042725 6.091062 0.090820
v -21.041992 6.127290 0.081726
v -21.041260 6.164234 0.076294
v -21.040771 6.200475 0.074585
v -21.040039 6.234622 0.076843
v -21.043945 6.030917 0.087341
v -21.043457 6.057768 0.069824
v -21.042969 6.087998 0.056274
v -21.042236 6.120441 0.047302
v -21.041504 6.153851 0.043213
v -21.041016 6.186945 0.044067
v -21.040283 6.218454 0.049988
vt 0.037272 0.000488
vt 0.269605 0.000488
vt 0.545752 0.000488
vt 0.147704 0.000489
vt 0.299380 0.000490
vt 0.040306 0.000490
vt 0.034236 0.000494
vt 0.061373 0.000496
vt 0.043335 0.000498
vt 0.058334 0.000498
vt 0.272597 0.000500
vt 0.266614 0.000501
vt 0.064423 0.000504
vt 0.055305 0.000504
vt 0.031197 0.000508
vt 0.541014 0.000512
vt 0.046350 0.000513
vt 0.052290 0.000516
vt 0.028147 0.000524
vt 0.067508 0.000526
vt 0.049320 0.000530
vt 0.263621 0.000535
vt 0.275596 0.000535
vt 0.550488 0.000550
vt 0.025065 0.000553
vt 0.070557 0.000576
vt 0.150811 0.000580
vt 0.144598 0.000584
vt 0.260627 0.000589
vt 0.278627 0.000597
vt 0.022022 0.000606
vt 0.073596 0.000610
vt 0.536278 0.000612
vt 0.379288 0.000620
vt 0.298711 0.000627
vt 0.019010 0.000637
vt 0.257632 0.000659
vt 0.076625 0.000667
vt 0.015923 0.000677
vt 0.555220 0.000688
vt 0.281658 0.000696
vt 0.079633 0.000702
vt 0.254639 0.000743
vt 0.012828 0.000748
vt 0.082718 0.000748
vt 0.298060 0.000766
vt 0.531544 0.000788
vt 0.284656 0.000823
vt 0.085814 0.000826
vt 0.153910 0.000826
vt 0.251655 0.000835
vt 0.141500 0.000836
vt 0.009771 0.000837
vt 0.559949 0.000903
vt 0.088870 0.000922
vt 0.248704 0.000928
vt 0.006724 0.000951
vt 0.287647 0.000974
vt 0.245754 0.001002
vt 0.526815 0.001039
vt 0.091919 0.001043
vt 0.327221 0.001072
vt 0.242770 0.001073
vt 0.269608 0.001075
vt 0.266621 0.001088
vt 0.272595 0.001088
vt 0.263632 0.001122
vt 0.275589 0.001128
vt 0.003672 0.001134
vt 0.239770 0.001140
vt 0.290637 0.001156
vt 0.260642 0.001175
vt 0.564672 0.001192
vt 0.278611 0.001204
vt 0.236734 0.001206
vt 0.327822 0.001216
vt 0.156994 0.001217
vt 0.094975 0.001231
vt 0.138419 0.001236
vt 0.257650 0.001246
vt 0.233700 0.001277
vt 0.382214 0.001283
vt 0.281633 0.001288
vt 0.254659 0.001328
vt 0.230702 0.001342
vt 0.328424 0.001361
vt 0.522091 0.001366
vt 0.227715 0.001398
vt 0.293629 0.001401
vt 0.284626 0.001410
vt 0.251676 0.001415
vt 0.224729 0.001446
vt 0.221745 0.001482
vt 0.248720 0.001493
vt 0.218759 0.001507
vt 0.000630 0.001510
vt 0.215771 0.001520
vt 0.212781 0.001525
vt 0.209789 0.001525
vt 0.206794 0.001535
vt 0.049319 0.001541
vt 0.037262 0.001545
vt 0.040294 0.001545
vt 0.043320 0.001551
vt 0.034228 0.001552
vt 0.058347 0.001555
vt 0.046336 0.001556
vt 0.055318 0.001557
vt 0.061382 0.001557
vt 0.569388 0.001557
vt 0.052303 0.001559
vt 0.287611 0.001560
vt 0.031191 0.001569
vt 0.064427 0.001573
vt 0.245765 0.001583
vt 0.203794 0.001592
vt 0.028145 0.001593
vt 0.070544 0.001612
vt 0.098026 0.001613
vt 0.067497 0.001618
vt 0.022034 0.001638
vt 0.025077 0.001643
vt 0.242780 0.001659
vt 0.073580 0.001689
vt 0.076611 0.001695
vt 0.019015 0.001700
vt 0.239780 0.001732
vt 0.160062 0.001741
vt 0.290592 0.001741
vt 0.079625 0.001764
vt 0.517376 0.001769
vt 0.135355 0.001773
vt 0.015944 0.001776
vt 0.236748 0.001814
vt 0.200805 0.001818
vt 0.012864 0.001819
vt 0.296601 0.001822
vt 0.082696 0.001846
vt 0.385159 0.001865
vt 0.233717 0.001869
vt 0.085774 0.001897
vt 0.009817 0.001899
vt 0.230717 0.001930
vt 0.293561 0.001982
vt 0.227728 0.001984
vt 0.088821 0.001985
vt 0.574095 0.001997
vt 0.006786 0.002009
vt 0.224740 0.002032
vt 0.221753 0.002068
vt 0.218765 0.002092
vt 0.091854 0.002102
vt 0.215775 0.002106
vt 0.212784 0.002110
vt 0.209793 0.002111
vt 0.206803 0.002120
vt 0.203824 0.002174
vt 0.003777 0.002182
vt 0.512670 0.002249
vt 0.094869 0.002282
vt 0.388117 0.002368
vt 0.296469 0.002377
vt 0.200901 0.002380
vt 0.163111 0.002383
vt 0.132312 0.002431
vt 0.000846 0.002509
vt 0.578791 0.002514
vt 0.097808 0.002614
vt 0.391087 0.002800
vt 0.507975 0.002802
vt 0.583475 0.003106
vt 0.166142 0.003125
vt 0.394065 0.003169
vt 0.129289 0.003195
vt 0.503289 0.003435
vt 0.397048 0.003489
vt 0.588146 0.003773
vt 0.400035 0.003773
vt 0.169159 0.003943
vt 0.299735 0.004005
vt 0.403024 0.004038
vt 0.126283 0.004044
vt 0.299090 0.004053
vt 0.298440 0.004103
vt 0.498622 0.004142
vt 0.406013 0.004298
vt 0.326769 0.004408
vt 0.327367 0.004464
vt 0.592802 0.004515
vt 0.327979 0.004524
vt 0.409000 0.004572
vt 0.172166 0.004816
vt 0.411985 0.004873
vt 0.493970 0.004925
vt 0.123289 0.004955
vt 0.414967 0.005216
vt 0.597441 0.005334
vt 0.417940 0.005614
vt 0.175169 0.005721
vt 0.489335 0.005784
vt 0.120303 0.005902
vt 0.420905 0.006078
vt 0.602061 0.006229
vt 0.423857 0.006614
vt 0.178176 0.006630
vt 0.484720 0.006719
vt 0.117315 0.006865
vt 0.606661 0.007199
vt 0.426795 0.007228
vt 0.299818 0.007393
vt 0.299187 0.007408
vt 0.298545 0.007423
vt 0.181193 0.007523
vt 0.326572 0.007698
vt 0.327180 0.007720
vt 0.480125 0.007730
vt 0.327796 0.007742
vt 0.114318 0.007818
vt 0.429713 0.007920
vt 0.611239 0.008245
vt 0.184225 0.008377
vt 0.432613 0.008690
vt 0.111308 0.008739
vt 0.475553 0.008818
vt 0.187277 0.009170
vt 0.615793 0.009367
vt 0.435493 0.009533
vt 0.108279 0.009608
vt 0.190349 0.009892
vt 0.470992 0.009985
vt 0.105229 0.010409
vt 0.438352 0.010440
vt 0.193441 0.010529
vt 0.620323 0.010564
vt 0.299790 0.010734
vt 0.299166 0.010736
vt 0.298528 0.010737
vt 0.326500 0.010979
vt 0.327109 0.010985
vt 0.327730 0.010990
vt 0.196588 0.011089
vt 0.102158 0.011131
vt 0.441195 0.011404
vt 0.099029 0.011777
vt 0.444021 0.012411
vt 0.446835 0.013450
vt 0.298462 0.014059
vt 0.299096 0.014064
vt 0.299717 0.014068
vt 0.327719 0.014252
vt 0.327093 0.014254
vt 0.326481 0.014256
vt 0.449645 0.014505
vt 0.452453 0.015561
vt 0.455266 0.016604
vt 0.298378 0.017394
vt 0.299011 0.017402
vt 0.299629 0.017408
vt 0.327730 0.017519
vt 0.327102 0.017523
vt 0.326489 0.017528
vt 0.458091 0.017617
vt 0.460930 0.018586
vt 0.463789 0.019500
vt 0.466668 0.020349
vt 0.298297 0.020743
vt 0.298928 0.020752
vt 0.299545 0.020760
vt 0.327750 0.020787
vt 0.327120 0.020792
vt 0.326504 0.020798
vt 0.469567 0.021121
vt 0.472487 0.021813
vt 0.327771 0.024061
vt 0.327138 0.024064
vt 0.326520 0.024068
vt 0.298227 0.024104
vt 0.298858 0.024114
vt 0.299475 0.024122
vt 0.327791 0.027350
vt 0.327151 0.027351
vt 0.326527 0.027353
vt 0.298176 0.027474
vt 0.298806 0.027482
vt 0.299423 0.027490
vt 0.372866 0.027723
vt 0.375794 0.028406
vt 0.378735 0.029027
vt 0.381690 0.029585
vt 0.384658 0.030089
vt 0.387631 0.030546
vt 0.326515 0.030675
vt 0.327156 0.030678
vt 0.327804 0.030681
vt 0.298144 0.030845
vt 0.298774 0.030851
vt 0.299390 0.030856
vt 0.147852 0.030910
vt 0.150253 0.030918
vt 0.145455 0.030941
vt 0.390613 0.030962
vt 0.152667 0.030975
vt 0.143047 0.031023
vt 0.155102 0.031086
vt 0.140622 0.031154
vt 0.157567 0.031248
vt 0.138171 0.031341
vt 0.393600 0.031352
vt 0.160071 0.031459
vt 0.135685 0.031577
vt 0.162627 0.031724
vt 0.396587 0.031725
vt 0.133153 0.031867
vt 0.165246 0.032035
vt 0.399576 0.032094
vt 0.130562 0.032205
vt 0.167942 0.032389
vt 0.402563 0.032471
vt 0.127899 0.032590
vt 0.170724 0.032782
vt 0.405548 0.032869
vt 0.125154 0.033015
vt 0.173602 0.033203
vt 0.408529 0.033297
vt 0.122318 0.033474
vt 0.176578 0.033646
vt 0.411503 0.033766
vt 0.119385 0.033956
vt 0.326501 0.034002
vt 0.327125 0.034008
vt 0.327765 0.034015
vt 0.179646 0.034096
vt 0.298100 0.034101
vt 0.298731 0.034106
vt 0.299348 0.034110
vt 0.414469 0.034283
vt 0.116358 0.034454
vt 0.182793 0.034542
vt 0.417426 0.034855
vt 0.113249 0.034951
vt 0.185996 0.034972
vt 0.189220 0.035373
vt 0.110077 0.035438
vt 0.420371 0.035484
vt 0.192428 0.035737
vt 0.106874 0.035899
vt 0.423301 0.036171
vt 0.103677 0.036326
vt 0.426219 0.036917
vt 0.326466 0.037297
vt 0.327087 0.037305
vt 0.327722 0.037313
vt 0.298047 0.037350
vt 0.298680 0.037355
vt 0.299298 0.037359
vt 0.429120 0.037716
vt 0.432010 0.038565
vt 0.434887 0.039456
vt 0.437752 0.040379
vt 0.326424 0.040583
vt 0.327045 0.040591
vt 0.327680 0.040599
vt 0.297989 0.040612
vt 0.298625 0.040616
vt 0.299245 0.040620
vt 0.440611 0.041326
vt 0.443467 0.042284
vt 0.446320 0.043241
vt 0.326382 0.043869
vt 0.327004 0.043876
vt 0.327641 0.043883
vt 0.297935 0.043884
vt 0.298573 0.043888
vt 0.299197 0.043891
vt 0.449180 0.044187
vt 0.452045 0.045109
vt 0.454921 0.045996
vt 0.457809 0.046839
vt 0.326345 0.047153
vt 0.326968 0.047160
vt 0.297891 0.047162
vt 0.298531 0.047165
vt 0.327606 0.047166
vt 0.299156 0.047167
vt 0.460712 0.047630
vt 0.463629 0.048361
vt 0.466559 0.049029
vt 0.326319 0.050430
vt 0.326940 0.050434
vt 0.297866 0.050435
vt 0.298504 0.050437
vt 0.327575 0.050438
vt 0.299127 0.050438
vt 0.297868 0.053678
vt 0.298498 0.053678
vt 0.299106 0.053678
vt 0.326317 0.053678
vt 0.326923 0.053678
vt 0.327552 0.053678
vt 0.299127 0.056918
vt 0.327575 0.056919
vt 0.298504 0.056920
vt 0.297866 0.056922
vt 0.326940 0.056923
vt 0.326319 0.056926
vt 0.162015 0.057790
vt 0.164516 0.057790
vt 0.159585 0.057792
vt 0.167103 0.057796
vt 0.157212 0.057798
vt 0.154884 0.057803
vt 0.169787 0.057807
vt 0.152586 0.057813
vt 0.150308 0.057824
vt 0.172578 0.057828
vt 0.148038 0.057838
vt 0.145769 0.057857
vt 0.175479 0.057857
vt 0.143495 0.057878
vt 0.178488 0.057897
vt 0.141205 0.057902
vt 0.138889 0.057929
vt 0.181594 0.057948
vt 0.136532 0.057958
vt 0.134123 0.057990
vt 0.184775 0.058011
vt 0.131647 0.058024
vt 0.129090 0.058066
vt 0.188005 0.058084
vt 0.126440 0.058114
vt 0.191289 0.058162
vt 0.123686 0.058171
vt 0.120822 0.058238
vt 0.117850 0.058318
vt 0.114777 0.058410
vt 0.111622 0.058512
vt 0.108410 0.058627
vt 0.105134 0.058747
vt 0.046355 0.058883
vt 0.049293 0.058884
vt 0.043417 0.058885
vt 0.052231 0.058888
vt 0.040478 0.058890
vt 0.055170 0.058895
vt 0.037540 0.058896
vt 0.058108 0.058905
vt 0.034602 0.058906
vt 0.061046 0.058917
vt 0.031664 0.058919
vt 0.063984 0.058932
vt 0.028728 0.058934
vt 0.066921 0.058952
vt 0.025792 0.058953
vt 0.069857 0.058973
vt 0.022858 0.058974
vt 0.072792 0.058996
vt 0.019926 0.058999
vt 0.075724 0.059023
vt 0.016996 0.059026
vt 0.078656 0.059053
vt 0.014067 0.059055
vt 0.081585 0.059085
vt 0.011141 0.059088
vt 0.084511 0.059121
vt 0.008219 0.059123
vt 0.087435 0.059159
vt 0.005300 0.059161
vt 0.090356 0.059200
vt 0.002342 0.059204
vt 0.093273 0.059244
vt 0.096186 0.059290
vt 0.299156 0.060189
vt 0.327606 0.060191
vt 0.298531 0.060192
vt 0.297891 0.060195
vt 0.326968 0.060197
vt 0.326345 0.060203
vt 0.245730 0.062003
vt 0.248627 0.062003
vt 0.242835 0.062006
vt 0.251526 0.062006
vt 0.239942 0.062011
vt 0.254426 0.062011
vt 0.237051 0.062017
vt 0.257330 0.062018
vt 0.234162 0.062027
vt 0.260235 0.062027
vt 0.263141 0.062038
vt 0.231274 0.062039
vt 0.266049 0.062052
vt 0.228387 0.062054
vt 0.268958 0.062067
vt 0.225502 0.062072
vt 0.271866 0.062085
vt 0.222618 0.062092
vt 0.274774 0.062106
vt 0.219735 0.062114
vt 0.277681 0.062129
vt 0.216852 0.062139
vt 0.280586 0.062154
vt 0.213970 0.062167
vt 0.283489 0.062182
vt 0.211088 0.062197
vt 0.286388 0.062211
vt 0.208206 0.062230
vt 0.289283 0.062243
vt 0.205325 0.062265
vt 0.292173 0.062277
vt 0.202445 0.062301
vt 0.295100 0.062315
vt 0.299197 0.063466
vt 0.298573 0.063469
vt 0.297935 0.063473
vt 0.327641 0.063473
vt 0.327004 0.063481
vt 0.326382 0.063488
vt 0.299245 0.066737
vt 0.298625 0.066741
vt 0.297989 0.066745
vt 0.327680 0.066757
vt 0.327045 0.066765
vt 0.326424 0.066774
vt 0.299298 0.069998
vt 0.298680 0.070002
vt 0.298046 0.070006
vt 0.327722 0.070044
vt 0.327086 0.070052
vt 0.326466 0.070060
vt 0.299348 0.073246
vt 0.298731 0.073251
vt 0.298100 0.073256
vt 0.327765 0.073341
vt 0.327125 0.073348
vt 0.326501 0.073355
vt 0.299389 0.076501
vt 0.298774 0.076506
vt 0.298144 0.076511
vt 0.327804 0.076676
vt 0.327156 0.076679
vt 0.326515 0.076682
vt 0.299422 0.079867
vt 0.298806 0.079874
vt 0.298176 0.079883
vt 0.326527 0.080004
vt 0.327151 0.080005
vt 0.327791 0.080007
vt 0.191329 0.082087
vt 0.188076 0.082146
vt 0.184836 0.082220
vt 0.181643 0.082306
vt 0.178528 0.082403
vt 0.175511 0.082506
vt 0.172604 0.082611
vt 0.105418 0.082682
vt 0.108668 0.082703
vt 0.169810 0.082718
vt 0.111895 0.082739
vt 0.115065 0.082785
vt 0.167124 0.082821
vt 0.118150 0.082842
vt 0.121133 0.082907
vt 0.164539 0.082916
vt 0.124005 0.082973
vt 0.162043 0.083002
vt 0.126765 0.083040
vt 0.159623 0.083080
vt 0.129419 0.083105
vt 0.157265 0.083145
vt 0.131975 0.083164
vt 0.154957 0.083198
vt 0.134446 0.083213
vt 0.299475 0.083234
vt 0.152686 0.083242
vt 0.298858 0.083243
vt 0.298227 0.083252
vt 0.136846 0.083253
vt 0.150441 0.083274
vt 0.139188 0.083282
vt 0.326520 0.083288
vt 0.327138 0.083292
vt 0.148212 0.083295
vt 0.327771 0.083296
vt 0.141484 0.083301
vt 0.145985 0.083309
vt 0.143746 0.083311
vt 0.326504 0.086559
vt 0.327120 0.086565
vt 0.327750 0.086569
vt 0.299545 0.086596
vt 0.298928 0.086604
vt 0.298296 0.086613
vt 0.326489 0.089829
vt 0.327102 0.089834
vt 0.327730 0.089838
vt 0.299629 0.089948
vt 0.299011 0.089955
vt 0.298378 0.089962
vt 0.326481 0.093101
vt 0.327093 0.093103
vt 0.327718 0.093105
vt 0.299717 0.093289
vt 0.299096 0.093293
vt 0.298461 0.093298
vt 0.327730 0.096367
vt 0.327109 0.096372
vt 0.326500 0.096378
vt 0.298528 0.096619
vt 0.299166 0.096621
vt 0.299790 0.096622
vt 0.327796 0.099614
vt 0.327180 0.099637
vt 0.326572 0.099658
vt 0.298544 0.099934
vt 0.299187 0.099949
vt 0.299818 0.099964
vt 0.327979 0.102833
vt 0.327367 0.102892
vt 0.326769 0.102949
vt 0.298439 0.103254
vt 0.299090 0.103304
vt 0.299735 0.103352
vt 0.328424 0.105996
vt 0.327822 0.106141
vt 0.327221 0.106285
vt 0.298059 0.106590
vt 0.298711 0.106730
vt 0.299380 0.106867
vt 0.192170 0.107730
vt 0.188906 0.107771
vt 0.185714 0.107812
vt 0.182576 0.107850
vt 0.179508 0.107888
vt 0.176521 0.107926
vt 0.173621 0.107962
vt 0.170809 0.107996
vt 0.168084 0.108031
vt 0.165439 0.108063
vt 0.162868 0.108094
vt 0.160360 0.108122
vt 0.157905 0.108147
vt 0.155493 0.108172
vt 0.153112 0.108195
vt 0.150751 0.108214
vt 0.148399 0.108233
vt 0.146049 0.108248
vt 0.143691 0.108259
vt 0.141317 0.108271
vt 0.138916 0.108280
vt 0.136475 0.108288
vt 0.133984 0.108294
vt 0.131432 0.108298
vt 0.128811 0.108301
vt 0.126111 0.108305
vt 0.123325 0.108309
vt 0.120452 0.108311
vt 0.117490 0.108313
vt 0.114445 0.108317
vt 0.111326 0.108319
vt 0.108147 0.108320
vt 0.104890 0.108324
vt 0.043419 0.114361
vt 0.046341 0.114361
vt 0.040499 0.114362
vt 0.049262 0.114362
vt 0.052183 0.114363
vt 0.037577 0.114364
vt 0.055104 0.114364
vt 0.034656 0.114366
vt 0.058024 0.114367
vt 0.031736 0.114369
vt 0.060945 0.114370
vt 0.028815 0.114372
vt 0.063866 0.114373
vt 0.025894 0.114376
vt 0.066786 0.114377
vt 0.022975 0.114380
vt 0.069705 0.114381
vt 0.020055 0.114385
vt 0.072625 0.114387
vt 0.017135 0.114390
vt 0.075544 0.114392
vt 0.014216 0.114395
vt 0.078463 0.114397
vt 0.011297 0.114401
vt 0.081381 0.114404
vt 0.008379 0.114407
vt 0.084298 0.114410
vt 0.005461 0.114413
vt 0.087215 0.114416
vt 0.002544 0.114419
vt 0.090132 0.114423
vt 0.093047 0.114431
vt 0.095962 0.114437
vt 0.219780 0.116774
vt 0.216894 0.116774
vt 0.222666 0.116774
vt 0.214009 0.116776
vt 0.225553 0.116776
vt 0.228440 0.116779
vt 0.211124 0.116780
vt 0.208240 0.116783
vt 0.231327 0.116783
vt 0.205356 0.116788
vt 0.234215 0.116789
vt 0.202472 0.116793
vt 0.237103 0.116796
vt 0.239992 0.116803
vt 0.242881 0.116811
vt 0.245769 0.116819
vt 0.248658 0.116828
vt 0.251547 0.116836
vt 0.254437 0.116844
vt 0.257326 0.116852
vt 0.260215 0.116858
vt 0.263104 0.116864
vt 0.294860 0.116866
vt 0.291976 0.116868
vt 0.265993 0.116869
vt 0.289091 0.116871
vt 0.268882 0.116873
vt 0.286206 0.116873
vt 0.283320 0.116874
vt 0.271771 0.116875
vt 0.280433 0.116876
vt 0.274659 0.116876
vt 0.277546 0.116877
vt 0.545262 0.121309
vt 0.548065 0.121319
vt 0.542460 0.121323
vt 0.550867 0.121352
vt 0.539657 0.121361
vt 0.553665 0.121410
vt 0.536858 0.121423
vt 0.556460 0.121491
vt 0.534063 0.121508
vt 0.559249 0.121596
vt 0.531272 0.121618
vt 0.562032 0.121725
vt 0.528488 0.121752
vt 0.564807 0.121877
vt 0.525712 0.121908
vt 0.567572 0.122052
vt 0.522944 0.122087
vt 0.570327 0.122250
vt 0.520185 0.122263
vt 0.573070 0.122470
vt 0.517440 0.122489
vt 0.575800 0.122712
vt 0.514708 0.122737
vt 0.578515 0.122977
vt 0.511990 0.123008
vt 0.581214 0.123263
vt 0.509288 0.123299
vt 0.583896 0.123571
vt 0.506602 0.123613
vt 0.586560 0.123899
vt 0.503936 0.123948
vt 0.589203 0.124253
vt 0.501287 0.124297
vt 0.476822 0.130414
vt 0.452349 0.130448
vt 0.451720 0.130562
vt 0.477428 0.130573
vt 0.451090 0.130677
vt 0.478034 0.130734
vt 0.150824 0.132758
vt 0.148554 0.132764
vt 0.153106 0.132772
vt 0.146287 0.132785
vt 0.155410 0.132806
vt 0.144010 0.132825
vt 0.157750 0.132861
vt 0.141713 0.132886
vt 0.160137 0.132938
vt 0.139385 0.132968
vt 0.162583 0.133035
vt 0.137015 0.133073
vt 0.165102 0.133147
vt 0.134588 0.133197
vt 0.167705 0.133275
vt 0.132093 0.133340
vt 0.170404 0.133412
vt 0.129518 0.133498
vt 0.173208 0.133553
vt 0.126850 0.133668
vt 0.176118 0.133691
vt 0.476297 0.133762
vt 0.179133 0.133818
vt 0.476901 0.133833
vt 0.124080 0.133845
vt 0.452608 0.133896
vt 0.477518 0.133908
vt 0.451992 0.133919
vt 0.182243 0.133929
vt 0.451362 0.133945
vt 0.121205 0.134020
vt 0.185432 0.134020
vt 0.188677 0.134087
vt 0.191973 0.134127
vt 0.118223 0.134188
vt 0.115144 0.134342
vt 0.111980 0.134480
vt 0.108755 0.134594
vt 0.105470 0.134684
vt 0.476025 0.137063
vt 0.476638 0.137101
vt 0.477260 0.137141
vt 0.451369 0.137211
vt 0.451996 0.137220
vt 0.452613 0.137229
vt 0.475869 0.140361
vt 0.476484 0.140385
vt 0.477112 0.140409
vt 0.451267 0.140495
vt 0.451898 0.140517
vt 0.452516 0.140540
vt 0.475767 0.143669
vt 0.476386 0.143684
vt 0.477019 0.143701
vt 0.451123 0.143802
vt 0.451761 0.143829
vt 0.452384 0.143855
vt 0.343944 0.144950
vt 0.346994 0.145700
vt 0.350046 0.146445
vt 0.475695 0.146996
vt 0.476320 0.147007
vt 0.476959 0.147018
vt 0.450968 0.147155
vt 0.451616 0.147180
vt 0.353096 0.147187
vt 0.452257 0.147204
vt 0.356150 0.147927
vt 0.359204 0.148662
vt 0.362257 0.149394
vt 0.365311 0.150123
vt 0.475635 0.150360
vt 0.476277 0.150368
vt 0.476925 0.150377
vt 0.450865 0.150512
vt 0.451505 0.150532
vt 0.452130 0.150551
vt 0.368367 0.150848
vt 0.371424 0.151571
vt 0.374482 0.152289
vt 0.377540 0.153005
vt 0.380599 0.153717
vt 0.475605 0.153725
vt 0.476231 0.153731
vt 0.476872 0.153737
vt 0.450777 0.153830
vt 0.451411 0.153846
vt 0.452031 0.153861
vt 0.383659 0.154425
vt 0.386720 0.155131
vt 0.389782 0.155833
vt 0.392843 0.156531
vt 0.475585 0.157056
vt 0.476206 0.157058
vt 0.476841 0.157060
vt 0.450707 0.157133
vt 0.451340 0.157144
vt 0.451957 0.157154
vt 0.395906 0.157226
vt 0.191737 0.157608
vt 0.188405 0.157688
vt 0.185094 0.157768
vt 0.181832 0.157841
vt 0.178661 0.157909
vt 0.398971 0.157918
vt 0.175606 0.157970
vt 0.172683 0.158026
vt 0.169893 0.158077
vt 0.106004 0.158108
vt 0.167229 0.158123
vt 0.164680 0.158167
vt 0.109309 0.158182
vt 0.162230 0.158207
vt 0.159862 0.158245
vt 0.112605 0.158249
vt 0.157559 0.158279
vt 0.115844 0.158306
vt 0.155307 0.158311
vt 0.153092 0.158340
vt 0.118988 0.158355
vt 0.150903 0.158367
vt 0.148730 0.158390
vt 0.122013 0.158393
vt 0.146560 0.158405
vt 0.124907 0.158422
vt 0.144374 0.158424
vt 0.142165 0.158439
vt 0.127669 0.158441
vt 0.139919 0.158451
vt 0.130308 0.158454
vt 0.137626 0.158458
vt 0.132837 0.158460
vt 0.135271 0.158462
vt 0.402037 0.158605
vt 0.405102 0.159289
vt 0.408167 0.159970
vt 0.476838 0.160369
vt 0.476204 0.160372
vt 0.475585 0.160374
vt 0.450664 0.160432
vt 0.451295 0.160436
vt 0.451911 0.160439
vt 0.411234 0.160647
vt 0.414301 0.161321
vt 0.417370 0.161992
vt 0.420439 0.162659
vt 0.423508 0.163324
vt 0.476865 0.163673
vt 0.476233 0.163681
vt 0.475615 0.163687
vt 0.451904 0.163721
vt 0.451289 0.163725
vt 0.450659 0.163728
vt 0.426579 0.163984
vt 0.429650 0.164641
vt 0.432723 0.165295
vt 0.435794 0.165945
vt 0.438867 0.166592
vt 0.476915 0.166975
vt 0.476284 0.166987
vt 0.475667 0.166997
vt 0.451930 0.167005
vt 0.451316 0.167015
vt 0.450686 0.167024
vt 0.441942 0.167235
vt 0.040501 0.169615
vt 0.043418 0.169615
vt 0.046336 0.169615
vt 0.049253 0.169615
vt 0.031748 0.169616
vt 0.034666 0.169616
vt 0.037583 0.169616
vt 0.052170 0.169616
vt 0.055088 0.169616
vt 0.058005 0.169616
vt 0.028831 0.169617
vt 0.060923 0.169617
vt 0.022996 0.169618
vt 0.025913 0.169618
vt 0.063840 0.169618
vt 0.066757 0.169618
vt 0.020079 0.169619
vt 0.069674 0.169619
vt 0.017162 0.169620
vt 0.072591 0.169620
vt 0.014245 0.169621
vt 0.075508 0.169621
vt 0.011328 0.169622
vt 0.078425 0.169622
vt 0.008411 0.169623
vt 0.005494 0.169624
vt 0.081342 0.169624
vt 0.002577 0.169625
vt 0.084259 0.169625
vt 0.087176 0.169626
vt 0.090092 0.169627
vt 0.093009 0.169628
vt 0.095925 0.169629
vt 0.476981 0.170275
vt 0.451985 0.170289
vt 0.476351 0.170290
vt 0.475735 0.170303
vt 0.451371 0.170304
vt 0.450743 0.170318
vt 0.202367 0.171348
vt 0.205294 0.171375
vt 0.294896 0.171377
vt 0.208178 0.171398
vt 0.292011 0.171401
vt 0.211064 0.171422
vt 0.289124 0.171424
vt 0.213950 0.171445
vt 0.286234 0.171447
vt 0.216836 0.171466
vt 0.283343 0.171468
vt 0.219723 0.171487
vt 0.280450 0.171488
vt 0.222610 0.171506
vt 0.277557 0.171506
vt 0.274662 0.171524
vt 0.225497 0.171524
vt 0.271767 0.171539
vt 0.228385 0.171540
vt 0.268871 0.171553
vt 0.231273 0.171555
vt 0.265976 0.171566
vt 0.234161 0.171567
vt 0.263080 0.171577
vt 0.237050 0.171578
vt 0.260186 0.171586
vt 0.239939 0.171587
vt 0.257291 0.171592
vt 0.242829 0.171593
vt 0.254397 0.171597
vt 0.245720 0.171598
vt 0.248612 0.171600
vt 0.251504 0.171600
vt 0.477059 0.173573
vt 0.452067 0.173573
vt 0.476430 0.173590
vt 0.451454 0.173592
vt 0.475816 0.173605
vt 0.450827 0.173611
vt 0.452172 0.176852
vt 0.477146 0.176864
vt 0.451562 0.176875
vt 0.476519 0.176882
vt 0.450936 0.176898
vt 0.475907 0.176899
vt 0.452295 0.180119
vt 0.477236 0.180139
vt 0.451689 0.180144
vt 0.476614 0.180158
vt 0.451068 0.180169
vt 0.476007 0.180177
vt 0.193121 0.181118
vt 0.189869 0.181394
vt 0.104324 0.181556
vt 0.186645 0.181672
vt 0.107608 0.181821
vt 0.183472 0.181947
vt 0.110863 0.182084
vt 0.180370 0.182216
vt 0.114084 0.182345
vt 0.177354 0.182481
vt 0.117248 0.182599
vt 0.174431 0.182732
vt 0.120333 0.182845
vt 0.171603 0.182971
vt 0.123328 0.183077
vt 0.168867 0.183194
vt 0.126228 0.183295
vt 0.452421 0.183351
vt 0.451831 0.183377
vt 0.477325 0.183378
vt 0.166214 0.183396
vt 0.476711 0.183398
vt 0.451218 0.183403
vt 0.476120 0.183418
vt 0.129031 0.183491
vt 0.163635 0.183577
vt 0.131744 0.183666
vt 0.161119 0.183735
vt 0.134375 0.183817
vt 0.158653 0.183866
vt 0.136934 0.183941
vt 0.156227 0.183973
vt 0.139434 0.184036
vt 0.153829 0.184053
vt 0.141886 0.184103
vt 0.151448 0.184110
vt 0.149074 0.184141
vt 0.144302 0.184143
vt 0.146694 0.184156
vt 0.452573 0.186583
vt 0.451967 0.186610
vt 0.477448 0.186616
vt 0.476826 0.186637
vt 0.451346 0.186638
vt 0.476219 0.186658
vt 0.452723 0.189851
vt 0.452112 0.189879
vt 0.477568 0.189893
vt 0.451485 0.189907
vt 0.476939 0.189913
vt 0.476325 0.189933
vt 0.452873 0.193135
vt 0.452258 0.193162
vt 0.451629 0.193190
vt 0.477681 0.193196
vt 0.477046 0.193215
vt 0.476426 0.193233
vt 0.453018 0.196430
vt 0.452400 0.196456
vt 0.451768 0.196482
vt 0.477783 0.196538
vt 0.477144 0.196552
vt 0.476506 0.196567
vt 0.453155 0.199741
vt 0.452532 0.199765
vt 0.451895 0.199790
vt 0.477851 0.199890
vt 0.477208 0.199901
vt 0.476584 0.199912
vt 0.453291 0.203086
vt 0.452652 0.203110
vt 0.452006 0.203134
vt 0.477886 0.203213
vt 0.477252 0.203221
vt 0.476634 0.203228
vt 0.453402 0.206431
vt 0.452779 0.206452
vt 0.452142 0.206475
vt 0.477912 0.206513
vt 0.477281 0.206518
vt 0.476666 0.206522
vt 0.196081 0.208543
vt 0.192865 0.208781
vt 0.189687 0.208977
vt 0.101778 0.209076
vt 0.186540 0.209134
vt 0.183429 0.209259
vt 0.105001 0.209339
vt 0.180360 0.209359
vt 0.177337 0.209435
vt 0.174361 0.209494
vt 0.171432 0.209543
vt 0.108200 0.209561
vt 0.168549 0.209585
vt 0.165708 0.209624
vt 0.162904 0.209658
vt 0.160132 0.209694
vt 0.157386 0.209730
vt 0.111380 0.209738
vt 0.453503 0.209741
vt 0.452884 0.209759
vt 0.154657 0.209768
vt 0.452253 0.209776
vt 0.477926 0.209803
vt 0.477297 0.209805
vt 0.476682 0.209805
vt 0.151940 0.209808
vt 0.149225 0.209858
vt 0.114533 0.209875
vt 0.146506 0.209900
vt 0.143775 0.209944
vt 0.117651 0.209976
vt 0.141023 0.209986
vt 0.138245 0.210024
vt 0.120730 0.210045
vt 0.135434 0.210058
vt 0.123764 0.210085
vt 0.132584 0.210085
vt 0.129690 0.210100
vt 0.126750 0.210102
vt 0.453578 0.213038
vt 0.452962 0.213050
vt 0.452333 0.213063
vt 0.476681 0.213083
vt 0.477294 0.213087
vt 0.477922 0.213089
vt 0.453622 0.216332
vt 0.453007 0.216338
vt 0.452378 0.216343
vt 0.476659 0.216358
vt 0.477271 0.216366
vt 0.477898 0.216373
vt 0.452382 0.219622
vt 0.453009 0.219624
vt 0.453623 0.219626
vt 0.476609 0.219630
vt 0.477220 0.219642
vt 0.477847 0.219654
vt 0.452346 0.222896
vt 0.476545 0.222903
vt 0.452971 0.222907
vt 0.477155 0.222916
vt 0.453584 0.222917
vt 0.477780 0.222929
vt 0.028833 0.224828
vt 0.031750 0.224828
vt 0.034667 0.224828
vt 0.037584 0.224828
vt 0.040500 0.224828
vt 0.043417 0.224828
vt 0.046334 0.224828
vt 0.049251 0.224828
vt 0.052168 0.224828
vt 0.055085 0.224828
vt 0.008416 0.224829
vt 0.011333 0.224829
vt 0.014249 0.224829
vt 0.017166 0.224829
vt 0.020083 0.224829
vt 0.023000 0.224829
vt 0.025916 0.224829
vt 0.058002 0.224829
vt 0.060918 0.224829
vt 0.063835 0.224829
vt 0.066752 0.224829
vt 0.069669 0.224829
vt 0.072585 0.224829
vt 0.075502 0.224829
vt 0.002583 0.224830
vt 0.005499 0.224830
vt 0.078419 0.224830
vt 0.081335 0.224830
vt 0.084252 0.224830
vt 0.087169 0.224830
vt 0.090085 0.224830
vt 0.093002 0.224831
vt 0.095919 0.224831
vt 0.452264 0.226161
vt 0.476479 0.226177
vt 0.452886 0.226183
vt 0.477089 0.226187
vt 0.477712 0.226197
vt 0.453497 0.226204
vt 0.452114 0.229407
vt 0.452732 0.229447
vt 0.477672 0.229455
vt 0.477050 0.229457
vt 0.476439 0.229457
vt 0.453340 0.229487
vt 0.451841 0.232618
vt 0.452453 0.232696
vt 0.477726 0.232697
vt 0.477102 0.232732
vt 0.476492 0.232762
vt 0.453053 0.232771
vt 0.451302 0.235766
vt 0.451902 0.235931
vt 0.478034 0.235938
vt 0.477412 0.236059
vt 0.452503 0.236094
vt 0.476789 0.236180
vt 0.155289 0.237516
vt 0.158301 0.237523
vt 0.152281 0.237533
vt 0.161318 0.237554
vt 0.149275 0.237571
vt 0.164343 0.237607
vt 0.146268 0.237634
vt 0.167377 0.237676
vt 0.143258 0.237720
vt 0.170422 0.237760
vt 0.140244 0.237826
vt 0.173478 0.237849
vt 0.176548 0.237939
vt 0.137224 0.237950
vt 0.198430 0.238002
vt 0.179631 0.238023
vt 0.134195 0.238086
vt 0.182728 0.238091
vt 0.195259 0.238097
vt 0.185840 0.238141
vt 0.192106 0.238148
vt 0.188966 0.238162
vt 0.131156 0.238228
vt 0.128106 0.238371
vt 0.125043 0.238507
vt 0.100070 0.238591
vt 0.121968 0.238631
vt 0.103235 0.238724
vt 0.118879 0.238734
vt 0.115777 0.238808
vt 0.106389 0.238810
vt 0.112660 0.238848
vt 0.109531 0.238850
vt 0.544998 0.241605
vt 0.547672 0.241606
vt 0.542323 0.241607
vt 0.539649 0.241611
vt 0.550346 0.241611
vt 0.553020 0.241617
vt 0.536975 0.241618
vt 0.555694 0.241627
vt 0.534301 0.241629
vt 0.558368 0.241640
vt 0.531627 0.241641
vt 0.561042 0.241656
vt 0.528953 0.241657
vt 0.563716 0.241673
vt 0.526278 0.241676
vt 0.566390 0.241694
vt 0.523605 0.241696
vt 0.569064 0.241716
vt 0.520930 0.241719
vt 0.571738 0.241740
vt 0.518255 0.241742
vt 0.574412 0.241767
vt 0.515580 0.241769
vt 0.577087 0.241795
vt 0.512905 0.241798
vt 0.579761 0.241824
vt 0.510230 0.241826
vt 0.582436 0.241856
vt 0.507555 0.241857
vt 0.585110 0.241887
vt 0.504880 0.241888
vt 0.502204 0.241920
vt 0.587792 0.241920
vt 0.200769 0.263746
vt 0.314714 0.263759
vt 0.296421 0.263886
vt 0.203713 0.264040
vt 0.293477 0.264180
vt 0.206697 0.264221
vt 0.290457 0.264268
vt 0.209670 0.264296
vt 0.287423 0.264339
vt 0.212696 0.264345
vt 0.284421 0.264372
vt 0.281438 0.264399
vt 0.215727 0.264420
vt 0.278488 0.264444
vt 0.275530 0.264459
vt 0.218726 0.264468
vt 0.272518 0.264476
vt 0.221705 0.264508
vt 0.266515 0.264538
vt 0.269517 0.264542
vt 0.317892 0.264547
vt 0.224650 0.264560
vt 0.227598 0.264583
vt 0.263501 0.264583
vt 0.230583 0.264615
vt 0.200589 0.264620
vt 0.233601 0.264626
vt 0.260541 0.264626
vt 0.254558 0.264632
vt 0.257578 0.264632
vt 0.242591 0.264662
vt 0.251538 0.264667
vt 0.239568 0.264678
vt 0.236595 0.264681
vt 0.245612 0.264681
vt 0.248575 0.264694
vt 0.296601 0.264781
vt 0.203638 0.264965
vt 0.293541 0.265087
vt 0.206661 0.265105
vt 0.209638 0.265203
vt 0.290482 0.265207
vt 0.287427 0.265253
vt 0.284419 0.265276
vt 0.212677 0.265282
vt 0.281437 0.265294
vt 0.278497 0.265312
vt 0.321067 0.265329
vt 0.215721 0.265333
vt 0.275549 0.265360
vt 0.218723 0.265371
vt 0.221702 0.265401
vt 0.272529 0.265404
vt 0.224639 0.265427
vt 0.269526 0.265429
vt 0.266523 0.265467
vt 0.227578 0.265477
vt 0.263501 0.265485
vt 0.260548 0.265498
vt 0.230565 0.265523
vt 0.257593 0.265535
vt 0.233594 0.265554
vt 0.236590 0.265561
vt 0.254563 0.265565
vt 0.248578 0.265566
vt 0.251534 0.265570
vt 0.239557 0.265583
vt 0.245621 0.265586
vt 0.242590 0.265596
vt 0.324247 0.266109
vt 0.220397 0.266777
vt 0.327429 0.266885
vt 0.222710 0.266933
vt 0.215523 0.267188
vt 0.214002 0.267369
vt 0.330610 0.267658
vt 0.333793 0.268427
vt 0.236130 0.269171
vt 0.336979 0.269191
vt 0.340166 0.269953
vt 0.343353 0.270711
vt 0.460551 0.271441
vt 0.346542 0.271463
vt 0.244549 0.271681
vt 0.461325 0.271746
vt 0.462099 0.272051
vt 0.349732 0.272214
vt 0.462873 0.272356
vt 0.463648 0.272661
vt 0.214164 0.272838
vt 0.215662 0.272863
vt 0.246736 0.272884
vt 0.352924 0.272959
vt 0.464422 0.272966
vt 0.220102 0.273033
vt 0.222225 0.273199
vt 0.465197 0.273271
vt 0.465971 0.273576
vt 0.356115 0.273700
vt 0.466746 0.273881
vt 0.248840 0.274142
vt 0.467522 0.274185
vt 0.359310 0.274437
vt 0.468297 0.274490
vt 0.469073 0.274794
vt 0.469849 0.275098
vt 0.362505 0.275171
vt 0.234671 0.275179
vt 0.470625 0.275402
vt 0.250916 0.275444
vt 0.471400 0.275705
vt 0.365700 0.275899
vt 0.472177 0.276008
vt 0.472953 0.276311
vt 0.473729 0.276614
vt 0.368897 0.276625
vt 0.474506 0.276916
vt 0.475282 0.277218
vt 0.372095 0.277345
vt 0.242212 0.277425
vt 0.476059 0.277520
vt 0.476835 0.277823
vt 0.375294 0.278061
vt 0.477612 0.278124
vt 0.244311 0.278216
vt 0.213840 0.278225
vt 0.215315 0.278357
vt 0.478389 0.278425
vt 0.479165 0.278725
vt 0.219526 0.278761
vt 0.378493 0.278773
vt 0.221589 0.278984
vt 0.479942 0.279026
vt 0.246446 0.279074
vt 0.480719 0.279327
vt 0.381693 0.279481
vt 0.481495 0.279627
vt 0.482272 0.279927
vt 0.248644 0.280008
vt 0.002583 0.280035
vt 0.005500 0.280035
vt 0.008417 0.280035
vt 0.011333 0.280035
vt 0.014250 0.280035
vt 0.017167 0.280035
vt 0.020083 0.280035
vt 0.023000 0.280035
vt 0.025917 0.280035
vt 0.028833 0.280035
vt 0.031750 0.280035
vt 0.034667 0.280035
vt 0.037583 0.280035
vt 0.040500 0.280035
vt 0.043417 0.280035
vt 0.046334 0.280035
vt 0.049251 0.280035
vt 0.052167 0.280035
vt 0.055084 0.280035
vt 0.058001 0.280035
vt 0.060917 0.280035
vt 0.063834 0.280035
vt 0.066751 0.280035
vt 0.069667 0.280035
vt 0.072584 0.280035
vt 0.075501 0.280035
vt 0.078417 0.280035
vt 0.081334 0.280035
vt 0.084251 0.280035
vt 0.087167 0.280035
vt 0.090084 0.280035
vt 0.093001 0.280035
vt 0.095918 0.280035
vt 0.384894 0.280185
vt 0.483047 0.280226
vt 0.483824 0.280527
vt 0.484600 0.280826
vt 0.388094 0.280884
vt 0.233364 0.280915
vt 0.485377 0.281126
vt 0.391297 0.281580
vt 0.394499 0.282271
vt 0.240554 0.282795
vt 0.397702 0.282958
vt 0.242586 0.283391
vt 0.213182 0.283578
vt 0.400904 0.283641
vt 0.214644 0.283752
vt 0.244679 0.284043
vt 0.218945 0.284283
vt 0.404107 0.284321
vt 0.220887 0.284537
vt 0.246936 0.284764
vt 0.407311 0.284996
vt 0.410516 0.285668
vt 0.413718 0.286336
vt 0.232237 0.286388
vt 0.416922 0.286999
vt 0.239231 0.287978
vt 0.241225 0.288458
vt 0.212527 0.288967
vt 0.243320 0.288992
vt 0.214004 0.289144
vt 0.245537 0.289558
vt 0.218179 0.289688
vt 0.220117 0.289949
vt 0.231246 0.291678
vt 0.238123 0.293069
vt 0.240100 0.293477
vt 0.242189 0.293931
vt 0.211911 0.294318
vt 0.244471 0.294417
vt 0.213367 0.294507
vt 0.217420 0.295023
vt 0.219366 0.295277
vt 0.199783 0.296233
vt 0.196598 0.296313
vt 0.193461 0.296386
vt 0.190322 0.296458
vt 0.187183 0.296529
vt 0.184045 0.296597
vt 0.180908 0.296660
vt 0.177771 0.296721
vt 0.174636 0.296778
vt 0.099498 0.296788
vt 0.102634 0.296822
vt 0.171501 0.296832
vt 0.105770 0.296855
vt 0.168368 0.296880
vt 0.108906 0.296887
vt 0.230367 0.296889
vt 0.112041 0.296916
vt 0.165237 0.296921
vt 0.115175 0.296944
vt 0.162106 0.296960
vt 0.118308 0.296969
vt 0.121440 0.296992
vt 0.158977 0.296992
vt 0.124571 0.297013
vt 0.155849 0.297019
vt 0.127701 0.297032
vt 0.152721 0.297042
vt 0.130831 0.297047
vt 0.149594 0.297057
vt 0.133959 0.297059
vt 0.137087 0.297066
vt 0.146468 0.297066
vt 0.143341 0.297070
vt 0.140214 0.297072
vt 0.237167 0.298117
vt 0.239120 0.298471
vt 0.241217 0.298866
vt 0.449631 0.299138
vt 0.243451 0.299291
vt 0.450392 0.299463
vt 0.211194 0.299638
vt 0.451154 0.299790
vt 0.212635 0.299815
vt 0.451921 0.300116
vt 0.216817 0.300322
vt 0.452687 0.300442
vt 0.218707 0.300570
vt 0.453457 0.300768
vt 0.454229 0.301093
vt 0.455003 0.301418
vt 0.455779 0.301741
vt 0.229580 0.302021
vt 0.456557 0.302064
vt 0.457336 0.302384
vt 0.458118 0.302704
vt 0.458900 0.303022
vt 0.236351 0.303104
vt 0.459686 0.303337
vt 0.238291 0.303407
vt 0.460472 0.303649
vt 0.240329 0.303737
vt 0.461259 0.303962
vt 0.242531 0.304095
vt 0.462048 0.304270
vt 0.462838 0.304577
vt 0.463628 0.304881
vt 0.210647 0.304947
vt 0.212092 0.305113
vt 0.464418 0.305184
vt 0.465209 0.305483
vt 0.216150 0.305570
vt 0.466001 0.305779
vt 0.218034 0.305786
vt 0.466792 0.306073
vt 0.467583 0.306365
vt 0.468373 0.306653
vt 0.469163 0.306941
vt 0.228882 0.307122
vt 0.469953 0.307225
vt 0.470741 0.307508
vt 0.471528 0.307790
vt 0.235659 0.308043
vt 0.472313 0.308069
vt 0.237548 0.308308
vt 0.473097 0.308347
vt 0.239612 0.308607
vt 0.473879 0.308624
vt 0.474660 0.308900
vt 0.241875 0.308921
vt 0.210020 0.310235
vt 0.211438 0.310380
vt 0.215609 0.310811
vt 0.217508 0.311007
vt 0.679705 0.311694
vt 0.701960 0.311876
vt 0.228247 0.312202
vt 0.657839 0.312312
vt 0.234932 0.312978
vt 0.236909 0.313231
vt 0.238995 0.313495
vt 0.241193 0.313775
vt 0.636359 0.314277
vt 0.209555 0.315532
vt 0.210988 0.315641
vt 0.679732 0.315871
vt 0.215083 0.316022
vt 0.702019 0.316078
vt 0.216959 0.316213
vt 0.658070 0.316410
vt 0.227702 0.317257
vt 0.614984 0.317464
vt 0.234372 0.317959
vt 0.236314 0.318163
vt 0.636838 0.318330
vt 0.238379 0.318378
vt 0.240636 0.318636
vt 0.679736 0.318754
vt 0.702265 0.319078
vt 0.658218 0.319195
vt 0.209170 0.320778
vt 0.210590 0.320874
vt 0.637161 0.321020
vt 0.214614 0.321209
vt 0.216476 0.321381
vt 0.615749 0.321482
vt 0.227235 0.322284
vt 0.593819 0.322458
vt 0.679738 0.322800
vt 0.233953 0.322894
vt 0.235840 0.323056
vt 0.658430 0.323080
vt 0.237876 0.323233
vt 0.240072 0.323428
vt 0.702392 0.323477
vt 0.438119 0.324014
vt 0.616287 0.324267
vt 0.438676 0.324667
vt 0.637620 0.324931
vt 0.439284 0.325339
vt 0.425887 0.325925
vt 0.410684 0.325955
vt 0.415369 0.325960
vt 0.208819 0.325961
vt 0.439933 0.326006
vt 0.210237 0.326068
vt 0.214179 0.326373
vt 0.594910 0.326418
vt 0.216032 0.326514
vt 0.440590 0.326649
vt 0.441284 0.327286
vt 0.226825 0.327319
vt 0.679701 0.327776
vt 0.233549 0.327803
vt 0.426127 0.327887
vt 0.442031 0.327909
vt 0.235470 0.327942
vt 0.237554 0.328081
vt 0.658685 0.328082
vt 0.617024 0.328129
vt 0.239782 0.328232
vt 0.442808 0.328517
vt 0.701775 0.328867
vt 0.415533 0.328948
vt 0.573088 0.329101
vt 0.595644 0.329102
vt 0.443595 0.329118
vt 0.679668 0.329436
vt 0.410885 0.329451
vt 0.658756 0.329666
vt 0.444407 0.329700
vt 0.638186 0.329707
vt 0.426527 0.329770
vt 0.445270 0.330248
vt 0.701520 0.330584
vt 0.446135 0.330789
vt 0.208346 0.331158
vt 0.209784 0.331272
vt 0.447043 0.331286
vt 0.638375 0.331293
vt 0.213821 0.331552
vt 0.427110 0.331637
vt 0.215691 0.331665
vt 0.447971 0.331758
vt 0.416016 0.331880
vt 0.448916 0.332201
vt 0.226471 0.332376
vt 0.449865 0.332640
vt 0.233194 0.332761
vt 0.411479 0.332872
vt 0.235152 0.332885
vt 0.596689 0.332905
vt 0.617974 0.332910
vt 0.574491 0.332952
vt 0.237241 0.332992
vt 0.450827 0.333052
vt 0.239511 0.333127
vt 0.451815 0.333402
vt 0.427862 0.333477
vt 0.452812 0.333720
vt 0.453808 0.334035
vt 0.454811 0.334317
vt 0.618275 0.334445
vt 0.455815 0.334566
vt 0.416774 0.334724
vt 0.456821 0.334755
vt 0.457827 0.334935
vt 0.466297 0.334997
vt 0.458821 0.335057
vt 0.465441 0.335105
vt 0.459810 0.335147
vt 0.464565 0.335190
vt 0.049250 0.335215
vt 0.046334 0.335215
vt 0.052167 0.335215
vt 0.043417 0.335216
vt 0.055084 0.335216
vt 0.040500 0.335219
vt 0.058001 0.335219
vt 0.037583 0.335222
vt 0.060917 0.335222
vt 0.460794 0.335225
vt 0.034666 0.335226
vt 0.063834 0.335226
vt 0.031749 0.335231
vt 0.066751 0.335231
vt 0.028833 0.335236
vt 0.069667 0.335236
vt 0.428721 0.335236
vt 0.025916 0.335240
vt 0.072584 0.335240
vt 0.463634 0.335241
vt 0.022999 0.335245
vt 0.075501 0.335245
vt 0.020083 0.335250
vt 0.078418 0.335250
vt 0.017166 0.335255
vt 0.081334 0.335255
vt 0.014249 0.335258
vt 0.084251 0.335258
vt 0.011332 0.335261
vt 0.087168 0.335261
vt 0.008416 0.335264
vt 0.090084 0.335264
vt 0.002583 0.335265
vt 0.005499 0.335265
vt 0.093001 0.335265
vt 0.095918 0.335266
vt 0.462713 0.335271
vt 0.461769 0.335272
vt 0.575435 0.335562
vt 0.412420 0.336140
vt 0.207959 0.336432
vt 0.209400 0.336535
vt 0.213499 0.336766
vt 0.215386 0.336859
vt 0.429699 0.336903
vt 0.553072 0.337412
vt 0.226177 0.337443
vt 0.417800 0.337454
vt 0.598020 0.337610
vt 0.232879 0.337776
vt 0.234889 0.337875
vt 0.236976 0.337969
vt 0.239290 0.338091
vt 0.430828 0.338498
vt 0.598443 0.339134
vt 0.413654 0.339256
vt 0.576807 0.339323
vt 0.432051 0.340031
vt 0.419054 0.340043
vt 0.554776 0.341123
vt 0.433364 0.341468
vt 0.207631 0.341760
vt 0.209088 0.341844
vt 0.213234 0.342018
vt 0.215132 0.342086
vt 0.415150 0.342187
vt 0.420491 0.342486
vt 0.225969 0.342523
vt 0.232721 0.342776
vt 0.434783 0.342793
vt 0.234667 0.342847
vt 0.236719 0.342934
vt 0.238983 0.343026
vt 0.659255 0.343300
vt 0.679059 0.343394
vt 0.555911 0.343634
vt 0.578493 0.343893
vt 0.436266 0.344050
vt 0.474100 0.344709
vt 0.639879 0.344732
vt 0.422098 0.344759
vt 0.416856 0.344881
vt 0.437810 0.345211
vt 0.579030 0.345377
vt 0.699459 0.345439
vt 0.472577 0.346004
vt 0.439441 0.346253
vt 0.423835 0.346885
vt 0.533992 0.347070
vt 0.470962 0.347150
vt 0.207385 0.347153
vt 0.557539 0.347187
vt 0.441132 0.347197
vt 0.208857 0.347208
vt 0.213051 0.347307
vt 0.214980 0.347349
vt 0.418721 0.347399
vt 0.225823 0.347605
vt 0.232573 0.347725
vt 0.620803 0.347732
vt 0.234477 0.347774
vt 0.236553 0.347839
vt 0.238793 0.347887
vt 0.442861 0.348072
vt 0.469259 0.348130
vt 0.444650 0.348813
vt 0.425703 0.348828
vt 0.467472 0.348988
vt 0.446465 0.349489
vt 0.420726 0.349685
vt 0.465633 0.349700
vt 0.448329 0.350028
vt 0.463772 0.350262
vt 0.450214 0.350488
vt 0.535909 0.350597
vt 0.427645 0.350648
vt 0.461849 0.350666
vt 0.452125 0.350837
vt 0.459902 0.350959
vt 0.454053 0.351039
vt 0.457951 0.351121
vt 0.456002 0.351128
vt 0.559554 0.351600
vt 0.422829 0.351809
vt 0.481895 0.351994
vt 0.602072 0.352214
vt 0.429693 0.352285
vt 0.207262 0.352593
vt 0.208718 0.352601
vt 0.213034 0.352622
vt 0.214925 0.352630
vt 0.225748 0.352675
vt 0.232431 0.352704
vt 0.234416 0.352713
vt 0.236507 0.352723
vt 0.238703 0.352732
vt 0.537186 0.352952
vt 0.560196 0.353034
vt 0.425025 0.353725
vt 0.431796 0.353802
vt 0.479708 0.354100
vt 0.433951 0.355199
vt 0.485377 0.355234
vt 0.427284 0.355504
vt 0.477331 0.355950
vt 0.539050 0.356369
vt 0.436176 0.356441
vt 0.429615 0.357092
vt 0.474802 0.357526
vt 0.438465 0.357553
vt 0.238749 0.357580
vt 0.236509 0.357607
vt 0.234431 0.357652
vt 0.232523 0.357683
vt 0.482807 0.357689
vt 0.225779 0.357750
vt 0.515561 0.357793
vt 0.214934 0.357912
vt 0.213005 0.357936
vt 0.208806 0.357996
vt 0.583678 0.358036
vt 0.207334 0.358038
vt 0.431970 0.358530
vt 0.440805 0.358552
vt 0.472163 0.358831
vt 0.443190 0.359440
vt 0.480010 0.359808
vt 0.434364 0.359871
vt 0.469461 0.359884
vt 0.445626 0.360182
vt 0.541367 0.360613
vt 0.466729 0.360691
vt 0.448119 0.360787
vt 0.436830 0.361088
vt 0.517714 0.361212
vt 0.450662 0.361256
vt 0.463988 0.361256
vt 0.453252 0.361587
vt 0.477043 0.361591
vt 0.461255 0.361623
vt 0.455884 0.361785
vt 0.458553 0.361800
vt 0.542109 0.361991
vt 0.439365 0.362182
vt 0.238890 0.362447
vt 0.236633 0.362515
vt 0.234591 0.362584
vt 0.232611 0.362643
vt 0.225885 0.362835
vt 0.473963 0.363035
vt 0.441951 0.363106
vt 0.215043 0.363184
vt 0.213140 0.363234
vt 0.208985 0.363369
vt 0.207525 0.363436
vt 0.519216 0.363579
vt 0.444566 0.363932
vt 0.470853 0.364135
vt 0.447248 0.364631
vt 0.467754 0.364944
vt 0.449996 0.365198
vt 0.565806 0.365309
vt 0.464656 0.365515
vt 0.452817 0.365626
vt 0.461612 0.365819
vt 0.455713 0.365862
vt 0.458642 0.365917
vt 0.521268 0.366811
vt 0.239128 0.367357
vt 0.236833 0.367454
vt 0.234723 0.367546
vt 0.232809 0.367626
vt 0.226074 0.367912
vt 0.215247 0.368421
vt 0.213356 0.368499
vt 0.209242 0.368691
vt 0.207793 0.368779
vt 0.497856 0.369919
vt 0.523888 0.370889
vt 0.524729 0.372211
vt 0.239303 0.372254
vt 0.237048 0.372384
vt 0.234999 0.372494
vt 0.233051 0.372605
vt 0.226332 0.372969
vt 0.500277 0.373204
vt 0.215521 0.373632
vt 0.213642 0.373733
vt 0.548588 0.373803
vt 0.209574 0.373983
vt 0.208125 0.374084
vt 0.501874 0.375369
vt 0.239605 0.377113
vt 0.237380 0.377279
vt 0.235329 0.377412
vt 0.233364 0.377555
vt 0.226657 0.378036
vt 0.504238 0.378564
vt 0.215845 0.378810
vt 0.213981 0.378949
vt 0.209984 0.379233
vt 0.208548 0.379330
vt 0.239948 0.381936
vt 0.237752 0.382142
vt 0.235684 0.382315
vt 0.285036 0.382367
vt 0.507138 0.382448
vt 0.233787 0.382481
vt 0.227056 0.383091
vt 0.480968 0.383279
vt 0.288311 0.383325
vt 0.532037 0.383549
vt 0.508073 0.383711
vt 0.216293 0.383979
vt 0.214429 0.384145
vt 0.291593 0.384273
vt 0.210300 0.384483
vt 0.208872 0.384589
vt 0.294887 0.385208
vt 0.298189 0.386132
vt 0.202059 0.386196
vt 0.483602 0.386373
vt 0.198892 0.386581
vt 0.240506 0.386753
vt 0.098171 0.386764
vt 0.195664 0.386768
vt 0.192406 0.386898
vt 0.189108 0.386985
vt 0.238257 0.387010
vt 0.101396 0.387037
vt 0.301498 0.387044
vt 0.185811 0.387094
vt 0.202271 0.387157
vt 0.104683 0.387166
vt 0.182550 0.387172
vt 0.107935 0.387216
vt 0.236175 0.387231
vt 0.179308 0.387239
vt 0.111142 0.387264
vt 0.114344 0.387279
vt 0.117578 0.387313
vt 0.176092 0.387313
vt 0.172841 0.387328
vt 0.120824 0.387346
vt 0.124083 0.387374
vt 0.127366 0.387382
vt 0.169560 0.387393
vt 0.166303 0.387433
vt 0.234220 0.387437
vt 0.130618 0.387445
vt 0.133837 0.387454
vt 0.163056 0.387460
vt 0.140381 0.387470
vt 0.137090 0.387473
vt 0.153363 0.387481
vt 0.159820 0.387481
vt 0.143663 0.387500
vt 0.150096 0.387504
vt 0.156607 0.387510
vt 0.146881 0.387523
vt 0.198983 0.387551
vt 0.097987 0.387723
vt 0.195724 0.387752
vt 0.192451 0.387891
vt 0.304817 0.387944
vt 0.189138 0.388005
vt 0.101329 0.388053
vt 0.185826 0.388087
vt 0.227523 0.388137
vt 0.182560 0.388154
vt 0.104669 0.388160
vt 0.107934 0.388192
vt 0.111133 0.388205
vt 0.179317 0.388213
vt 0.114324 0.388247
vt 0.176108 0.388266
vt 0.117557 0.388291
vt 0.120804 0.388329
vt 0.172858 0.388337
vt 0.124065 0.388364
vt 0.169564 0.388383
vt 0.127359 0.388390
vt 0.130609 0.388398
vt 0.166302 0.388417
vt 0.133820 0.388430
vt 0.163053 0.388440
vt 0.159815 0.388453
vt 0.156610 0.388461
vt 0.137074 0.388463
vt 0.146881 0.388470
vt 0.485407 0.388476
vt 0.143671 0.388482
vt 0.150088 0.388484
vt 0.140377 0.388486
vt 0.153365 0.388486
vt 0.308143 0.388832
vt 0.216720 0.389176
vt 0.214831 0.389359
vt 0.311475 0.389708
vt 0.210811 0.389723
vt 0.154486 0.389833
vt 0.209376 0.389845
vt 0.151047 0.389893
vt 0.157923 0.389946
vt 0.147586 0.390127
vt 0.161379 0.390228
vt 0.049250 0.390393
vt 0.046333 0.390394
vt 0.052167 0.390394
vt 0.043416 0.390397
vt 0.055085 0.390397
vt 0.040499 0.390403
vt 0.058002 0.390403
vt 0.037581 0.390410
vt 0.060919 0.390410
vt 0.034664 0.390418
vt 0.063836 0.390418
vt 0.031747 0.390428
vt 0.066753 0.390428
vt 0.028830 0.390438
vt 0.069670 0.390438
vt 0.025913 0.390450
vt 0.072588 0.390450
vt 0.022996 0.390460
vt 0.075505 0.390460
vt 0.020078 0.390471
vt 0.078422 0.390471
vt 0.017162 0.390480
vt 0.081338 0.390480
vt 0.014245 0.390488
vt 0.084255 0.390488
vt 0.154482 0.390492
vt 0.011328 0.390494
vt 0.087172 0.390494
vt 0.008411 0.390499
vt 0.090089 0.390499
vt 0.002578 0.390502
vt 0.005495 0.390502
vt 0.093005 0.390502
vt 0.095922 0.390502
vt 0.144134 0.390529
vt 0.151074 0.390566
vt 0.314817 0.390572
vt 0.157887 0.390619
vt 0.164826 0.390667
vt 0.147646 0.390802
vt 0.161312 0.390903
vt 0.140701 0.391085
vt 0.144225 0.391201
vt 0.168257 0.391245
vt 0.164729 0.391340
vt 0.318162 0.391423
vt 0.487971 0.391459
vt 0.241172 0.391671
vt 0.140823 0.391753
vt 0.137297 0.391783
vt 0.168134 0.391917
vt 0.171678 0.391948
vt 0.238875 0.391953
vt 0.236768 0.392211
vt 0.321515 0.392262
vt 0.137445 0.392446
vt 0.234774 0.392457
vt 0.133921 0.392604
vt 0.171531 0.392621
vt 0.175115 0.392770
vt 0.324872 0.393087
vt 0.228066 0.393209
vt 0.134092 0.393263
vt 0.174940 0.393456
vt 0.130573 0.393530
vt 0.178531 0.393690
vt 0.328237 0.393899
vt 0.130761 0.394185
vt 0.178342 0.394356
vt 0.217267 0.394378
vt 0.516159 0.394519
vt 0.127247 0.394542
vt 0.215371 0.394570
vt 0.181900 0.394661
vt 0.331603 0.394699
vt 0.211228 0.394984
vt 0.209814 0.395121
vt 0.491164 0.395159
vt 0.127450 0.395194
vt 0.181704 0.395321
vt 0.334973 0.395485
vt 0.123936 0.395619
vt 0.185255 0.395663
vt 0.338349 0.396259
vt 0.124150 0.396270
vt 0.185055 0.396321
vt 0.492193 0.396359
vt 0.241709 0.396599
vt 0.188610 0.396673
vt 0.120624 0.396747
vt 0.239462 0.396896
vt 0.341725 0.397019
vt 0.237384 0.397180
vt 0.188411 0.397332
vt 0.120848 0.397402
vt 0.235481 0.397434
vt 0.674282 0.397590
vt 0.191974 0.397674
vt 0.345107 0.397765
vt 0.659954 0.397861
vt 0.464908 0.397918
vt 0.117279 0.397925
vt 0.228686 0.398307
vt 0.191778 0.398334
vt 0.348489 0.398498
vt 0.117517 0.398595
vt 0.195352 0.398649
vt 0.688234 0.398722
vt 0.113936 0.399128
vt 0.351872 0.399217
vt 0.195162 0.399312
vt 0.645583 0.399437
vt 0.198746 0.399590
vt 0.217786 0.399603
vt 0.114175 0.399781
vt 0.215899 0.399813
vt 0.355258 0.399923
vt 0.211840 0.400245
vt 0.198562 0.400255
vt 0.110627 0.400317
vt 0.210395 0.400400
vt 0.202156 0.400498
vt 0.358643 0.400614
vt 0.467808 0.400827
vt 0.110862 0.400965
vt 0.201974 0.401164
vt 0.362029 0.401291
vt 0.205573 0.401411
vt 0.242357 0.401416
vt 0.107318 0.401490
vt 0.240154 0.401778
vt 0.631223 0.401916
vt 0.365414 0.401956
vt 0.205378 0.402072
vt 0.238103 0.402108
vt 0.107553 0.402136
vt 0.236145 0.402411
vt 0.208957 0.402473
vt 0.368800 0.402605
vt 0.104018 0.402676
vt 0.469810 0.402838
vt 0.208697 0.403094
vt 0.372183 0.403241
vt 0.104264 0.403311
vt 0.229368 0.403415
vt 0.375565 0.403863
vt 0.100791 0.403984
vt 0.378945 0.404470
vt 0.101096 0.404571
vt 0.218438 0.404837
vt 0.382322 0.405063
vt 0.216539 0.405074
vt 0.212344 0.405554
vt 0.472588 0.405613
vt 0.385695 0.405641
vt 0.210897 0.405720
vt 0.616913 0.405844
vt 0.389065 0.406207
vt 0.243299 0.406223
vt 0.500984 0.406596
vt 0.241059 0.406662
vt 0.392431 0.406757
vt 0.238953 0.407066
vt 0.236987 0.407432
vt 0.230148 0.408564
vt 0.476081 0.409127
vt 0.219073 0.410160
vt 0.477207 0.410261
vt 0.217115 0.410404
vt 0.602823 0.410856
vt 0.213032 0.410894
vt 0.211566 0.411071
vt 0.244359 0.411113
vt 0.242066 0.411618
vt 0.239963 0.412085
vt 0.237977 0.412506
vt 0.231023 0.413818
vt 0.450264 0.413876
vt 0.219801 0.415530
vt 0.217845 0.415781
vt 0.245466 0.416006
vt 0.213630 0.416302
vt 0.212140 0.416467
vt 0.453343 0.416523
vt 0.243232 0.416588
vt 0.588892 0.416614
vt 0.241124 0.417129
vt 0.239120 0.417617
vt 0.455418 0.418338
vt 0.232010 0.419184
vt 0.486727 0.419898
vt 0.246894 0.420857
vt 0.458379 0.420902
vt 0.220548 0.420999
vt 0.218585 0.421244
vt 0.244608 0.421588
vt 0.214236 0.421751
vt 0.212757 0.421915
vt 0.242493 0.422245
vt 0.240436 0.422844
vt 0.157391 0.423595
vt 0.154826 0.423621
vt 0.159974 0.423630
vt 0.575463 0.423677
vt 0.152267 0.423693
vt 0.162569 0.423736
vt 0.149705 0.423825
vt 0.165195 0.423909
vt 0.147131 0.424020
vt 0.461979 0.424062
vt 0.167864 0.424150
vt 0.144535 0.424279
vt 0.170589 0.424459
vt 0.141906 0.424601
vt 0.233141 0.424725
vt 0.173385 0.424833
vt 0.139232 0.424986
vt 0.463162 0.425102
vt 0.176263 0.425267
vt 0.136498 0.425432
vt 0.248621 0.425680
vt 0.179239 0.425757
vt 0.133691 0.425933
vt 0.182319 0.426293
vt 0.130797 0.426486
vt 0.221225 0.426618
vt 0.246393 0.426624
vt 0.219137 0.426830
vt 0.185505 0.426866
vt 0.127805 0.427084
vt 0.214875 0.427211
vt 0.213382 0.427333
vt 0.188789 0.427464
vt 0.244227 0.427487
vt 0.124708 0.427717
vt 0.192153 0.428074
vt 0.242100 0.428284
vt 0.121510 0.428373
vt 0.195568 0.428682
vt 0.118224 0.429040
vt 0.198995 0.429276
vt 0.114873 0.429704
vt 0.202420 0.429846
vt 0.250916 0.430310
vt 0.111487 0.430354
vt 0.436863 0.430446
vt 0.234446 0.430537
vt 0.108060 0.430986
vt 0.248810 0.431628
vt 0.562492 0.431683
vt 0.221835 0.432476
vt 0.219684 0.432628
vt 0.215190 0.432773
vt 0.213672 0.432789
vt 0.440067 0.432877
vt 0.246671 0.432899
vt 0.473409 0.434062
vt 0.244450 0.434113
vt 0.442234 0.434544
vt 0.235899 0.436632
vt 0.445266 0.436860
vt 0.213474 0.438324
vt 0.215012 0.438519
vt 0.222288 0.438822
vt 0.219946 0.438967
vt 0.449122 0.439786
vt 0.550045 0.440594
vt 0.450355 0.440729
vt 0.049250 0.445601
vt 0.046330 0.445603
vt 0.052170 0.445603
vt 0.043410 0.445607
vt 0.055089 0.445607
vt 0.040491 0.445614
vt 0.058009 0.445614
vt 0.037571 0.445624
vt 0.060929 0.445624
vt 0.034652 0.445635
vt 0.063848 0.445635
vt 0.031732 0.445648
vt 0.066767 0.445648
vt 0.028813 0.445663
vt 0.069686 0.445663
vt 0.025894 0.445677
vt 0.072605 0.445677
vt 0.022976 0.445691
vt 0.075524 0.445691
vt 0.020058 0.445705
vt 0.078443 0.445705
vt 0.017140 0.445716
vt 0.081361 0.445716
vt 0.014222 0.445726
vt 0.084279 0.445726
vt 0.011304 0.445733
vt 0.087196 0.445733
vt 0.002553 0.445735
vt 0.095948 0.445735
vt 0.008387 0.445737
vt 0.090114 0.445737
vt 0.005470 0.445738
vt 0.093031 0.445738
vt 0.424501 0.447708
vt 0.461137 0.448930
vt 0.684891 0.449520
vt 0.427846 0.449924
vt 0.675017 0.450352
vt 0.538192 0.450367
vt 0.430106 0.451442
vt 0.180395 0.451741
vt 0.183454 0.451748
vt 0.665054 0.451749
vt 0.177477 0.451752
vt 0.174695 0.451777
vt 0.186656 0.451778
vt 0.172034 0.451811
vt 0.189982 0.451835
vt 0.169477 0.451849
vt 0.167005 0.451889
vt 0.193405 0.451920
vt 0.164601 0.451929
vt 0.162249 0.451970
vt 0.159936 0.452011
vt 0.196878 0.452032
vt 0.157657 0.452046
vt 0.155389 0.452080
vt 0.153120 0.452118
vt 0.150835 0.452156
vt 0.200347 0.452167
vt 0.148526 0.452195
vt 0.146178 0.452235
vt 0.143780 0.452275
vt 0.141314 0.452315
vt 0.138764 0.452357
vt 0.136111 0.452404
vt 0.133337 0.452459
vt 0.130428 0.452528
vt 0.127376 0.452616
vt 0.124180 0.452726
vt 0.120857 0.452863
vt 0.117435 0.453028
vt 0.113957 0.453220
vt 0.110451 0.453431
vt 0.433318 0.453590
vt 0.654901 0.453902
vt 0.437389 0.456299
vt 0.644715 0.456738
vt 0.438688 0.457166
vt 0.634558 0.460270
vt 0.527003 0.460954
vt 0.624510 0.464495
vt 0.449897 0.464582
vt 0.413349 0.465780
vt 0.416812 0.467782
vt 0.419176 0.469158
vt 0.614600 0.469294
vt 0.422541 0.471108
vt 0.516550 0.472289
vt 0.426666 0.473482
vt 0.428022 0.474263
vt 0.604947 0.474873
vt 0.200591 0.476784
vt 0.197130 0.476822
vt 0.193732 0.476892
vt 0.190401 0.476990
vt 0.187162 0.477113
vt 0.184034 0.477256
vt 0.181025 0.477412
vt 0.178135 0.477573
vt 0.175361 0.477733
vt 0.172691 0.477886
vt 0.170113 0.478026
vt 0.121146 0.478042
vt 0.117808 0.478043
vt 0.124391 0.478068
vt 0.114403 0.478075
vt 0.127525 0.478118
vt 0.110936 0.478142
vt 0.167613 0.478151
vt 0.130538 0.478184
vt 0.133433 0.478258
vt 0.165176 0.478259
vt 0.136211 0.478334
vt 0.162788 0.478348
vt 0.138885 0.478406
vt 0.160437 0.478420
vt 0.141466 0.478468
vt 0.158108 0.478476
vt 0.143968 0.478516
vt 0.155792 0.478516
vt 0.153476 0.478547
vt 0.146407 0.478548
vt 0.151148 0.478563
vt 0.148795 0.478564
vt 0.439649 0.480932
vt 0.595591 0.481100
vt 0.506588 0.484097
vt 0.403209 0.484542
vt 0.406849 0.486346
vt 0.409301 0.487569
vt 0.586585 0.487951
vt 0.412787 0.489303
vt 0.417143 0.491419
vt 0.418567 0.492114
vt 0.577979 0.495396
vt 0.497738 0.496764
vt 0.245621 0.498023
vt 0.430763 0.498086
vt 0.249627 0.499398
vt 0.253648 0.500746
vt 0.002415 0.500949
vt 0.096084 0.500949
vt 0.005330 0.500957
vt 0.093170 0.500957
vt 0.008246 0.500964
vt 0.090255 0.500964
vt 0.011162 0.500971
vt 0.087338 0.500971
vt 0.014080 0.500978
vt 0.084420 0.500978
vt 0.017000 0.500984
vt 0.081500 0.500984
vt 0.019922 0.500990
vt 0.078578 0.500990
vt 0.022846 0.500995
vt 0.075654 0.500996
vt 0.072727 0.501000
vt 0.025772 0.501001
vt 0.028701 0.501004
vt 0.069799 0.501004
vt 0.031632 0.501007
vt 0.066868 0.501007
vt 0.034565 0.501010
vt 0.063935 0.501010
vt 0.037500 0.501012
vt 0.061000 0.501012
vt 0.040436 0.501014
vt 0.058064 0.501014
vt 0.043373 0.501015
vt 0.055127 0.501015
vt 0.046312 0.501016
vt 0.049250 0.501016
vt 0.052189 0.501016
vt 0.257678 0.502068
vt 0.261719 0.503364
vt 0.569820 0.503400
vt 0.160796 0.503411
vt 0.163136 0.503418
vt 0.158480 0.503420
vt 0.165511 0.503440
vt 0.156174 0.503445
vt 0.167935 0.503477
vt 0.153870 0.503491
vt 0.170420 0.503528
vt 0.151554 0.503554
vt 0.172982 0.503591
vt 0.149216 0.503633
vt 0.175634 0.503664
vt 0.146842 0.503729
vt 0.178390 0.503744
vt 0.181257 0.503826
vt 0.144420 0.503840
vt 0.184245 0.503906
vt 0.141938 0.503967
vt 0.187352 0.503977
vt 0.190568 0.504034
vt 0.193876 0.504071
vt 0.200676 0.504075
vt 0.197251 0.504085
vt 0.394348 0.504102
vt 0.139378 0.504110
vt 0.136729 0.504265
vt 0.133977 0.504430
vt 0.131111 0.504601
vt 0.265771 0.504631
vt 0.128127 0.504773
vt 0.125023 0.504940
vt 0.121809 0.505097
vt 0.118501 0.505237
vt 0.115126 0.505356
vt 0.111699 0.505453
vt 0.398099 0.505634
vt 0.269834 0.505872
vt 0.400581 0.506654
vt 0.273907 0.507087
vt 0.404249 0.508164
vt 0.277990 0.508273
vt 0.282083 0.509430
vt 0.489725 0.509969
vt 0.408799 0.510037
vt 0.286185 0.510562
vt 0.410251 0.510633
vt 0.290295 0.511663
vt 0.562152 0.511929
vt 0.294414 0.512738
vt 0.298543 0.513783
vt 0.302678 0.514800
vt 0.422728 0.515724
vt 0.306822 0.515788
vt 0.310972 0.516746
vt 0.315130 0.517677
vt 0.319293 0.518577
vt 0.323462 0.519449
vt 0.327634 0.520291
vt 0.554921 0.520866
vt 0.331815 0.521104
vt 0.335997 0.521887
vt 0.340185 0.522642
vt 0.344377 0.523367
vt 0.482267 0.523505
vt 0.348571 0.524062
vt 0.386921 0.524202
vt 0.352768 0.524728
vt 0.356968 0.525364
vt 0.390760 0.525469
vt 0.361171 0.525972
vt 0.393367 0.526327
vt 0.365374 0.526550
vt 0.369581 0.527100
vt 0.397070 0.527548
vt 0.373788 0.527620
vt 0.200896 0.528083
vt 0.377999 0.528112
vt 0.197462 0.528228
vt 0.194095 0.528385
vt 0.190790 0.528549
vt 0.187578 0.528714
vt 0.184478 0.528873
vt 0.181504 0.529023
vt 0.401660 0.529106
vt 0.178655 0.529163
vt 0.175922 0.529289
vt 0.173295 0.529404
vt 0.112231 0.529465
vt 0.115669 0.529502
vt 0.170758 0.529506
vt 0.119040 0.529554
vt 0.168296 0.529596
vt 0.403149 0.529605
vt 0.122350 0.529615
vt 0.165892 0.529675
vt 0.125567 0.529679
vt 0.128669 0.529741
vt 0.163532 0.529744
vt 0.131648 0.529799
vt 0.161202 0.529804
vt 0.134500 0.529849
vt 0.158890 0.529855
vt 0.137236 0.529891
vt 0.156584 0.529897
vt 0.139865 0.529923
vt 0.154278 0.529926
vt 0.142404 0.529946
vt 0.151965 0.529947
vt 0.144868 0.529960
vt 0.149635 0.529960
vt 0.147273 0.529964
vt 0.548232 0.530251
vt 0.415912 0.533861
vt 0.476052 0.537695
vt 0.542246 0.540119
vt 0.380850 0.544695
vt 0.384748 0.545712
vt 0.387472 0.546420
vt 0.391196 0.547389
vt 0.702392 0.548427
vt 0.395838 0.548587
vt 0.397362 0.548976
vt 0.697486 0.549421
vt 0.536882 0.550333
vt 0.692637 0.550657
vt 0.202526 0.551046
vt 0.199124 0.551619
vt 0.470439 0.552136
vt 0.687825 0.552148
vt 0.195752 0.552205
vt 0.410467 0.552413
vt 0.111321 0.552470
vt 0.192411 0.552806
vt 0.114739 0.552937
vt 0.189145 0.553405
vt 0.118129 0.553417
vt 0.683070 0.553898
vt 0.121487 0.553913
vt 0.185986 0.553989
vt 0.124769 0.554410
vt 0.182946 0.554545
vt 0.127946 0.554895
vt 0.180028 0.555065
vt 0.002273 0.555097
vt 0.096226 0.555097
vt 0.005215 0.555175
vt 0.093285 0.555175
vt 0.008123 0.555290
vt 0.090377 0.555290
vt 0.131002 0.555356
vt 0.011036 0.555444
vt 0.087463 0.555444
vt 0.177223 0.555541
vt 0.013954 0.555630
vt 0.084545 0.555630
vt 0.133935 0.555784
vt 0.016876 0.555842
vt 0.081623 0.555842
vt 0.678393 0.555909
vt 0.174517 0.555970
vt 0.019803 0.556076
vt 0.078697 0.556076
vt 0.136754 0.556173
vt 0.022733 0.556322
vt 0.075767 0.556322
vt 0.171894 0.556347
vt 0.139472 0.556517
vt 0.025667 0.556571
vt 0.072833 0.556571
vt 0.169334 0.556673
vt 0.142105 0.556812
vt 0.028606 0.556816
vt 0.069894 0.556816
vt 0.166823 0.556947
vt 0.031547 0.557048
vt 0.066952 0.557049
vt 0.144674 0.557058
vt 0.164344 0.557169
vt 0.147193 0.557253
vt 0.034493 0.557259
vt 0.064007 0.557259
vt 0.161890 0.557341
vt 0.149676 0.557398
vt 0.037441 0.557443
vt 0.061059 0.557443
vt 0.159449 0.557463
vt 0.152135 0.557494
vt 0.157015 0.557535
vt 0.154579 0.557539
vt 0.040391 0.557592
vt 0.058108 0.557592
vt 0.043344 0.557703
vt 0.055156 0.557703
vt 0.046297 0.557769
vt 0.052203 0.557769
vt 0.049250 0.557792
vt 0.673810 0.558180
vt 0.669336 0.560738
vt 0.532164 0.560862
vt 0.664994 0.563523
vt 0.376086 0.565653
vt 0.380085 0.566396
vt 0.660801 0.566555
vt 0.382782 0.566909
vt 0.466131 0.567004
vt 0.386674 0.567634
vt 0.391496 0.568536
vt 0.393040 0.568822
vt 0.656775 0.569827
vt 0.406323 0.571325
vt 0.528005 0.571612
vt 0.652931 0.573327
vt 0.208638 0.574241
vt 0.208957 0.574866
vt 0.205420 0.575491
vt 0.105936 0.575846
vt 0.205670 0.576155
vt 0.105637 0.576480
vt 0.202101 0.576681
vt 0.109191 0.576995
vt 0.649285 0.577048
vt 0.202344 0.577332
vt 0.108964 0.577666
vt 0.198814 0.577924
vt 0.112546 0.578080
vt 0.199073 0.578562
vt 0.112324 0.578739
vt 0.115871 0.579220
vt 0.195568 0.579266
vt 0.115632 0.579866
vt 0.195844 0.579891
vt 0.119158 0.580460
vt 0.192361 0.580704
vt 0.645853 0.580975
vt 0.118901 0.581093
vt 0.192651 0.581318
vt 0.122408 0.581797
vt 0.462858 0.582060
vt 0.189190 0.582217
vt 0.122137 0.582419
vt 0.524653 0.582612
vt 0.189489 0.582823
vt 0.125624 0.583210
vt 0.186048 0.583776
vt 0.125346 0.583825
vt 0.001225 0.584319
vt 0.097275 0.584319
vt 0.186347 0.584378
vt 0.004145 0.584647
vt 0.094355 0.584648
vt 0.128815 0.584670
vt 0.007135 0.584824
vt 0.091364 0.584824
vt 0.001106 0.584875
vt 0.097393 0.584875
vt 0.010141 0.584946
vt 0.088359 0.584946
vt 0.013146 0.585044
vt 0.085353 0.585044
vt 0.642647 0.585095
vt 0.016148 0.585126
vt 0.082352 0.585126
vt 0.049250 0.585150
vt 0.046269 0.585153
vt 0.052230 0.585153
vt 0.043263 0.585179
vt 0.055237 0.585179
vt 0.019145 0.585193
vt 0.079354 0.585193
vt 0.040251 0.585211
vt 0.058249 0.585211
vt 0.004092 0.585228
vt 0.094408 0.585228
vt 0.037240 0.585245
vt 0.061260 0.585245
vt 0.022142 0.585248
vt 0.076358 0.585248
vt 0.034230 0.585274
vt 0.064269 0.585274
vt 0.128535 0.585281
vt 0.025146 0.585283
vt 0.073354 0.585283
vt 0.028180 0.585287
vt 0.070319 0.585287
vt 0.031218 0.585294
vt 0.067282 0.585294
vt 0.182920 0.585346
vt 0.007105 0.585410
vt 0.091395 0.585410
vt 0.010118 0.585535
vt 0.088381 0.585535
vt 0.013128 0.585634
vt 0.085371 0.585634
vt 0.016132 0.585717
vt 0.082367 0.585718
vt 0.049250 0.585734
vt 0.046276 0.585751
vt 0.052223 0.585751
vt 0.043271 0.585779
vt 0.055229 0.585779
vt 0.019132 0.585786
vt 0.079368 0.585786
vt 0.040259 0.585810
vt 0.058241 0.585810
vt 0.022130 0.585842
vt 0.037247 0.585842
vt 0.061252 0.585842
vt 0.076370 0.585842
vt 0.034238 0.585871
vt 0.064262 0.585871
vt 0.025137 0.585882
vt 0.073363 0.585882
vt 0.031223 0.585894
vt 0.067277 0.585894
vt 0.028179 0.585901
vt 0.070321 0.585901
vt 0.183215 0.585946
vt 0.131990 0.586142
vt 0.131713 0.586751
vt 0.373018 0.586858
vt 0.179796 0.586889
vt 0.377025 0.587310
vt 0.019208 0.587401
vt 0.180081 0.587490
vt 0.135160 0.587587
vt 0.379745 0.587637
vt 0.383615 0.588083
vt 0.134894 0.588196
vt 0.176773 0.588279
vt 0.388352 0.588647
vt 0.389894 0.588834
vt 0.138225 0.588881
vt 0.177039 0.588886
vt 0.639700 0.589419
vt 0.137978 0.589496
vt 0.173715 0.589526
vt 0.141321 0.590033
vt 0.173954 0.590145
vt 0.403270 0.590419
vt 0.170591 0.590606
vt 0.141102 0.590658
vt 0.025044 0.591003
vt 0.144477 0.591014
vt 0.170795 0.591240
vt 0.016815 0.591455
vt 0.167400 0.591486
vt 0.144293 0.591654
vt 0.147693 0.591794
vt 0.167561 0.592135
vt 0.164150 0.592141
vt 0.150963 0.592347
vt 0.147553 0.592448
vt 0.160860 0.592554
vt 0.154264 0.592657
vt 0.157564 0.592726
vt 0.164262 0.592803
vt 0.150872 0.593012
vt 0.160920 0.593223
vt 0.154225 0.593327
vt 0.157574 0.593388
vt 0.521886 0.593738
vt 0.636979 0.593890
vt 0.030724 0.594418
vt 0.022799 0.594835
vt 0.014577 0.595599
vt 0.034956 0.597118
vt 0.460210 0.597233
vt 0.028531 0.598065
vt 0.634518 0.598509
vt 0.020673 0.598741
vt 0.012505 0.599828
vt 0.032774 0.600559
vt 0.026501 0.601762
vt 0.041904 0.602108
vt 0.018720 0.602728
vt 0.632327 0.603260
vt 0.030800 0.604031
vt 0.010606 0.604129
vt 0.519945 0.604983
vt 0.039976 0.605011
vt 0.024635 0.605501
vt 0.016919 0.606779
vt 0.049190 0.607446
vt 0.029007 0.607569
vt 0.371219 0.608015
vt 0.038253 0.608061
vt 0.630413 0.608125
vt 0.050599 0.608227
vt 0.375229 0.608235
vt 0.377905 0.608380
vt 0.008878 0.608496
vt 0.381727 0.608583
vt 0.052038 0.608809
vt 0.386643 0.608835
vt 0.388211 0.608914
vt 0.022937 0.609311
vt 0.401706 0.609632
vt 0.047960 0.609764
vt 0.055512 0.609849
vt 0.056082 0.609976
vt 0.058394 0.610078
vt 0.063548 0.610515
vt 0.049585 0.610516
vt 0.015287 0.610900
vt 0.051165 0.611143
vt 0.027408 0.611197
vt 0.036700 0.611212
vt 0.055000 0.612229
vt 0.046795 0.612343
vt 0.055606 0.612364
vt 0.458972 0.612561
vt 0.073780 0.612592
vt 0.058082 0.612745
vt 0.205132 0.612814
vt 0.077883 0.612856
vt 0.075300 0.612901
vt 0.007320 0.612924
vt 0.048564 0.613039
vt 0.628781 0.613089
vt 0.021396 0.613191
vt 0.063135 0.613383
vt 0.050292 0.613642
vt 0.035286 0.614463
vt 0.209854 0.614603
vt 0.054372 0.614798
vt 0.025952 0.614891
vt 0.055018 0.614948
vt 0.013818 0.615077
vt 0.045734 0.615127
vt 0.073359 0.615193
vt 0.075003 0.615440
vt 0.057648 0.615452
vt 0.077687 0.615646
vt 0.047589 0.615766
vt 0.062676 0.616233
vt 0.518718 0.616273
vt 0.049437 0.616350
vt 0.214593 0.616363
vt 0.107965 0.616639
vt 0.020005 0.617131
vt 0.005935 0.617399
vt 0.053762 0.617492
vt 0.054424 0.617638
vt 0.118767 0.617701
vt 0.034034 0.617843
vt 0.072951 0.617883
vt 0.044762 0.618034
vt 0.219358 0.618095
vt 0.627438 0.618131
vt 0.074658 0.618131
vt 0.057103 0.618215
vt 0.077428 0.618410
vt 0.129558 0.618557
vt 0.046712 0.618642
vt 0.024633 0.618651
vt 0.062190 0.619073
vt 0.140457 0.619183
vt 0.141338 0.619184
vt 0.107690 0.619185
vt 0.048624 0.619192
vt 0.012504 0.619305
vt 0.224153 0.619798
vt 0.118554 0.620185
vt 0.053128 0.620302
vt 0.053823 0.620452
vt 0.072547 0.620649
vt 0.074299 0.620875
vt 0.129395 0.620999
vt 0.056546 0.621043
vt 0.043840 0.621045
vt 0.018763 0.621126
vt 0.077151 0.621205
vt 0.032911 0.621306
vt 0.228979 0.621469
vt 0.140379 0.621604
vt 0.045877 0.621625
vt 0.141270 0.621637
vt 0.107437 0.621743
vt 0.004716 0.621912
vt 0.061752 0.621926
vt 0.047849 0.622141
vt 0.023453 0.622472
vt 0.118350 0.622684
vt 0.233831 0.623106
vt 0.052514 0.623211
vt 0.626386 0.623234
vt 0.053235 0.623366
vt 0.129237 0.623452
vt 0.072209 0.623456
vt 0.011335 0.623578
vt 0.073968 0.623651
vt 0.055984 0.623910
vt 0.076799 0.624012
vt 0.140256 0.624054
vt 0.141158 0.624098
vt 0.042968 0.624175
vt 0.107199 0.624313
vt 0.238709 0.624704
vt 0.045080 0.624712
vt 0.061261 0.624797
vt 0.031915 0.624845
vt 0.017685 0.625178
vt 0.047116 0.625188
vt 0.118159 0.625189
vt 0.129086 0.625915
vt 0.051858 0.626192
vt 0.243613 0.626263
vt 0.071885 0.626275
vt 0.052592 0.626335
vt 0.022440 0.626357
vt 0.003662 0.626456
vt 0.073646 0.626456
vt 0.140133 0.626511
vt 0.141028 0.626561
vt 0.076465 0.626808
vt 0.055501 0.626855
vt 0.106978 0.626889
vt 0.042181 0.627405
vt 0.518207 0.627539
vt 0.117980 0.627704
vt 0.060844 0.627715
vt 0.248549 0.627775
vt 0.044321 0.627876
vt 0.458778 0.627882
vt 0.010331 0.627894
vt 0.046430 0.628317
vt 0.625626 0.628378
vt 0.128941 0.628385
vt 0.030999 0.628424
vt 0.140001 0.628961
vt 0.401469 0.628984
vt 0.140892 0.629011
vt 0.071573 0.629101
vt 0.387887 0.629220
vt 0.386310 0.629247
vt 0.253503 0.629248
vt 0.051327 0.629249
vt 0.016729 0.629269
vt 0.073340 0.629270
vt 0.381524 0.629329
vt 0.052080 0.629380
vt 0.377538 0.629394
vt 0.374716 0.629436
vt 0.106776 0.629474
vt 0.370629 0.629491
vt 0.076142 0.629600
vt 0.054967 0.629858
vt 0.117813 0.630227
vt 0.021547 0.630295
vt 0.060434 0.630662
vt 0.258482 0.630675
vt 0.041507 0.630705
vt 0.128804 0.630861
vt 0.002757 0.631029
vt 0.043710 0.631126
vt 0.139870 0.631408
vt 0.140760 0.631457
vt 0.045825 0.631512
vt 0.071288 0.631948
vt 0.263480 0.632055
vt 0.106588 0.632070
vt 0.030226 0.632075
vt 0.073077 0.632110
vt 0.009474 0.632241
vt 0.050760 0.632337
vt 0.075837 0.632388
vt 0.051505 0.632456
vt 0.117660 0.632758
vt 0.054553 0.632906
vt 0.128676 0.633340
vt 0.268499 0.633387
vt 0.015925 0.633400
vt 0.625160 0.633544
vt 0.060071 0.633650
vt 0.139746 0.633854
vt 0.140636 0.633899
vt 0.040882 0.634056
vt 0.020770 0.634266
vt 0.043101 0.634419
vt 0.273535 0.634669
vt 0.106419 0.634671
vt 0.045291 0.634759
vt 0.071004 0.634791
vt 0.072723 0.634947
vt 0.075628 0.635196
vt 0.117520 0.635294
vt 0.050315 0.635487
vt 0.051085 0.635588
vt 0.002011 0.635625
vt 0.029563 0.635774
vt 0.128559 0.635823
vt 0.278587 0.635900
vt 0.054121 0.636014
vt 0.139634 0.636296
vt 0.140522 0.636338
vt 0.008753 0.636618
vt 0.059725 0.636665
vt 0.283654 0.637081
vt 0.106267 0.637282
vt 0.040368 0.637468
vt 0.015257 0.637567
vt 0.070764 0.637661
vt 0.042644 0.637775
vt 0.072576 0.637819
vt 0.117394 0.637836
vt 0.075370 0.638020
vt 0.044833 0.638067
vt 0.288730 0.638208
vt 0.020144 0.638275
vt 0.128452 0.638309
vt 0.049936 0.638690
vt 0.625011 0.638705
vt 0.139531 0.638735
vt 0.518295 0.638750
vt 0.140415 0.638772
vt 0.050717 0.638775
vt 0.053750 0.639149
vt 0.293820 0.639282
vt 0.028985 0.639509
vt 0.059442 0.639714
vt 0.106135 0.639895
vt 0.001408 0.640239
vt 0.298915 0.640303
vt 0.117282 0.640382
vt 0.070526 0.640562
vt 0.072340 0.640708
vt 0.128356 0.640798
vt 0.075216 0.640852
vt 0.039955 0.640914
vt 0.008184 0.641018
vt 0.042227 0.641159
vt 0.139445 0.641164
vt 0.140321 0.641194
vt 0.304016 0.641271
vt 0.044436 0.641406
vt 0.014725 0.641761
vt 0.049620 0.641923
vt 0.050414 0.642005
vt 0.309121 0.642187
vt 0.053430 0.642296
vt 0.019644 0.642312
vt 0.106019 0.642513
vt 0.059135 0.642775
vt 0.117184 0.642932
vt 0.314228 0.643051
vt 0.459322 0.643153
vt 0.028545 0.643280
vt 0.128273 0.643290
vt 0.070322 0.643485
vt 0.139370 0.643595
vt 0.072153 0.643612
vt 0.140255 0.643616
vt 0.075081 0.643720
vt 0.625149 0.643848
vt 0.319333 0.643863
vt 0.039583 0.644377
vt 0.041883 0.644576
vt 0.324436 0.644624
vt 0.044105 0.644772
vt 0.000954 0.644873
vt 0.105920 0.645136
vt 0.049268 0.645186
vt 0.050065 0.645251
vt 0.329533 0.645336
vt 0.007751 0.645433
vt 0.053229 0.645483
vt 0.117101 0.645487
vt 0.128204 0.645785
vt 0.058928 0.645872
vt 0.014317 0.645971
vt 0.334623 0.646000
vt 0.139313 0.646036
vt 0.140202 0.646052
vt 0.019263 0.646373
vt 0.070149 0.646435
vt 0.072001 0.646541
vt 0.339705 0.646616
vt 0.074980 0.646622
vt 0.028213 0.647072
vt 0.344777 0.647189
vt 0.349836 0.647718
vt 0.105840 0.647762
vt 0.039288 0.647877
vt 0.041594 0.648027
vt 0.117034 0.648043
vt 0.043852 0.648160
vt 0.354884 0.648206
vt 0.128145 0.648284
vt 0.402458 0.648375
vt 0.049073 0.648472
vt 0.139265 0.648480
vt 0.140156 0.648494
vt 0.049871 0.648510
vt 0.359917 0.648657
vt 0.053014 0.648709
vt 0.625547 0.648973
vt 0.058777 0.648992
vt 0.364934 0.649071
vt 0.069999 0.649423
vt 0.071876 0.649482
vt 0.000651 0.649518
vt 0.074920 0.649568
vt 0.388967 0.649601
vt 0.387391 0.649734
vt 0.519189 0.649788
vt 0.007467 0.649862
vt 0.382450 0.650165
vt 0.014038 0.650191
vt 0.105777 0.650394
vt 0.018984 0.650447
vt 0.378532 0.650516
vt 0.116980 0.650603
vt 0.375834 0.650749
vt 0.128099 0.650784
vt 0.027985 0.650883
vt 0.139226 0.650932
vt 0.140120 0.650942
vt 0.371784 0.651098
vt 0.039103 0.651405
vt 0.041444 0.651493
vt 0.043695 0.651570
vt 0.048948 0.651760
vt 0.049738 0.651783
vt 0.052873 0.651931
vt 0.058660 0.652118
vt 0.069953 0.652422
vt 0.071816 0.652434
vt 0.074812 0.652525
vt 0.105732 0.653027
vt 0.116943 0.653164
vt 0.128065 0.653286
vt 0.139191 0.653393
vt 0.140093 0.653402
vt 0.626239 0.654028
vt 0.000494 0.654169
vt 0.007322 0.654295
vt 0.013890 0.654424
vt 0.018856 0.654526
vt 0.027832 0.654705
vt 0.039025 0.654939
vt 0.041342 0.654961
vt 0.043613 0.654994
vt 0.048876 0.655062
vt 0.049680 0.655070
vt 0.052793 0.655157
vt 0.058609 0.655247
vt 0.071780 0.655388
vt 0.069929 0.655396
vt 0.074747 0.655453
vt 0.105706 0.655660
vt 0.116920 0.655726
vt 0.128043 0.655788
vt 0.139173 0.655853
vt 0.140068 0.655861
vt 0.461274 0.658260
vt 0.116913 0.658288
vt 0.128037 0.658290
vt 0.105697 0.658295
vt 0.139163 0.658304
vt 0.140054 0.658309
vt 0.071770 0.658336
vt 0.069935 0.658362
vt 0.074718 0.658369
vt 0.058602 0.658374
vt 0.052751 0.658378
vt 0.049708 0.658388
vt 0.048886 0.658390
vt 0.043594 0.658420
vt 0.041335 0.658435
vt 0.039043 0.658450
vt 0.027811 0.658532
vt 0.018816 0.658609
vt 0.013868 0.658659
vt 0.007293 0.658730
vt 0.000488 0.658812
vt 0.627185 0.659036
vt 0.520693 0.660695
vt 0.139160 0.660752
vt 0.140050 0.660753
vt 0.128041 0.660791
vt 0.116921 0.660850
vt 0.105709 0.660929
vt 0.074723 0.661272
vt 0.071780 0.661274
vt 0.069986 0.661306
vt 0.058671 0.661492
vt 0.052822 0.661599
vt 0.049695 0.661705
vt 0.048891 0.661717
vt 0.043649 0.661840
vt 0.041391 0.661908
vt 0.039072 0.661957
vt 0.027892 0.662355
vt 0.018933 0.662687
vt 0.013978 0.662886
vt 0.007424 0.663158
vt 0.140058 0.663194
vt 0.139169 0.663196
vt 0.128059 0.663290
vt 0.116946 0.663411
vt 0.000615 0.663452
vt 0.105738 0.663562
vt 0.628392 0.663961
vt 0.074763 0.664151
vt 0.071898 0.664221
vt 0.070030 0.664246
vt 0.058729 0.664613
vt 0.052955 0.664842
vt 0.049763 0.664979
vt 0.048978 0.665015
vt 0.043774 0.665258
vt 0.041521 0.665368
vt 0.039192 0.665485
vt 0.140078 0.665632
vt 0.139190 0.665640
vt 0.128091 0.665787
vt 0.116984 0.665970
vt 0.028103 0.666167
vt 0.105789 0.666193
vt 0.019137 0.666756
vt 0.074924 0.667062
vt 0.014211 0.667107
vt 0.071933 0.667169
vt 0.070070 0.667235
vt 0.007669 0.667576
vt 0.404980 0.667656
vt 0.058854 0.667728
vt 0.053070 0.668056
vt 0.140114 0.668068
vt 0.000891 0.668080
vt 0.139227 0.668081
vt 0.050004 0.668244
vt 0.128135 0.668282
vt 0.049201 0.668295
vt 0.117039 0.668526
vt 0.043972 0.668660
vt 0.629847 0.668789
vt 0.041720 0.668819
vt 0.105855 0.668823
vt 0.039427 0.668997
vt 0.391415 0.669872
vt 0.028388 0.669965
vt 0.075018 0.669994
vt 0.072064 0.670096
vt 0.389840 0.670127
vt 0.070222 0.670209
vt 0.140161 0.670502
vt 0.139275 0.670519
vt 0.128195 0.670776
vt 0.019491 0.670809
vt 0.059019 0.670834
vt 0.385037 0.670899
vt 0.117110 0.671081
vt 0.053330 0.671259
vt 0.522933 0.671264
vt 0.014576 0.671306
vt 0.105940 0.671448
vt 0.381178 0.671504
vt 0.050198 0.671507
vt 0.049403 0.671575
vt 0.378418 0.671943
vt 0.008049 0.671979
vt 0.044258 0.672036
vt 0.042047 0.672250
vt 0.039768 0.672467
vt 0.374347 0.672556
vt 0.001309 0.672689
vt 0.075144 0.672891
vt 0.140216 0.672931
vt 0.139334 0.672953
vt 0.072228 0.673015
vt 0.070404 0.673150
vt 0.463991 0.673185
vt 0.128264 0.673265
vt 0.631534 0.673509
vt 0.117195 0.673630
vt 0.028772 0.673738
vt 0.059241 0.673917
vt 0.106044 0.674067
vt 0.053559 0.674432
vt 0.050558 0.674739
vt 0.049768 0.674824
vt 0.019947 0.674845
vt 0.140284 0.675347
vt 0.139410 0.675375
vt 0.044617 0.675387
vt 0.015066 0.675486
vt 0.042407 0.675649
vt 0.128348 0.675752
vt 0.075293 0.675758
vt 0.072426 0.675914
vt 0.040143 0.675918
vt 0.070619 0.676067
vt 0.117295 0.676177
vt 0.008585 0.676360
vt 0.106164 0.676683
vt 0.059565 0.676967
vt 0.001864 0.677283
vt 0.029291 0.677477
vt 0.053904 0.677562
vt 0.140378 0.677762
vt 0.139496 0.677799
vt 0.050872 0.677949
vt 0.050096 0.678038
vt 0.128444 0.678235
vt 0.075461 0.678588
vt 0.045041 0.678705
vt 0.117410 0.678718
vt 0.072674 0.678797
vt 0.020519 0.678848
vt 0.070866 0.678961
vt 0.042876 0.679011
vt 0.106302 0.679293
vt 0.040608 0.679345
vt 0.015678 0.679642
vt 0.059865 0.680003
vt 0.140486 0.680190
vt 0.139601 0.680232
vt 0.054313 0.680690
vt 0.128553 0.680716
vt 0.009245 0.680718
vt 0.051251 0.681106
vt 0.029915 0.681177
vt 0.050493 0.681219
vt 0.117538 0.681254
vt 0.075734 0.681409
vt 0.525813 0.681512
vt 0.072831 0.681665
vt 0.071114 0.681824
vt 0.002572 0.681851
vt 0.106460 0.681896
vt 0.045525 0.681983
vt 0.043367 0.682338
vt 0.140601 0.682622
vt 0.139715 0.682668
vt 0.041157 0.682731
vt 0.021213 0.682814
vt 0.060218 0.683000
vt 0.128672 0.683192
vt 0.054697 0.683763
vt 0.016420 0.683765
vt 0.117682 0.683785
vt 0.051774 0.684213
vt 0.075942 0.684216
vt 0.051024 0.684335
vt 0.106633 0.684490
vt 0.073189 0.684497
vt 0.071405 0.684663
vt 0.030620 0.684839
vt 0.010056 0.685042
vt 0.140727 0.685057
vt 0.139840 0.685105
vt 0.046079 0.685208
vt 0.043971 0.685613
vt 0.128803 0.685665
vt 0.060593 0.685969
vt 0.041791 0.686067
vt 0.117838 0.686309
vt 0.003417 0.686392
vt 0.022056 0.686735
vt 0.055213 0.686794
vt 0.408922 0.686809
vt 0.076250 0.687001
vt 0.106826 0.687079
vt 0.052256 0.687287
vt 0.073457 0.687331
vt 0.051514 0.687423
vt 0.140857 0.687493
vt 0.071695 0.687503
vt 0.139968 0.687544
vt 0.468104 0.687710
vt 0.017305 0.687843
vt 0.128942 0.688134
vt 0.046713 0.688369
vt 0.031463 0.688428
vt 0.118008 0.688825
vt 0.044630 0.688828
vt 0.061007 0.688896
vt 0.042530 0.689317
vt 0.010987 0.689335
vt 0.107033 0.689657
vt 0.055697 0.689780
vt 0.076571 0.689787
vt 0.140995 0.689933
vt 0.140106 0.689985
vt 0.395566 0.690093
vt 0.073763 0.690141
vt 0.052851 0.690281
vt 0.072010 0.690324
vt 0.052127 0.690435
vt 0.394001 0.690468
vt 0.129089 0.690597
vt 0.023002 0.690616
vt 0.004416 0.690900
vt 0.118189 0.691333
vt 0.529270 0.691357
vt 0.047425 0.691462
vt 0.389105 0.691632
vt 0.061438 0.691782
vt 0.018322 0.691877
vt 0.045414 0.691948
vt 0.032394 0.691965
vt 0.107259 0.692226
vt 0.141130 0.692377
vt 0.140239 0.692427
vt 0.043335 0.692498
vt 0.385145 0.692569
vt 0.076900 0.692576
vt 0.056201 0.692681
vt 0.074085 0.692936
vt 0.129243 0.693052
vt 0.072341 0.693127
vt 0.382396 0.693222
vt 0.053499 0.693223
vt 0.052787 0.693376
vt 0.012071 0.693582
vt 0.118383 0.693833
vt 0.378329 0.694152
vt 0.024071 0.694442
vt 0.048167 0.694463
vt 0.061926 0.694630
vt 0.107500 0.694788
vt 0.141260 0.694831
vt 0.140364 0.694870
vt 0.046226 0.694988
vt 0.077245 0.695366
vt 0.005562 0.695375
vt 0.033429 0.695447
vt 0.129403 0.695499
vt 0.056771 0.695513
vt 0.044221 0.695579
vt 0.074403 0.695703
vt 0.019464 0.695858
vt 0.072684 0.695917
vt 0.054086 0.696101
vt 0.053400 0.696251
vt 0.118589 0.696324
vt 0.141338 0.697298
vt 0.140446 0.697301
vt 0.107759 0.697337
vt 0.048954 0.697369
vt 0.062375 0.697457
vt 0.013316 0.697779
vt 0.047073 0.697924
vt 0.129569 0.697936
vt 0.077520 0.698134
vt 0.025302 0.698194
vt 0.057329 0.698307
vt 0.074837 0.698445
vt 0.045154 0.698539
vt 0.073074 0.698672
vt 0.118806 0.698804
vt 0.034585 0.698849
vt 0.054685 0.698879
vt 0.054032 0.699025
vt 0.020766 0.699776
vt 0.006870 0.699810
vt 0.108035 0.699872
vt 0.049772 0.700165
vt 0.062835 0.700280
vt 0.533250 0.700732
vt 0.047957 0.700750
vt 0.077846 0.700892
vt 0.057866 0.701038
vt 0.075094 0.701170
vt 0.073444 0.701375
vt 0.046133 0.701396
vt 0.055273 0.701533
vt 0.054636 0.701680
vt 0.473299 0.701756
vt 0.026666 0.701878
vt 0.014694 0.701925
vt 0.035863 0.702162
vt 0.050629 0.702823
vt 0.063275 0.703102
vt 0.048937 0.703419
vt 0.022213 0.703632
vt 0.058289 0.703709
vt 0.075384 0.703712
vt 0.078094 0.703742
vt 0.073813 0.704011
vt 0.055849 0.704079
vt 0.047202 0.704133
vt 0.008342 0.704193
vt 0.055253 0.704210
vt 0.051486 0.705280
vt 0.037296 0.705339
vt 0.028158 0.705492
vt 0.414335 0.705817
vt 0.049936 0.705902
vt 0.063661 0.705940
vt 0.016225 0.706012
vt 0.058587 0.706335
vt 0.056313 0.706429
vt 0.055750 0.706549
vt 0.048360 0.706638
vt 0.023792 0.707423
vt 0.052344 0.707567
vt 0.050938 0.708133
vt 0.038862 0.708414
vt 0.009977 0.708516
vt 0.049570 0.708895
vt 0.029788 0.709033
vt 0.537690 0.709697
vt 0.017923 0.710028
vt 0.401153 0.710207
vt 0.399590 0.710710
vt 0.025522 0.711140
vt 0.040590 0.711381
vt 0.394872 0.712227
vt 0.031605 0.712477
vt 0.011778 0.712769
vt 0.391007 0.713474
vt 0.019780 0.713968
vt 0.042516 0.714197
vt 0.388283 0.714352
vt 0.027423 0.714775
vt 0.479583 0.715188
vt 0.384253 0.715617
vt 0.033596 0.715849
vt 0.013739 0.716946
vt 0.021770 0.717843
vt 0.029478 0.718364
vt 0.035786 0.719184
vt 0.015857 0.721042
vt 0.023924 0.721630
vt 0.031690 0.721898
vt 0.159182 0.724051
vt 0.421338 0.724490
vt 0.018130 0.725056
vt 0.026194 0.725342
vt 0.031702 0.727388
vt 0.038523 0.727388
vt 0.163988 0.727431
vt 0.486958 0.727843
vt 0.045212 0.728719
vt 0.025013 0.728719
vt 0.020550 0.728978
vt 0.408426 0.729968
vt 0.406908 0.730602
vt 0.168959 0.730771
vt 0.051513 0.731329
vt 0.018712 0.731329
vt 0.036081 0.732447
vt 0.402214 0.732556
vt 0.028396 0.733204
vt 0.043700 0.733705
vt 0.174114 0.734065
vt 0.398487 0.734074
vt 0.057184 0.735118
vt 0.013041 0.735118
vt 0.395748 0.735187
vt 0.021169 0.735924
vt 0.391790 0.736773
vt 0.050733 0.736892
vt 0.179444 0.737301
vt 0.495300 0.739426
vt 0.023761 0.739507
vt 0.062007 0.739941
vt 0.008218 0.739941
vt 0.014892 0.740422
vt 0.184947 0.740462
vt 0.032297 0.740744
vt 0.056702 0.741791
vt 0.429978 0.742792
vt 0.040910 0.742901
vt 0.190614 0.743535
vt 0.004429 0.745612
vt 0.065796 0.745612
vt 0.049270 0.745893
vt 0.009993 0.746392
vt 0.196440 0.746508
vt 0.020170 0.747654
vt 0.061200 0.748068
vt 0.417424 0.749339
vt 0.202414 0.749367
vt 0.057054 0.749606
vt 0.029033 0.749624
vt 0.415934 0.750101
vt 0.068406 0.751913
vt 0.001819 0.751913
vt 0.208510 0.752117
vt 0.038109 0.752136
vt 0.411341 0.752443
vt 0.006806 0.753425
vt 0.407624 0.754283
vt 0.214755 0.754717
vt 0.047051 0.755090
vt 0.063921 0.755295
vt 0.404999 0.755570
vt 0.017095 0.756546
vt 0.221116 0.757172
vt 0.401111 0.757485
vt 0.055514 0.758375
vt 0.000488 0.758602
vt 0.069737 0.758602
vt 0.025928 0.759226
vt 0.227584 0.759472
vt 0.440472 0.760670
vt 0.005548 0.761044
vt 0.234130 0.761623
vt 0.035113 0.762012
vt 0.498219 0.762930
vt 0.064677 0.762980
vt 0.522983 0.763555
vt 0.240775 0.763594
vt 0.521991 0.763720
vt 0.471734 0.763759
vt 0.523973 0.763789
vt 0.472747 0.763915
vt 0.470756 0.764009
vt 0.044299 0.764798
vt 0.247489 0.765393
vt 0.000488 0.765422
vt 0.069737 0.765422
vt 0.014711 0.765649
vt 0.498251 0.766450
vt 0.254258 0.767013
vt 0.522521 0.767038
vt 0.523499 0.767139
vt 0.472257 0.767207
vt 0.521573 0.767249
vt 0.471286 0.767326
vt 0.473229 0.767407
vt 0.053131 0.767478
vt 0.261069 0.768451
vt 0.428042 0.768460
vt 0.006305 0.768729
vt 0.358832 0.768873
vt 0.023175 0.768934
vt 0.426563 0.769345
vt 0.267906 0.769705
vt 0.352991 0.769889
vt 0.498277 0.769955
vt 0.522296 0.770418
vt 0.523253 0.770468
vt 0.472551 0.770571
vt 0.063419 0.770599
vt 0.471587 0.770640
vt 0.521344 0.770649
vt 0.274757 0.770773
vt 0.473524 0.770790
vt 0.347059 0.770803
vt 0.340978 0.771595
vt 0.281610 0.771654
vt 0.032117 0.771889
vt 0.421994 0.772021
vt 0.001819 0.772112
vt 0.068406 0.772112
vt 0.334762 0.772253
vt 0.288448 0.772349
vt 0.328420 0.772767
vt 0.295274 0.772873
vt 0.321967 0.773128
vt 0.302039 0.773199
vt 0.315385 0.773314
vt 0.308749 0.773344
vt 0.498297 0.773433
vt 0.522174 0.773786
vt 0.523153 0.773812
vt 0.472729 0.773909
vt 0.471779 0.773949
vt 0.521201 0.774011
vt 0.418323 0.774106
vt 0.473717 0.774121
vt 0.041194 0.774400
vt 0.013171 0.774418
vt 0.415739 0.775560
vt 0.009025 0.775956
vt 0.050055 0.776371
vt 0.498311 0.776887
vt 0.522100 0.777191
vt 0.523102 0.777212
vt 0.472840 0.777253
vt 0.471867 0.777278
vt 0.521101 0.777386
vt 0.473853 0.777443
vt 0.060233 0.777633
vt 0.411931 0.777710
vt 0.020957 0.778131
vt 0.452933 0.778194
vt 0.004429 0.778413
vt 0.065796 0.778413
vt 0.498319 0.780324
vt 0.522033 0.780601
vt 0.523015 0.780620
vt 0.472911 0.780639
vt 0.471916 0.780657
vt 0.521020 0.780750
vt 0.473948 0.780790
vt 0.029316 0.781123
vt 0.013523 0.782233
vt 0.092031 0.782309
vt 0.037929 0.783280
vt 0.055334 0.783602
vt 0.498319 0.783744
vt 0.521972 0.783979
vt 0.522936 0.783994
vt 0.472955 0.784027
vt 0.471989 0.784038
vt 0.520945 0.784080
vt 0.062007 0.784084
vt 0.008218 0.784084
vt 0.474008 0.784130
vt 0.046464 0.784518
vt 0.019492 0.787132
vt 0.498312 0.787152
vt 0.521913 0.787369
vt 0.522911 0.787385
vt 0.520874 0.787415
vt 0.472991 0.787416
vt 0.471995 0.787424
vt 0.474053 0.787465
vt 0.440359 0.787752
vt 0.049057 0.788100
vt 0.438948 0.788854
vt 0.013041 0.788907
vt 0.057184 0.788907
vt 0.096887 0.789957
vt 0.026526 0.790319
vt 0.498297 0.790548
vt 0.520810 0.790760
vt 0.521864 0.790773
vt 0.522833 0.790790
vt 0.474081 0.790804
vt 0.473006 0.790814
vt 0.472041 0.790819
vt 0.041830 0.790820
vt 0.034145 0.791577
vt 0.434354 0.792200
vt 0.018712 0.792696
vt 0.051513 0.792696
vt 0.498277 0.793934
vt 0.520770 0.794101
vt 0.474073 0.794131
vt 0.521812 0.794171
vt 0.522798 0.794185
vt 0.473015 0.794196
vt 0.472037 0.794197
vt 0.430287 0.794351
vt 0.025013 0.795306
vt 0.045212 0.795306
vt 0.427521 0.795637
vt 0.031702 0.796636
vt 0.038523 0.796636
vt 0.498251 0.797313
vt 0.520730 0.797457
vt 0.474053 0.797462
vt 0.472023 0.797581
vt 0.473004 0.797583
vt 0.521762 0.797588
vt 0.522765 0.797605
vt 0.102325 0.797640
vt 0.052265 0.797695
vt 0.423684 0.797772
vt 0.498222 0.800684
vt 0.474024 0.800805
vt 0.520690 0.800809
vt 0.472001 0.800975
vt 0.472987 0.800978
vt 0.521697 0.800993
vt 0.522676 0.801013
vt 0.498189 0.804048
vt 0.520657 0.804128
vt 0.473993 0.804170
vt 0.001714 0.804330
vt 0.521636 0.804352
vt 0.522591 0.804369
vt 0.471971 0.804392
vt 0.472976 0.804393
vt 0.000616 0.804465
vt 0.108364 0.805277
vt 0.498155 0.807405
vt 0.520629 0.807445
vt 0.473964 0.807537
vt 0.521586 0.807702
vt 0.522559 0.807714
vt 0.472978 0.807801
vt 0.471995 0.807803
vt 0.055851 0.809238
vt 0.498120 0.810755
vt 0.520612 0.810791
vt 0.473935 0.810884
vt 0.521552 0.811077
vt 0.522533 0.811087
vt 0.472011 0.811172
vt 0.472984 0.811172
vt 0.114992 0.812794
vt 0.498086 0.814098
vt 0.520596 0.814172
vt 0.473897 0.814212
vt 0.521513 0.814478
vt 0.522516 0.814491
vt 0.472020 0.814507
vt 0.472973 0.814512
vt 0.498053 0.817432
vt 0.473865 0.817559
vt 0.520579 0.817559
vt 0.471971 0.817858
vt 0.472961 0.817866
vt 0.521468 0.817872
vt 0.522444 0.817885
vt 0.122186 0.820124
vt 0.498022 0.820740
vt 0.060935 0.820952
vt 0.520542 0.820957
vt 0.473852 0.820964
vt 0.471946 0.821272
vt 0.522409 0.821282
vt 0.521427 0.821311
vt 0.472941 0.821321
vt 0.005357 0.822896
vt 0.004295 0.823174
vt 0.498011 0.824408
vt 0.522648 0.824678
vt 0.471667 0.824682
vt 0.521678 0.824718
vt 0.472640 0.824745
vt 0.520763 0.824762
vt 0.473557 0.824801
vt 0.129916 0.827209
vt 0.497993 0.827945
vt 0.471552 0.828069
vt 0.522723 0.828072
vt 0.521752 0.828081
vt 0.520826 0.828097
vt 0.472520 0.828098
vt 0.473441 0.828125
vt 0.497984 0.831409
vt 0.471502 0.831420
vt 0.522741 0.831434
vt 0.521769 0.831437
vt 0.472469 0.831439
vt 0.520862 0.831443
vt 0.473372 0.831451
vt 0.067258 0.832466
vt 0.138160 0.834008
vt 0.471453 0.834782
vt 0.472427 0.834796
vt 0.473359 0.834801
vt 0.522781 0.834808
vt 0.521794 0.834815
vt 0.520858 0.834819
vt 0.497980 0.834873
vt 0.471425 0.838191
vt 0.472396 0.838198
vt 0.473358 0.838203
vt 0.522800 0.838210
vt 0.521818 0.838223
vt 0.520877 0.838230
vt 0.497986 0.838339
vt 0.146878 0.840466
vt 0.011209 0.840593
vt 0.010199 0.840990
vt 0.471400 0.841616
vt 0.522839 0.841617
vt 0.472391 0.841618
vt 0.473330 0.841623
vt 0.521856 0.841635
vt 0.520911 0.841646
vt 0.497998 0.841810
vt 0.074698 0.843643
vt 0.471422 0.844999
vt 0.472389 0.845003
vt 0.473305 0.845006
vt 0.522893 0.845040
vt 0.521913 0.845058
vt 0.520954 0.845075
vt 0.498017 0.845288
vt 0.155934 0.846676
vt 0.471370 0.848392
vt 0.472359 0.848398
vt 0.473316 0.848403
vt 0.522928 0.848425
vt 0.521964 0.848447
vt 0.521050 0.848468
vt 0.498040 0.848775
vt 0.395308 0.850910
vt 0.471380 0.851793
vt 0.523043 0.851793
vt 0.472358 0.851801
vt 0.473273 0.851805
vt 0.522058 0.851822
vt 0.521123 0.851847
vt 0.498067 0.852276
vt 0.165484 0.852368
vt 0.083141 0.854371
vt 0.471353 0.855165
vt 0.472329 0.855179
vt 0.473263 0.855185
vt 0.523132 0.855189
vt 0.522162 0.855222
vt 0.521220 0.855251
vt 0.010489 0.855323
vt 0.008696 0.855323
vt 0.012248 0.855672
vt 0.006937 0.855673
vt 0.498095 0.855796
vt 0.387473 0.855897
vt 0.010352 0.855931
vt 0.005280 0.856359
vt 0.013905 0.856359
vt 0.008441 0.856535
vt 0.012034 0.856934
vt 0.015396 0.857355
vt 0.003788 0.857355
vt 0.018914 0.857429
vt 0.006590 0.857460
vt 0.175387 0.857632
vt 0.010086 0.857818
vt 0.017957 0.857925
vt 0.013660 0.858270
vt 0.471309 0.858561
vt 0.472292 0.858578
vt 0.473234 0.858587
vt 0.523272 0.858601
vt 0.016664 0.858623
vt 0.002520 0.858623
vt 0.522291 0.858633
vt 0.521330 0.858670
vt 0.004869 0.858671
vt 0.008137 0.858977
vt 0.498124 0.859339
vt 0.011778 0.859435
vt 0.015149 0.859867
vt 0.017660 0.860114
vt 0.001524 0.860115
vt 0.003345 0.860123
vt 0.006261 0.860368
vt 0.379168 0.860669
vt 0.009823 0.860806
vt 0.013420 0.861286
vt 0.016425 0.861639
vt 0.002076 0.861758
vt 0.018347 0.861771
vt 0.000838 0.861772
vt 0.004531 0.861935
vt 0.471263 0.861988
vt 0.472239 0.861998
vt 0.523385 0.862006
vt 0.473208 0.862007
vt 0.522405 0.862035
vt 0.521489 0.862067
vt 0.007870 0.862329
vt 0.185601 0.862450
vt 0.011544 0.862826
vt 0.498151 0.862910
vt 0.014915 0.863258
vt 0.017419 0.863495
vt 0.001112 0.863514
vt 0.018696 0.863530
vt 0.000488 0.863531
vt 0.003013 0.863621
vt 0.005995 0.863946
vt 0.009592 0.864427
vt 0.092182 0.864731
vt 0.013189 0.864907
vt 0.370309 0.865126
vt 0.016172 0.865233
vt 0.018696 0.865323
vt 0.000488 0.865324
vt 0.473137 0.865339
vt 0.018073 0.865340
vt 0.472245 0.865350
vt 0.471286 0.865357
vt 0.001766 0.865359
vt 0.523507 0.865404
vt 0.522519 0.865420
vt 0.521592 0.865434
vt 0.004270 0.865596
vt 0.007641 0.866028
vt 0.011314 0.866525
vt 0.498178 0.866586
vt 0.196118 0.866803
vt 0.014654 0.866918
vt 0.018347 0.867082
vt 0.000838 0.867083
vt 0.017109 0.867096
vt 0.002760 0.867214
vt 0.005765 0.867568
vt 0.009362 0.868048
vt 0.012924 0.868486
vt 0.471336 0.868676
vt 0.472312 0.868730
vt 0.015840 0.868731
vt 0.017661 0.868739
vt 0.001524 0.868740
vt 0.523515 0.868818
vt 0.522519 0.868889
vt 0.004036 0.868987
vt 0.360826 0.869141
vt 0.473181 0.869169
vt 0.521660 0.869334
vt 0.007407 0.869418
vt 0.011048 0.869877
vt 0.014316 0.870182
vt 0.016664 0.870231
vt 0.002521 0.870231
vt 0.498187 0.870441
vt 0.005525 0.870584
vt 0.206859 0.870669
vt 0.009099 0.871036
vt 0.012595 0.871394
vt 0.015396 0.871499
vt 0.003789 0.871499
vt 0.007151 0.871920
vt 0.470921 0.871980
vt 0.523973 0.872173
vt 0.471886 0.872199
vt 0.010744 0.872319
vt 0.522995 0.872406
vt 0.013905 0.872495
vt 0.005280 0.872495
vt 0.472769 0.872668
vt 0.350910 0.872699
vt 0.522125 0.872874
vt 0.008833 0.872923
vt 0.012248 0.873181
vt 0.006937 0.873182
vt 0.028182 0.873341
vt 0.010489 0.873531
vt 0.008696 0.873531
vt 0.027280 0.873921
vt 0.498207 0.873945
vt 0.217801 0.874035
vt 0.102306 0.874387
vt 0.340713 0.875847
vt 0.228926 0.876886
vt 0.330126 0.878352
vt 0.240182 0.879204
vt 0.319312 0.880437
vt 0.251534 0.880977
vt 0.004606 0.881157
vt 0.003450 0.881340
vt 0.002289 0.881532
vt 0.308280 0.881970
vt 0.262922 0.882389
vt 0.425996 0.882868
vt 0.028444 0.882924
vt 0.297072 0.882952
vt 0.274344 0.883071
vt 0.285732 0.883209
vt 0.113101 0.883422
vt 0.030397 0.883694
vt 0.031966 0.884373
vt 0.033149 0.884897
vt 0.004812 0.884922
vt 0.003695 0.884946
vt 0.002535 0.884975
vt 0.027448 0.886773
vt 0.029330 0.887205
vt 0.030904 0.887617
vt 0.032140 0.887947
vt 0.038794 0.888282
vt 0.002484 0.888471
vt 0.003647 0.888513
vt 0.004766 0.888547
vt 0.037952 0.888937
vt 0.026861 0.890352
vt 0.028638 0.890640
vt 0.030217 0.890915
vt 0.031494 0.891136
vt 0.002314 0.892011
vt 0.003468 0.892076
vt 0.124287 0.892082
vt 0.004609 0.892137
vt 0.417329 0.892166
vt 0.026378 0.893818
vt 0.028174 0.894037
vt 0.029752 0.894241
vt 0.031032 0.894390
vt 0.002092 0.895570
vt 0.003264 0.895638
vt 0.004379 0.895711
vt 0.026002 0.897261
vt 0.027838 0.897428
vt 0.029419 0.897581
vt 0.030694 0.897691
vt 0.001858 0.899129
vt 0.003039 0.899197
vt 0.004144 0.899266
vt 0.136214 0.899819
vt 0.025740 0.900701
vt 0.027551 0.900829
vt 0.029150 0.900951
vt 0.407294 0.900963
vt 0.030460 0.901045
vt 0.050601 0.902164
vt 0.001694 0.902657
vt 0.002843 0.902722
vt 0.003921 0.902783
vt 0.049822 0.902878
vt 0.025519 0.904144
vt 0.027325 0.904251
vt 0.028934 0.904361
vt 0.030271 0.904441
vt 0.001461 0.906186
vt 0.002626 0.906247
vt 0.003755 0.906310
vt 0.148593 0.906878
vt 0.025328 0.907583
vt 0.027123 0.907676
vt 0.028748 0.907766
vt 0.030045 0.907840
vt 0.396183 0.908967
vt 0.001274 0.909745
vt 0.002450 0.909802
vt 0.003540 0.909857
vt 0.025183 0.911003
vt 0.026942 0.911090
vt 0.028539 0.911169
vt 0.029882 0.911231
vt 0.471496 0.912857
vt 0.001073 0.913323
vt 0.002261 0.913374
vt 0.003397 0.913426
vt 0.472487 0.913502
vt 0.161163 0.913623
vt 0.024972 0.914424
vt 0.026777 0.914520
vt 0.028412 0.914598
vt 0.029739 0.914651
vt 0.063228 0.914995
vt 0.062510 0.915755
vt 0.384261 0.916064
vt 0.000975 0.916883
vt 0.002129 0.916927
vt 0.003210 0.916971
vt 0.024775 0.917879
vt 0.026631 0.917964
vt 0.028242 0.918031
vt 0.029569 0.918088
vt 0.174333 0.919336
vt 0.000810 0.920408
vt 0.001982 0.920454
vt 0.003093 0.920494
vt 0.024666 0.921323
vt 0.026480 0.921390
vt 0.028069 0.921453
vt 0.029391 0.921502
vt 0.371609 0.922310
vt 0.000647 0.924001
vt 0.001851 0.924039
vt 0.002978 0.924070
vt 0.187793 0.924364
vt 0.024545 0.924751
vt 0.026347 0.924802
vt 0.027971 0.924852
vt 0.029266 0.924892
vt 0.076656 0.926841
vt 0.000570 0.927637
vt 0.075994 0.927647
vt 0.001757 0.927659
vt 0.002909 0.927678
vt 0.358319 0.927689
vt 0.024469 0.928176
vt 0.026254 0.928216
vt 0.027856 0.928248
vt 0.029187 0.928288
vt 0.459281 0.928982
vt 0.201371 0.929122
vt 0.460171 0.929752
vt 0.000559 0.931235
vt 0.001719 0.931243
vt 0.002834 0.931258
vt 0.024420 0.931571
vt 0.026159 0.931607
vt 0.027754 0.931634
vt 0.029059 0.931662
vt 0.344514 0.931865
vt 0.215365 0.932778
vt 0.000526 0.934781
vt 0.001690 0.934785
vt 0.002794 0.934796
vt 0.024346 0.934953
vt 0.026116 0.934979
vt 0.027692 0.934991
vt 0.028986 0.935004
vt 0.330488 0.935459
vt 0.229532 0.935741
vt 0.090800 0.937631
vt 0.316146 0.937794
vt 0.243848 0.937981
vt 0.000501 0.938311
vt 0.001677 0.938311
vt 0.002751 0.938315
vt 0.028948 0.938329
vt 0.024308 0.938334
vt 0.027664 0.938336
vt 0.026100 0.938340
vt 0.090198 0.938468
vt 0.258255 0.939399
vt 0.301746 0.939644
vt 0.272720 0.940070
vt 0.287228 0.940303
vt 0.029032 0.941687
vt 0.027720 0.941708
vt 0.026131 0.941722
vt 0.024295 0.941741
vt 0.002776 0.941828
vt 0.000520 0.941832
vt 0.001671 0.941832
vt 0.445221 0.943229
vt 0.445998 0.944094
vt 0.029110 0.945105
vt 0.027769 0.945126
vt 0.026163 0.945141
vt 0.024361 0.945178
vt 0.002796 0.945378
vt 0.001674 0.945384
vt 0.000491 0.945389
vt 0.105388 0.947503
vt 0.104839 0.948368
vt 0.029135 0.948508
vt 0.027820 0.948535
vt 0.026211 0.948552
vt 0.024464 0.948588
vt 0.002860 0.948988
vt 0.001700 0.949009
vt 0.000488 0.949030
vt 0.029202 0.951876
vt 0.027914 0.951911
vt 0.026295 0.951952
vt 0.024504 0.951994
vt 0.002927 0.952603
vt 0.001803 0.952637
vt 0.000616 0.952673
vt 0.029321 0.955254
vt 0.028001 0.955300
vt 0.026413 0.955359
vt 0.024602 0.955416
vt 0.429778 0.955563
vt 0.003039 0.956163
vt 0.001934 0.956203
vt 0.000768 0.956245
vt 0.120488 0.956489
vt 0.430445 0.956496
vt 0.119992 0.957383
vt 0.029490 0.958668
vt 0.028170 0.958714
vt 0.026547 0.958783
vt 0.024702 0.958857
vt 0.003156 0.959677
vt 0.002077 0.959717
vt 0.000929 0.959759
vt 0.029604 0.962092
vt 0.028277 0.962139
vt 0.026688 0.962208
vt 0.024883 0.962298
vt 0.003319 0.963207
vt 0.002186 0.963251
vt 0.001017 0.963295
vt 0.136041 0.964487
vt 0.135598 0.965401
vt 0.029778 0.965489
vt 0.028447 0.965548
vt 0.026823 0.965626
vt 0.025075 0.965710
vt 0.413369 0.966043
vt 0.003440 0.966772
vt 0.002348 0.966823
vt 0.001154 0.966876
vt 0.413930 0.967021
vt 0.029895 0.968861
vt 0.028600 0.968935
vt 0.027021 0.969025
vt 0.025227 0.969120
vt 0.003649 0.970332
vt 0.002517 0.970395
vt 0.001346 0.970460
vt 0.151853 0.971691
vt 0.030161 0.972223
vt 0.028838 0.972315
vt 0.027225 0.972425
vt 0.025433 0.972546
vt 0.151458 0.972622
vt 0.003825 0.973867
vt 0.002744 0.973931
vt 0.001593 0.974000
vt 0.396316 0.974792
vt 0.030362 0.975599
vt 0.029058 0.975702
vt 0.396779 0.975799
vt 0.027485 0.975826
vt 0.025684 0.975967
vt 0.004061 0.977389
vt 0.002954 0.977462
vt 0.001770 0.977532
vt 0.168023 0.978072
vt 0.030643 0.978926
vt 0.167678 0.979024
vt 0.029379 0.979050
vt 0.027788 0.979210
vt 0.025969 0.979397
vt 0.004300 0.980954
vt 0.003184 0.981028
vt 0.002009 0.981097
vt 0.378842 0.981956
vt 0.030998 0.982210
vt 0.029725 0.982368
vt 0.028150 0.982584
vt 0.026403 0.982807
vt 0.379221 0.982985
vt 0.184528 0.983511
vt 0.184230 0.984480
vt 0.004536 0.984534
vt 0.003411 0.984603
vt 0.002230 0.984663
vt 0.031487 0.985441
vt 0.030221 0.985672
vt 0.028658 0.985958
vt 0.026857 0.986263
vt 0.361125 0.987758
vt 0.004749 0.988165
vt 0.003592 0.988213
vt 0.201243 0.988217
vt 0.002411 0.988253
vt 0.032148 0.988606
vt 0.361422 0.988798
vt 0.030926 0.988939
vt 0.200994 0.989200
vt 0.029374 0.989360
vt 0.027520 0.989818
vt 0.033149 0.991610
vt 0.002512 0.991818
vt 0.003690 0.991839
vt 0.004835 0.991848
vt 0.218262 0.992108
vt 0.031985 0.992128
vt 0.343185 0.992168
vt 0.030442 0.992799
vt 0.218060 0.993109
vt 0.343409 0.993214
vt 0.028534 0.993560
vt 0.235590 0.995145
vt 0.002283 0.995357
vt 0.325200 0.995418
vt 0.003477 0.995548
vt 0.004670 0.995731
vt 0.235439 0.996163
vt 0.325353 0.996469
vt 0.253219 0.997281
vt 0.307148 0.997433
vt 0.253122 0.998317
vt 0.271122 0.998443
vt 0.289138 0.998462
vt 0.307238 0.998484
vt 0.271088 0.999492
vt 0.289167 0.999512
vn -0.016888 -0.728431 -0.684911
vn -0.014569 -0.580808 -0.813910
vn -0.014410 -0.580160 -0.814375
vn -0.016653 -0.727874 -0.685508
vn -0.013782 -0.729799 -0.683523
vn -0.011430 -0.582329 -0.812873
vn -0.014569 -0.580808 -0.813910
vn -0.016888 -0.728431 -0.684911
vn -0.008136 -0.165780 0.986129
vn -0.011056 -0.355187 0.934730
vn -0.010984 -0.354603 0.934952
vn -0.008111 -0.165398 0.986194
vn -0.005163 -0.166406 0.986044
vn -0.007959 -0.356405 0.934298
vn -0.011056 -0.355187 0.934730
vn -0.008136 -0.165780 0.986129
vn -0.014569 -0.580808 -0.813910
vn -0.011919 -0.410786 -0.911654
vn -0.011828 -0.410162 -0.911936
vn -0.014410 -0.580160 -0.814375
vn -0.011430 -0.582329 -0.812873
vn -0.008800 -0.412114 -0.911090
vn -0.011919 -0.410786 -0.911654
vn -0.014569 -0.580808 -0.813910
vn -0.011056 -0.355187 0.934730
vn -0.013788 -0.530820 0.847373
vn -0.013651 -0.530167 0.847783
vn -0.010984 -0.354603 0.934952
vn -0.007959 -0.356405 0.934298
vn -0.010648 -0.532320 0.846476
vn -0.013788 -0.530820 0.847373
vn -0.011056 -0.355187 0.934730
vn 0.008894 0.974498 -0.224221
vn 0.009257 0.999506 -0.030027
vn 0.009581 0.999502 -0.030070
vn 0.009200 0.974431 -0.224498
vn 0.009301 0.974684 -0.223395
vn 0.009571 0.999507 -0.029912
vn 0.009257 0.999506 -0.030027
vn 0.008894 0.974498 -0.224221
vn -0.011919 -0.410786 -0.911654
vn -0.009044 -0.224843 -0.974353
vn -0.009006 -0.224385 -0.974459
vn -0.011828 -0.410162 -0.911936
vn -0.008800 -0.412114 -0.911090
vn -0.006023 -0.225671 -0.974185
vn -0.009044 -0.224843 -0.974353
vn -0.011919 -0.410786 -0.911654
vn -0.013788 -0.530820 0.847373
vn -0.016219 -0.685954 0.727464
vn -0.016007 -0.685346 0.728042
vn -0.013651 -0.530167 0.847783
vn -0.010648 -0.532320 0.846476
vn -0.013099 -0.687406 0.726156
vn -0.016219 -0.685954 0.727464
vn -0.013788 -0.530820 0.847373
vn 0.009257 0.999506 -0.030027
vn 0.009064 0.986201 0.165305
vn 0.009379 0.986163 0.165512
vn 0.009581 0.999502 -0.030070
vn 0.009571 0.999507 -0.029912
vn 0.009427 0.986302 0.164678
vn 0.009064 0.986201 0.165305
vn 0.009257 0.999506 -0.030027
vn -0.009044 -0.224843 -0.974353
vn -0.006062 -0.030173 -0.999526
vn -0.006054 -0.029987 -0.999532
vn -0.009006 -0.224385 -0.974459
vn -0.006023 -0.225671 -0.974185
vn -0.003229 -0.030258 -0.999537
vn -0.006062 -0.030173 -0.999526
vn -0.009044 -0.224843 -0.974353
vn -0.016219 -0.685954 0.727464
vn -0.018250 -0.814635 0.579687
vn -0.017964 -0.814193 0.580316
vn -0.016007 -0.685346 0.728042
vn -0.013099 -0.687406 0.726156
vn -0.015185 -0.815752 0.578202
vn -0.018250 -0.814635 0.579687
vn -0.016219 -0.685954 0.727464
vn 0.009064 0.986201 0.165305
vn 0.008321 0.935085 0.354326
vn 0.008601 0.934930 0.354727
vn 0.009379 0.986163 0.165512
vn 0.009427 0.986302 0.164678
vn 0.008870 0.935534 0.353126
vn 0.008321 0.935085 0.354326
vn 0.009064 0.986201 0.165305
vn -0.018250 -0.814635 0.579687
vn -0.019794 -0.911987 0.409741
vn -0.019446 -0.911748 0.410290
vn -0.017964 -0.814193 0.580316
vn -0.015185 -0.815752 0.578202
vn -0.016795 -0.912641 0.408417
vn -0.019794 -0.911987 0.409741
vn -0.018250 -0.814635 0.579687
vn -0.006062 -0.030173 -0.999526
vn -0.003090 0.165663 -0.986178
vn -0.003084 0.165557 -0.986195
vn -0.006054 -0.029987 -0.999532
vn -0.003229 -0.030258 -0.999537
vn -0.000535 0.166331 -0.986070
vn -0.003090 0.165663 -0.986178
vn -0.006062 -0.030173 -0.999526
vn 0.008321 0.935085 0.354326
vn 0.007052 0.848072 0.529834
vn 0.007277 0.847773 0.530309
vn 0.008601 0.934930 0.354727
vn 0.008870 0.935534 0.353126
vn 0.007902 0.848985 0.528357
vn 0.007052 0.848072 0.529834
vn 0.008321 0.935085 0.354326
vn -0.019794 -0.911987 0.409741
vn -0.020787 -0.974333 0.224149
vn -0.020395 -0.974262 0.224496
vn -0.019446 -0.911748 0.410290
vn -0.016795 -0.912641 0.408417
vn -0.017839 -0.974582 0.223321
vn -0.020787 -0.974333 0.224149
vn -0.019794 -0.911987 0.409741
vn -0.003090 0.165663 -0.986178
vn -0.000242 0.355082 -0.934835
vn -0.000211 0.354771 -0.934953
vn -0.003084 0.165557 -0.986195
vn -0.000535 0.166331 -0.986070
vn 0.001955 0.356292 -0.934373
vn -0.000242 0.355082 -0.934835
vn -0.003090 0.165663 -0.986178
vn 0.003866 0.195090 -0.980778
vn -0.744771 0.144390 -0.651512
vn -0.747335 0.014812 -0.664282
vn 0.000000 0.000001 -1.000000
vn -0.516872 0.176885 -0.837589
vn 0.042630 0.194151 -0.980045
vn 0.038771 -0.000768 -0.999248
vn -0.520160 0.010305 -0.854007
vn 0.999804 -0.019805 0.000004
vn 0.999804 -0.019799 0.000003
vn 0.697545 0.591511 0.404409
vn 0.695768 0.500999 0.514691
vn 0.732326 0.118914 -0.670491
vn 0.003864 0.195087 -0.980778
vn 0.000000 0.000002 -1.000000
vn 0.729708 -0.014452 -0.683606
vn 0.003864 0.195087 -0.980778
vn 0.003864 0.195087 -0.980778
vn 0.000000 0.000001 -1.000000
vn 0.000000 0.000002 -1.000000
vn 0.003864 0.195087 -0.980778
vn 0.003864 0.195087 -0.980778
vn 0.000000 0.000001 -1.000000
vn 0.000000 0.000001 -1.000000
vn 0.003864 0.195087 -0.980778
vn 0.003864 0.195087 -0.980778
vn -0.000000 0.000000 -1.000000
vn 0.000000 0.000001 -1.000000
vn 0.003864 0.195087 -0.980778
vn 0.003864 0.195087 -0.980778
vn -0.000000 -0.000000 -1.000000
vn -0.000000 0.000000 -1.000000
vn 0.003864 0.195087 -0.980778
vn 0.003864 0.195088 -0.980778
vn 0.000000 0.000000 -1.000000
vn -0.000000 -0.000000 -1.000000
vn 0.003864 0.195088 -0.980778
vn 0.003864 0.195088 -0.980778
vn 0.000000 0.000000 -1.000000
vn 0.000000 0.000000 -1.000000
vn 0.003864 0.195088 -0.980778
vn 0.003864 0.195090 -0.980778
vn 0.000000 0.000000 -1.000000
vn 0.000000 0.000000 -1.000000
vn 0.003864 0.195090 -0.980778
vn 0.002367 0.194775 -0.980845
vn -0.000003 -0.000482 -1.000000
vn 0.000000 0.000000 -1.000000
vn 0.002367 0.194775 -0.980845
vn 0.000845 0.195956 -0.980612
vn 0.000034 -0.000067 -1.000000
vn -0.000003 -0.000482 -1.000000
vn -0.983623 0.156064 -0.090170
vn -0.977952 0.196128 -0.071722
vn -0.607112 0.738089 -0.294346
vn -0.618543 0.661081 -0.424708
vn 0.113041 0.178475 -0.977429
vn 0.181066 0.105185 -0.977830
vn 0.011821 0.006734 -0.999908
vn 0.009363 0.013561 -0.999864
vn 0.205315 0.024539 -0.978388
vn 0.199400 -0.054235 -0.978416
vn 0.011093 -0.003387 -0.999933
vn 0.011904 0.001895 -0.999927
vn 0.157890 -0.138880 -0.977642
vn 0.088766 -0.188686 -0.978018
vn 0.020009 -0.006244 -0.999780
vn 0.012353 -0.011346 -0.999859
vn 0.977969 -0.180517 0.104838
vn 0.985664 -0.129262 0.108430
vn 0.742880 0.468994 -0.477675
vn 0.756564 0.540731 -0.367723
vn -0.667954 -0.131629 -0.732469
vn 0.088203 -0.180403 -0.979630
vn 0.088770 0.015042 -0.995939
vn -0.672470 0.005328 -0.740106
vn 0.088203 -0.180403 -0.979630
vn 0.079282 -0.180495 -0.980375
vn 0.080258 0.014856 -0.996664
vn 0.088770 0.015042 -0.995939
vn 0.079282 -0.180495 -0.980375
vn 0.075188 -0.180585 -0.980681
vn 0.076634 0.014701 -0.996951
vn 0.080258 0.014856 -0.996664
vn 0.075188 -0.180585 -0.980681
vn 0.774866 -0.128518 -0.618923
vn 0.776417 0.004590 -0.630203
vn 0.076634 0.014701 -0.996951
vn 0.997620 -0.007459 0.068551
vn 0.997620 -0.007421 0.068550
vn 0.731059 0.005549 -0.682291
vn 0.731495 0.147720 -0.665653
vn -0.842991 -0.536941 0.032582
vn -0.818597 -0.569390 -0.075461
vn -0.210763 -0.977347 -0.019275
vn -0.250451 -0.953448 0.167961
vn -0.687400 -0.115905 -0.716971
vn 0.057978 -0.180687 -0.981830
vn 0.061753 0.014831 -0.997981
vn -0.685098 0.017109 -0.728250
vn 0.057978 -0.180687 -0.981830
vn 0.060068 -0.181729 -0.981512
vn 0.064156 0.014220 -0.997839
vn 0.061753 0.014831 -0.997981
vn 0.037255 -0.184516 -0.982123
vn -0.036029 -0.174998 -0.983909
vn 0.025019 0.010555 -0.999631
vn 0.053746 0.010773 -0.998497
vn -0.122493 -0.132387 -0.983600
vn -0.163381 -0.067026 -0.984284
vn 0.017855 0.006908 -0.999817
vn 0.009002 0.009285 -0.999916
vn -0.172828 -0.015243 -0.984834
vn -0.172120 0.043027 -0.984136
vn 0.016376 -0.003836 -0.999859
vn 0.022514 0.002023 -0.999744
vn -0.141627 0.108663 -0.983938
vn -0.085097 0.156812 -0.983956
vn 0.007038 -0.014218 -0.999874
vn 0.014164 -0.010639 -0.999843
vn -0.022285 0.172690 -0.984724
vn -0.000535 0.166331 -0.986070
vn -0.003229 -0.030258 -0.999537
vn 0.002703 -0.021181 -0.999772
vn -0.046303 -0.726977 -0.685098
vn -0.044061 -0.579351 -0.813886
vn -0.141576 -0.573092 -0.807169
vn -0.143799 -0.719497 -0.679445
vn 0.007052 0.848072 0.529834
vn 0.005298 0.728463 0.685065
vn 0.005459 0.728048 0.685505
vn 0.007277 0.847773 0.530309
vn 0.007902 0.848985 0.528357
vn 0.006531 0.729769 0.683662
vn 0.005298 0.728463 0.685065
vn 0.007052 0.848072 0.529834
vn -0.020787 -0.974333 0.224149
vn -0.021186 -0.999325 0.030018
vn -0.020776 -0.999332 0.030067
vn -0.020395 -0.974262 0.224496
vn -0.017839 -0.974582 0.223321
vn -0.018261 -0.999386 0.029906
vn -0.021186 -0.999325 0.030018
vn -0.020787 -0.974333 0.224149
vn 0.005298 0.728463 0.685065
vn 0.003118 0.580777 0.814057
vn 0.003215 0.580323 0.814380
vn 0.005459 0.728048 0.685505
vn 0.006531 0.729769 0.683662
vn 0.004774 0.582266 0.812984
vn 0.003118 0.580777 0.814057
vn 0.005298 0.728463 0.685065
vn -0.000242 0.355082 -0.934835
vn 0.002377 0.530770 -0.847513
vn 0.002456 0.530335 -0.847785
vn -0.000211 0.354771 -0.934953
vn 0.007585 0.382646 -0.923864
vn -0.742267 0.268992 -0.613745
vn -0.744771 0.144390 -0.651512
vn 0.003866 0.195090 -0.980778
vn -0.513703 0.337054 -0.788989
vn 0.046341 0.381555 -0.923184
vn 0.042630 0.194151 -0.980045
vn -0.516872 0.176885 -0.837589
vn -0.999804 0.019781 -0.000003
vn -0.999804 0.019781 -0.000011
vn -0.693579 -0.390729 -0.605210
vn -0.695768 -0.500998 -0.514692
vn 0.734880 0.247097 -0.631581
vn 0.007578 0.382601 -0.923882
vn 0.003864 0.195087 -0.980778
vn 0.732326 0.118914 -0.670491
vn 0.007578 0.382601 -0.923882
vn 0.007578 0.382602 -0.923882
vn 0.003864 0.195087 -0.980778
vn 0.003864 0.195087 -0.980778
vn 0.007578 0.382602 -0.923882
vn 0.007579 0.382603 -0.923882
vn 0.003864 0.195087 -0.980778
vn 0.003864 0.195087 -0.980778
vn 0.007579 0.382603 -0.923882
vn 0.007579 0.382603 -0.923882
vn 0.003864 0.195087 -0.980778
vn 0.003864 0.195087 -0.980778
vn 0.007579 0.382603 -0.923882
vn 0.007579 0.382603 -0.923882
vn 0.003864 0.195087 -0.980778
vn 0.003864 0.195087 -0.980778
vn 0.007579 0.382603 -0.923882
vn 0.007579 0.382604 -0.923882
vn 0.003864 0.195088 -0.980778
vn 0.003864 0.195087 -0.980778
vn 0.007579 0.382604 -0.923882
vn 0.007579 0.382604 -0.923882
vn 0.003864 0.195088 -0.980778
vn 0.003864 0.195088 -0.980778
vn 0.007579 0.382604 -0.923882
vn 0.007579 0.382607 -0.923880
vn 0.003864 0.195090 -0.980778
vn 0.003864 0.195088 -0.980778
vn 0.007579 0.382607 -0.923880
vn 0.004671 0.382459 -0.923961
vn 0.002367 0.194775 -0.980845
vn 0.003864 0.195090 -0.980778
vn 0.004671 0.382459 -0.923961
vn 0.001851 0.384165 -0.923263
vn 0.000845 0.195956 -0.980612
vn 0.002367 0.194775 -0.980845
vn -0.998623 -0.037762 -0.036422
vn -0.998072 -0.048596 -0.038602
vn -0.694577 -0.626244 0.354092
vn -0.706873 -0.534126 0.463724
vn 0.211485 0.337424 -0.917289
vn 0.342379 0.199466 -0.918145
vn 0.181066 0.105185 -0.977830
vn 0.113041 0.178475 -0.977429
vn 0.390365 0.046042 -0.919508
vn 0.379489 -0.102876 -0.919459
vn 0.199400 -0.054235 -0.978416
vn 0.205315 0.024539 -0.978388
vn 0.297267 -0.260813 -0.918482
vn 0.154017 -0.363288 -0.918858
vn 0.088766 -0.188686 -0.978018
vn 0.157890 -0.138880 -0.977642
vn 0.994306 0.091833 0.054065
vn 0.995077 0.089622 0.042304
vn 0.709085 -0.684325 0.169992
vn 0.720147 -0.693130 0.030955
vn -0.665681 -0.264986 -0.697604
vn 0.084279 -0.368848 -0.925661
vn 0.088203 -0.180403 -0.979630
vn -0.667954 -0.131629 -0.732469
vn 0.084279 -0.368848 -0.925661
vn 0.075260 -0.368877 -0.926426
vn 0.079282 -0.180495 -0.980375
vn 0.088203 -0.180403 -0.979630
vn 0.075260 -0.368877 -0.926426
vn 0.070853 -0.368960 -0.926741
vn 0.075188 -0.180585 -0.980681
vn 0.079282 -0.180495 -0.980375
vn 0.070853 -0.368960 -0.926741
vn 0.771542 -0.256924 -0.581990
vn 0.774866 -0.128518 -0.618923
vn 0.075188 -0.180585 -0.980681
vn -0.881980 -0.421864 0.210102
vn -0.864259 -0.486376 0.128433
vn -0.286128 -0.893606 0.345833
vn -0.316809 -0.800994 0.507978
vn -0.906530 -0.265281 0.328373
vn -0.896038 -0.347148 0.276775
vn -0.341896 -0.679703 0.648930
vn -0.361084 -0.534531 0.764130
vn -0.691196 -0.244062 -0.680207
vn 0.051950 -0.369161 -0.927912
vn 0.057978 -0.180687 -0.981830
vn -0.687400 -0.115905 -0.716971
vn 0.051950 -0.369161 -0.927912
vn 0.053550 -0.370433 -0.927314
vn 0.060068 -0.181729 -0.981512
vn 0.057978 -0.180687 -0.981830
vn 0.018978 -0.372291 -0.927922
vn -0.096157 -0.353341 -0.930540
vn -0.036029 -0.174998 -0.983909
vn 0.037255 -0.184516 -0.982123
vn -0.249323 -0.268742 -0.930385
vn -0.337768 -0.138358 -0.931005
vn -0.163381 -0.067026 -0.984284
vn -0.122493 -0.132387 -0.983600
vn -0.361062 -0.031759 -0.932001
vn -0.353771 0.088180 -0.931166
vn -0.172120 0.043027 -0.984136
vn -0.172828 -0.015243 -0.984834
vn -0.291365 0.223371 -0.930168
vn -0.173644 0.321679 -0.930790
vn -0.085097 0.156812 -0.983956
vn -0.141627 0.108663 -0.983938
vn -0.046575 0.359523 -0.931973
vn 0.001955 0.356292 -0.934373
vn -0.000535 0.166331 -0.986070
vn -0.022285 0.172690 -0.984724
vn -0.037766 -0.164849 0.985596
vn -0.040638 -0.353927 0.934390
vn -0.138181 -0.349522 0.926683
vn -0.135332 -0.161999 0.977467
vn 0.001955 0.356292 -0.934373
vn 0.004164 0.532251 -0.846576
vn 0.002377 0.530770 -0.847513
vn -0.000242 0.355082 -0.934835
vn -0.021186 -0.999325 0.030018
vn -0.020974 -0.986029 -0.165249
vn -0.020574 -0.985994 -0.165508
vn -0.020776 -0.999332 0.030067
vn -0.018261 -0.999386 0.029906
vn -0.018037 -0.986192 -0.164624
vn -0.020974 -0.986029 -0.165249
vn -0.021186 -0.999325 0.030018
vn 0.003118 0.580777 0.814057
vn 0.000589 0.410687 0.911776
vn 0.000633 0.410330 0.911937
vn 0.003215 0.580323 0.814380
vn 0.004774 0.582266 0.812984
vn 0.002665 0.412027 0.911168
vn 0.000589 0.410687 0.911776
vn 0.003118 0.580777 0.814057
vn 0.002377 0.530770 -0.847513
vn 0.004672 0.685966 -0.727619
vn 0.004813 0.685518 -0.728039
vn 0.002456 0.530335 -0.847785
vn 0.004164 0.532251 -0.846576
vn 0.006033 0.687366 -0.726286
vn 0.004672 0.685966 -0.727619
vn 0.002377 0.530770 -0.847513
vn 0.011012 0.555449 -0.831478
vn -0.740016 0.383781 -0.552348
vn -0.742267 0.268992 -0.613745
vn 0.007585 0.382646 -0.923864
vn -0.510779 0.484659 -0.710078
vn 0.049765 0.554269 -0.830848
vn 0.046341 0.381555 -0.923184
vn -0.513703 0.337054 -0.788989
vn 0.999804 -0.019805 -0.000003
vn 0.999804 -0.019816 -0.000003
vn 0.693593 0.390711 0.605206
vn 0.691096 0.264915 0.672463
vn 0.737219 0.365272 -0.568405
vn 0.011003 0.555467 -0.831466
vn 0.007578 0.382601 -0.923882
vn 0.734880 0.247097 -0.631581
vn 0.011003 0.555467 -0.831466
vn 0.011002 0.555468 -0.831465
vn 0.007578 0.382602 -0.923882
vn 0.007578 0.382601 -0.923882
vn 0.011002 0.555468 -0.831465
vn 0.011003 0.555468 -0.831465
vn 0.007579 0.382603 -0.923882
vn 0.007578 0.382602 -0.923882
vn 0.011003 0.555468 -0.831465
vn 0.011003 0.555468 -0.831465
vn 0.007579 0.382603 -0.923882
vn 0.007579 0.382603 -0.923882
vn 0.011003 0.555468 -0.831465
vn 0.011003 0.555468 -0.831465
vn 0.007579 0.382603 -0.923882
vn 0.007579 0.382603 -0.923882
vn 0.011003 0.555468 -0.831465
vn 0.011003 0.555467 -0.831466
vn 0.007579 0.382604 -0.923882
vn 0.007579 0.382603 -0.923882
vn 0.011003 0.555467 -0.831466
vn 0.011003 0.555469 -0.831465
vn 0.007579 0.382604 -0.923882
vn 0.007579 0.382604 -0.923882
vn 0.011003 0.555469 -0.831465
vn 0.011004 0.555475 -0.831461
vn 0.007579 0.382607 -0.923880
vn 0.007579 0.382604 -0.923882
vn 0.011004 0.555475 -0.831461
vn 0.006817 0.555462 -0.831514
vn 0.004671 0.382459 -0.923961
vn 0.007579 0.382607 -0.923880
vn 0.006817 0.555462 -0.831514
vn 0.002978 0.557331 -0.830285
vn 0.001851 0.384165 -0.923263
vn 0.004671 0.382459 -0.923961
vn -0.977952 0.196128 -0.071722
vn -0.973844 0.223720 -0.039707
vn -0.599650 0.785960 -0.150622
vn -0.607112 0.738089 -0.294346
vn 0.300647 0.482814 -0.822497
vn 0.489809 0.285929 -0.823609
vn 0.342379 0.199466 -0.918145
vn 0.211485 0.337424 -0.917289
vn 0.560201 0.065593 -0.825756
vn 0.544676 -0.147437 -0.825585
vn 0.379489 -0.102876 -0.919459
vn 0.390365 0.046042 -0.919508
vn 0.425364 -0.372654 -0.824739
vn 0.213165 -0.523535 -0.824907
vn 0.154017 -0.363288 -0.918858
vn 0.297267 -0.260813 -0.918482
vn 0.996487 -0.078585 0.028956
vn 0.997348 -0.064804 0.033116
vn 0.659565 -0.436500 0.611917
vn 0.652780 -0.551353 0.519508
vn -0.665885 -0.389242 -0.636465
vn 0.077149 -0.543143 -0.836088
vn 0.084279 -0.368848 -0.925661
vn -0.665681 -0.264986 -0.697604
vn 0.077149 -0.543143 -0.836088
vn 0.068345 -0.543126 -0.836865
vn 0.075260 -0.368877 -0.926426
vn 0.084279 -0.368848 -0.925661
vn 0.068345 -0.543126 -0.836865
vn 0.063795 -0.543155 -0.837206
vn 0.070853 -0.368960 -0.926741
vn 0.075260 -0.368877 -0.926426
vn 0.063795 -0.543155 -0.837206
vn 0.766535 -0.375602 -0.520910
vn 0.771542 -0.256924 -0.581990
vn 0.070853 -0.368960 -0.926741
vn -0.917469 -0.089106 0.387700
vn -0.913629 -0.178648 0.365193
vn -0.374239 -0.370804 0.849971
vn -0.381284 -0.194263 0.903817
vn -0.997747 0.009686 -0.066383
vn -0.997748 0.009649 -0.066378
vn -0.640680 -0.124112 -0.757710
vn -0.644769 -0.260770 -0.718521
vn -0.696430 -0.362598 -0.619280
vn 0.043907 -0.543388 -0.838333
vn 0.051950 -0.369161 -0.927912
vn -0.691196 -0.244062 -0.680207
vn 0.043907 -0.543388 -0.838333
vn 0.044892 -0.544645 -0.837465
vn 0.053550 -0.370433 -0.927314
vn 0.051950 -0.369161 -0.927912
vn -0.000260 -0.545349 -0.838209
vn -0.152877 -0.517744 -0.841766
vn -0.096157 -0.353341 -0.930540
vn 0.018978 -0.372291 -0.927922
vn -0.366859 -0.394866 -0.842315
vn -0.498790 -0.204299 -0.842301
vn -0.337768 -0.138358 -0.931005
vn -0.249323 -0.268742 -0.930385
vn -0.535038 -0.046939 -0.843523
vn -0.521933 0.129938 -0.843031
vn -0.353771 0.088180 -0.931166
vn -0.361062 -0.031759 -0.932001
vn -0.429426 0.329117 -0.840997
vn -0.255345 0.474333 -0.842500
vn -0.173644 0.321679 -0.930790
vn -0.291365 0.223371 -0.930168
vn -0.069190 0.532313 -0.843716
vn 0.004164 0.532251 -0.846576
vn 0.001955 0.356292 -0.934373
vn -0.046575 0.359523 -0.931973
vn -0.044061 -0.579351 -0.813886
vn -0.041481 -0.409457 -0.911386
vn -0.139017 -0.404595 -0.903868
vn -0.141576 -0.573092 -0.807169
vn -0.020974 -0.986029 -0.165249
vn -0.020159 -0.934944 -0.354223
vn -0.019796 -0.934761 -0.354725
vn -0.020574 -0.985994 -0.165508
vn -0.018037 -0.986192 -0.164624
vn -0.017178 -0.935461 -0.353014
vn -0.020159 -0.934944 -0.354223
vn -0.020974 -0.986029 -0.165249
vn 0.004672 0.685966 -0.727619
vn 0.006563 0.814713 -0.579827
vn 0.006769 0.814368 -0.580309
vn 0.004813 0.685518 -0.728039
vn 0.006033 0.687366 -0.726286
vn 0.007525 0.815760 -0.578342
vn 0.006563 0.814713 -0.579827
vn 0.004672 0.685966 -0.727619
vn 0.000589 0.410687 0.911776
vn -0.002199 0.224731 0.974418
vn -0.002189 0.224565 0.974457
vn 0.000633 0.410330 0.911937
vn 0.002665 0.412027 0.911168
vn 0.000254 0.225593 0.974222
vn -0.002199 0.224731 0.974418
vn 0.000589 0.410687 0.911776
vn -0.020159 -0.934944 -0.354223
vn -0.018778 -0.847991 -0.529679
vn -0.018472 -0.847604 -0.530308
vn -0.019796 -0.934761 -0.354725
vn 0.014010 0.706964 -0.707111
vn -0.738015 0.484444 -0.469731
vn -0.740016 0.383781 -0.552348
vn 0.011012 0.555449 -0.831478
vn -0.508211 0.614045 -0.603880
vn 0.052767 0.705662 -0.706581
vn 0.049765 0.554269 -0.830848
vn -0.510779 0.484659 -0.710078
vn -0.999804 0.019810 0.000002
vn -0.999804 0.019803 0.000007
vn -0.677566 0.417881 -0.605211
vn -0.680051 0.292084 -0.672471
vn 0.739267 0.468851 -0.483387
vn 0.014004 0.706978 -0.707097
vn 0.011003 0.555467 -0.831466
vn 0.737219 0.365272 -0.568405
vn 0.014004 0.706978 -0.707097
vn 0.014004 0.706978 -0.707097
vn 0.011002 0.555468 -0.831465
vn 0.011003 0.555467 -0.831466
vn 0.014004 0.706978 -0.707097
vn 0.014004 0.706979 -0.707096
vn 0.011003 0.555468 -0.831465
vn 0.011002 0.555468 -0.831465
vn 0.014004 0.706979 -0.707096
vn 0.014004 0.706980 -0.707095
vn 0.011003 0.555468 -0.831465
vn 0.011003 0.555468 -0.831465
vn 0.014004 0.706980 -0.707095
vn 0.014004 0.706978 -0.707096
vn 0.011003 0.555468 -0.831465
vn 0.011003 0.555468 -0.831465
vn 0.014004 0.706978 -0.707096
vn 0.014004 0.706979 -0.707096
vn 0.011003 0.555467 -0.831466
vn 0.011003 0.555468 -0.831465
vn 0.014004 0.706979 -0.707096
vn 0.014005 0.706982 -0.707093
vn 0.011003 0.555469 -0.831465
vn 0.011003 0.555467 -0.831466
vn 0.014005 0.706982 -0.707093
vn 0.014006 0.706986 -0.707089
vn 0.011004 0.555475 -0.831461
vn 0.011003 0.555469 -0.831465
vn 0.014006 0.706986 -0.707089
vn 0.008715 0.707061 -0.707099
vn 0.006817 0.555462 -0.831514
vn 0.011004 0.555475 -0.831461
vn 0.008715 0.707061 -0.707099
vn 0.004122 0.708723 -0.705474
vn 0.002978 0.557331 -0.830285
vn 0.006817 0.555462 -0.831514
vn 0.995077 0.089622 0.042304
vn 0.996022 0.083049 0.032302
vn 0.696974 -0.648871 0.305277
vn 0.709085 -0.684325 0.169992
vn 0.377701 0.609357 -0.697156
vn 0.617971 0.361270 -0.698281
vn 0.489809 0.285929 -0.823609
vn 0.300647 0.482814 -0.822497
vn 0.708456 0.082487 -0.700918
vn 0.688783 -0.186228 -0.700640
vn 0.544676 -0.147437 -0.825585
vn 0.560201 0.065593 -0.825756
vn 0.537387 -0.470270 -0.700044
vn 0.263950 -0.663537 -0.700035
vn 0.213165 -0.523535 -0.824907
vn 0.425364 -0.372654 -0.824739
vn -0.973844 0.223720 -0.039707
vn -0.972341 0.233565 0.000000
vn -0.597052 0.802202 0.000000
vn -0.599650 0.785960 -0.150622
vn -0.668541 -0.499034 -0.551378
vn 0.067083 -0.696549 -0.714367
vn 0.077149 -0.543143 -0.836088
vn -0.665885 -0.389242 -0.636465
vn 0.067083 -0.696549 -0.714367
vn 0.058803 -0.696509 -0.715135
vn 0.068345 -0.543126 -0.836865
vn 0.077149 -0.543143 -0.836088
vn 0.058803 -0.696509 -0.715135
vn 0.054289 -0.696471 -0.715529
vn 0.063795 -0.543155 -0.837206
vn 0.068345 -0.543126 -0.836865
vn 0.054289 -0.696471 -0.715529
vn 0.760059 -0.480072 -0.437996
vn 0.766535 -0.375602 -0.520910
vn 0.063795 -0.543155 -0.837206
vn 0.806177 -0.590703 0.033905
vn 0.817047 -0.557874 0.145638
vn 0.198681 -0.959747 0.198524
vn 0.181558 -0.983355 0.006999
vn -0.915684 0.093145 0.390957
vn -0.918141 0.001883 0.396249
vn -0.382185 -0.011000 0.924021
vn -0.376991 0.172812 0.909952
vn -0.702879 -0.467033 -0.536508
vn 0.034167 -0.696707 -0.716542
vn 0.043907 -0.543388 -0.838333
vn -0.696430 -0.362598 -0.619280
vn 0.034167 -0.696707 -0.716542
vn 0.034479 -0.697695 -0.715565
vn 0.044892 -0.544645 -0.837465
vn 0.043907 -0.543388 -0.838333
vn -0.019577 -0.697127 -0.716681
vn -0.203870 -0.662065 -0.721184
vn -0.152877 -0.517744 -0.841766
vn -0.000260 -0.545349 -0.838209
vn -0.470733 -0.506145 -0.722653
vn -0.640437 -0.262306 -0.721828
vn -0.498790 -0.204299 -0.842301
vn -0.366859 -0.394866 -0.842315
vn -0.688150 -0.060243 -0.723063
vn -0.670316 0.166729 -0.723103
vn -0.521933 0.129938 -0.843031
vn -0.535038 -0.046939 -0.843523
vn -0.550667 0.421937 -0.720232
vn -0.327193 0.609050 -0.722497
vn -0.255345 0.474333 -0.842500
vn -0.429426 0.329117 -0.840997
vn -0.089219 0.684536 -0.723498
vn 0.006033 0.687366 -0.726286
vn 0.004164 0.532251 -0.846576
vn -0.069190 0.532313 -0.843716
vn -0.040638 -0.353927 0.934390
vn -0.043303 -0.529391 0.847272
vn -0.140824 -0.523544 0.840280
vn -0.138181 -0.349522 0.926683
vn -0.017178 -0.935461 -0.353014
vn -0.015733 -0.848973 -0.528202
vn -0.018778 -0.847991 -0.529679
vn -0.020159 -0.934944 -0.354223
vn 0.006563 0.814713 -0.579827
vn 0.007986 0.912118 -0.409851
vn 0.008251 0.911921 -0.410283
vn 0.006769 0.814368 -0.580309
vn 0.007525 0.815760 -0.578342
vn 0.008617 0.912700 -0.408539
vn 0.007986 0.912118 -0.409851
vn 0.006563 0.814713 -0.579827
vn -0.002199 0.224731 0.974418
vn -0.005145 0.030060 0.999535
vn -0.005141 0.030145 0.999532
vn -0.002189 0.224565 0.974457
vn 0.000254 0.225593 0.974222
vn -0.002387 0.030217 0.999541
vn -0.005145 0.030060 0.999535
vn -0.002199 0.224731 0.974418
vn -0.018778 -0.847991 -0.529679
vn -0.016888 -0.728431 -0.684911
vn -0.016653 -0.727874 -0.685508
vn -0.018472 -0.847604 -0.530308
vn -0.015733 -0.848973 -0.528202
vn -0.013782 -0.729799 -0.683523
vn -0.016888 -0.728431 -0.684911
vn -0.018778 -0.847991 -0.529679
vn 0.016461 0.831304 -0.555574
vn -0.736418 0.567012 -0.369034
vn -0.738015 0.484444 -0.469731
vn 0.014010 0.706964 -0.707111
vn -0.506111 0.720240 -0.474453
vn 0.055228 0.829916 -0.555148
vn 0.052767 0.705662 -0.706581
vn -0.508211 0.614045 -0.603880
vn 0.999804 -0.019803 -0.000006
vn 0.999804 -0.019799 -0.000006
vn 0.688381 0.128399 0.713895
vn 0.685581 -0.013583 0.727869
vn 0.740965 0.553831 -0.379791
vn 0.016466 0.831306 -0.555571
vn 0.014004 0.706978 -0.707097
vn 0.739267 0.468851 -0.483387
vn 0.016466 0.831306 -0.555571
vn 0.016466 0.831306 -0.555571
vn 0.014004 0.706978 -0.707097
vn 0.014004 0.706978 -0.707097
vn 0.016466 0.831306 -0.555571
vn 0.016466 0.831305 -0.555573
vn 0.014004 0.706979 -0.707096
vn 0.014004 0.706978 -0.707097
vn 0.016466 0.831305 -0.555573
vn 0.016466 0.831304 -0.555574
vn 0.014004 0.706980 -0.707095
vn 0.014004 0.706979 -0.707096
vn 0.016466 0.831304 -0.555574
vn 0.016467 0.831303 -0.555575
vn 0.014004 0.706978 -0.707096
vn 0.014004 0.706980 -0.707095
vn 0.016467 0.831303 -0.555575
vn 0.016467 0.831305 -0.555573
vn 0.014004 0.706979 -0.707096
vn 0.014004 0.706978 -0.707096
vn 0.016467 0.831305 -0.555573
vn 0.016468 0.831308 -0.555568
vn 0.014005 0.706982 -0.707093
vn 0.014004 0.706979 -0.707096
vn 0.016468 0.831308 -0.555568
vn 0.016469 0.831311 -0.555564
vn 0.014006 0.706986 -0.707089
vn 0.014005 0.706982 -0.707093
vn 0.016469 0.831311 -0.555564
vn 0.010284 0.831429 -0.555536
vn 0.008715 0.707061 -0.707099
vn 0.014006 0.706986 -0.707089
vn 0.010284 0.831429 -0.555536
vn 0.005172 0.832621 -0.553819
vn 0.004122 0.708723 -0.705474
vn 0.008715 0.707061 -0.707099
vn 0.999199 -0.021061 0.034038
vn 0.999801 -0.019701 0.003060
vn 0.687628 -0.014516 -0.725918
vn 0.698202 0.130061 -0.703987
vn 0.440263 0.712608 -0.546222
vn 0.722391 0.422750 -0.547206
vn 0.617971 0.361270 -0.698281
vn 0.377701 0.609357 -0.697156
vn 0.829701 0.096166 -0.549862
vn 0.806567 -0.217852 -0.549537
vn 0.688783 -0.186228 -0.700640
vn 0.708456 0.082487 -0.700918
vn 0.629164 -0.550112 -0.549117
vn 0.304562 -0.778277 -0.549114
vn 0.263950 -0.663537 -0.700035
vn 0.537387 -0.470270 -0.700044
vn 0.996022 0.083049 0.032302
vn 0.996990 0.073183 0.025609
vn 0.684212 -0.587670 0.431853
vn 0.696974 -0.648871 0.305277
vn -0.673549 -0.589566 -0.445806
vn 0.054466 -0.823121 -0.565248
vn 0.067083 -0.696549 -0.714367
vn -0.668541 -0.499034 -0.551378
vn 0.054466 -0.823121 -0.565248
vn 0.047002 -0.823116 -0.565925
vn 0.058803 -0.696509 -0.715135
vn 0.067083 -0.696549 -0.714367
vn 0.047002 -0.823116 -0.565925
vn 0.042697 -0.823062 -0.566345
vn 0.054289 -0.696471 -0.715529
vn 0.058803 -0.696509 -0.715135
vn 0.042697 -0.823062 -0.566345
vn 0.752388 -0.566382 -0.336339
vn 0.760059 -0.480072 -0.437996
vn 0.054289 -0.696471 -0.715529
vn -0.997746 0.009681 -0.066400
vn -0.997747 0.009686 -0.066391
vn -0.650320 -0.387194 -0.653578
vn -0.657193 -0.498531 -0.565300
vn 0.826780 -0.506565 0.244598
vn 0.835142 -0.441063 0.328636
vn 0.226788 -0.807016 0.545245
vn 0.213851 -0.899877 0.380118
vn -0.710284 -0.553384 -0.435044
vn 0.023121 -0.823193 -0.567290
vn 0.034167 -0.696707 -0.716542
vn -0.702879 -0.467033 -0.536508
vn 0.023121 -0.823193 -0.567290
vn 0.022761 -0.823787 -0.566442
vn 0.034479 -0.697695 -0.715565
vn 0.034167 -0.696707 -0.716542
vn -0.038124 -0.822054 -0.568132
vn -0.247127 -0.781063 -0.573471
vn -0.203870 -0.662065 -0.721184
vn -0.019577 -0.697127 -0.716681
vn -0.557051 -0.598493 -0.575760
vn -0.757552 -0.310233 -0.574344
vn -0.640437 -0.262306 -0.721828
vn -0.470733 -0.506145 -0.722653
vn -0.814749 -0.071212 -0.575424
vn -0.793386 0.197191 -0.575894
vn -0.670316 0.166729 -0.723103
vn -0.688150 -0.060243 -0.723063
vn -0.650751 0.498512 -0.572721
vn -0.386598 0.720810 -0.575303
vn -0.327193 0.609050 -0.722497
vn -0.550667 0.421937 -0.720232
vn -0.105862 0.810567 -0.575999
vn 0.007525 0.815760 -0.578342
vn 0.006033 0.687366 -0.726286
vn -0.089219 0.684536 -0.723498
vn -0.020465 0.974292 -0.224357
vn -0.020085 0.999347 -0.030051
vn -0.117796 0.992590 -0.029802
vn -0.118175 0.967742 -0.222508
vn -0.005145 0.030060 0.999535
vn -0.008136 -0.165780 0.986129
vn -0.008111 -0.165398 0.986194
vn -0.005141 0.030145 0.999532
vn -0.002387 0.030217 0.999541
vn -0.005163 -0.166406 0.986044
vn -0.008136 -0.165780 0.986129
vn -0.005145 0.030060 0.999535
vn 0.007986 0.912118 -0.409851
vn 0.008894 0.974498 -0.224221
vn 0.009200 0.974431 -0.224498
vn 0.008251 0.911921 -0.410283
vn 0.008617 0.912700 -0.408539
vn 0.009301 0.974684 -0.223395
vn 0.008894 0.974498 -0.224221
vn 0.007986 0.912118 -0.409851
vn -0.046304 -0.726977 -0.685099
vn -0.044061 -0.579355 -0.813884
vn -0.044061 -0.579351 -0.813886
vn -0.046303 -0.726977 -0.685098
vn -0.031501 -0.727508 -0.685376
vn -0.029258 -0.579825 -0.814216
vn -0.044061 -0.579355 -0.813884
vn -0.046304 -0.726977 -0.685099
vn -0.037766 -0.164855 0.985595
vn -0.040637 -0.353931 0.934388
vn -0.040638 -0.353927 0.934390
vn -0.037766 -0.164849 0.985596
vn 0.018291 0.923702 -0.382676
vn -0.735186 0.628398 -0.254199
vn -0.736418 0.567012 -0.369034
vn 0.016461 0.831304 -0.555574
vn -0.504550 0.799143 -0.326803
vn 0.057058 0.922236 -0.382394
vn 0.055228 0.829916 -0.555148
vn -0.506111 0.720240 -0.474453
vn -0.999804 0.019781 -0.000011
vn -0.999804 0.019801 -0.000012
vn -0.691094 -0.264917 -0.672464
vn -0.693579 -0.390729 -0.605210
vn 0.742199 0.617009 -0.261613
vn 0.018296 0.923695 -0.382691
vn 0.016466 0.831306 -0.555571
vn 0.740965 0.553831 -0.379791
vn 0.018296 0.923695 -0.382691
vn 0.018296 0.923696 -0.382689
vn 0.016466 0.831306 -0.555571
vn 0.016466 0.831306 -0.555571
vn 0.018296 0.923696 -0.382689
vn 0.018296 0.923695 -0.382691
vn 0.016466 0.831305 -0.555573
vn 0.016466 0.831306 -0.555571
vn 0.018296 0.923695 -0.382691
vn 0.018296 0.923695 -0.382692
vn 0.016466 0.831304 -0.555574
vn 0.016466 0.831305 -0.555573
vn 0.018296 0.923695 -0.382692
vn 0.018297 0.923696 -0.382690
vn 0.016467 0.831303 -0.555575
vn 0.016466 0.831304 -0.555574
vn 0.018297 0.923696 -0.382690
vn 0.018297 0.923696 -0.382689
vn 0.016467 0.831305 -0.555573
vn 0.016467 0.831303 -0.555575
vn 0.018297 0.923696 -0.382689
vn 0.018299 0.923698 -0.382684
vn 0.016468 0.831308 -0.555568
vn 0.016467 0.831305 -0.555573
vn 0.018299 0.923698 -0.382684
vn 0.018300 0.923700 -0.382679
vn 0.016469 0.831311 -0.555564
vn 0.016468 0.831308 -0.555568
vn 0.018300 0.923700 -0.382679
vn 0.011457 0.923828 -0.382635
vn 0.010284 0.831429 -0.555536
vn 0.016469 0.831311 -0.555564
vn 0.011457 0.923828 -0.382635
vn 0.006016 0.924474 -0.381198
vn 0.005172 0.832621 -0.553819
vn 0.010284 0.831429 -0.555536
vn 0.999801 -0.019702 -0.003020
vn 0.999199 -0.021089 -0.034018
vn 0.698207 0.130037 0.703987
vn 0.687645 -0.014519 0.725902
vn 0.486382 0.788969 -0.375447
vn 0.799544 0.468217 -0.376168
vn 0.722391 0.422750 -0.547206
vn 0.440263 0.712608 -0.546222
vn 0.919562 0.106217 -0.378318
vn 0.893814 -0.241222 -0.378032
vn 0.806567 -0.217852 -0.549537
vn 0.829701 0.096166 -0.549862
vn 0.697254 -0.609290 -0.377628
vn 0.333613 -0.863664 -0.377871
vn 0.304562 -0.778277 -0.549114
vn 0.629164 -0.550112 -0.549117
vn -0.972341 0.233565 0.000000
vn -0.973845 0.223717 0.039707
vn -0.599649 0.785960 0.150622
vn -0.597052 0.802202 0.000000
vn -0.680705 -0.656922 -0.324183
vn 0.039777 -0.918050 -0.394465
vn 0.054466 -0.823121 -0.565248
vn -0.673549 -0.589566 -0.445806
vn 0.039777 -0.918050 -0.394465
vn 0.033396 -0.918081 -0.394984
vn 0.047002 -0.823116 -0.565925
vn 0.054466 -0.823121 -0.565248
vn 0.033396 -0.918081 -0.394984
vn 0.029466 -0.918027 -0.395422
vn 0.042697 -0.823062 -0.566345
vn 0.047002 -0.823116 -0.565925
vn 0.029466 -0.918027 -0.395422
vn 0.743751 -0.631259 -0.219877
vn 0.752388 -0.566382 -0.336339
vn 0.042697 -0.823062 -0.566345
vn -0.901331 0.271363 0.337587
vn -0.910120 0.183456 0.371517
vn -0.365849 0.350940 0.861972
vn -0.348861 0.517251 0.781503
vn -0.986998 -0.143486 -0.072441
vn -0.997746 0.009678 -0.066399
vn -0.665099 -0.590530 -0.457075
vn -0.574248 -0.776877 -0.258268
vn -0.718389 -0.618341 -0.318703
vn 0.011196 -0.918060 -0.396284
vn 0.023121 -0.823193 -0.567290
vn -0.710284 -0.553384 -0.435044
vn 0.011196 -0.918060 -0.396284
vn 0.010219 -0.918278 -0.395805
vn 0.022761 -0.823787 -0.566442
vn 0.023121 -0.823193 -0.567290
vn -0.055105 -0.915616 -0.398259
vn -0.280953 -0.870406 -0.404299
vn -0.247127 -0.781063 -0.573471
vn -0.038124 -0.822054 -0.568132
vn -0.622503 -0.668420 -0.407069
vn -0.845926 -0.346362 -0.405514
vn -0.757552 -0.310233 -0.574344
vn -0.557051 -0.598493 -0.575760
vn -0.910271 -0.079473 -0.406314
vn -0.886519 0.220205 -0.406933
vn -0.793386 0.197191 -0.575894
vn -0.814749 -0.071212 -0.575424
vn -0.726168 0.556182 -0.404155
vn -0.431432 0.805398 -0.406449
vn -0.386598 0.720810 -0.575303
vn -0.650751 0.498512 -0.572721
vn -0.118468 0.905777 -0.406859
vn 0.008617 0.912700 -0.408539
vn 0.007525 0.815760 -0.578342
vn -0.105862 0.810567 -0.575999
vn -0.041481 -0.409457 -0.911386
vn -0.038662 -0.223805 -0.973867
vn -0.136217 -0.220464 -0.965837
vn -0.139017 -0.404595 -0.903868
vn -0.022960 -0.165148 0.986002
vn -0.025833 -0.354305 0.934773
vn -0.040637 -0.353931 0.934388
vn -0.037766 -0.164855 0.985595
vn -0.044061 -0.579355 -0.813884
vn -0.041481 -0.409448 -0.911390
vn -0.041481 -0.409457 -0.911386
vn -0.044061 -0.579351 -0.813886
vn -0.029258 -0.579825 -0.814216
vn -0.026676 -0.409842 -0.911766
vn -0.041481 -0.409448 -0.911390
vn -0.044061 -0.579355 -0.813884
vn -0.040637 -0.353931 0.934388
vn -0.043302 -0.529389 0.847273
vn -0.043303 -0.529391 0.847272
vn -0.040638 -0.353927 0.934390
vn -0.025833 -0.354305 0.934773
vn -0.028499 -0.529838 0.847620
vn -0.043302 -0.529389 0.847273
vn -0.040637 -0.353931 0.934388
vn -0.020465 0.974293 -0.224352
vn -0.020085 0.999346 -0.030055
vn -0.020085 0.999347 -0.030051
vn -0.020465 0.974292 -0.224357
vn -0.005652 0.974470 -0.224448
vn -0.005271 0.999534 -0.030070
vn -0.020085 0.999346 -0.030055
vn -0.020465 0.974293 -0.224352
vn 0.019428 0.980594 -0.195085
vn -0.734404 0.666226 -0.129587
vn -0.735186 0.628398 -0.254199
vn 0.018291 0.923702 -0.382676
vn -0.503587 0.847728 -0.166607
vn 0.058183 0.979087 -0.194946
vn 0.057058 0.922236 -0.382394
vn -0.504550 0.799143 -0.326803
vn 0.999804 -0.019802 -0.000003
vn 0.999804 -0.019806 -0.000007
vn 0.682764 -0.155558 0.713888
vn 0.680061 -0.292078 0.672464
vn 0.742989 0.655880 -0.133375
vn 0.019423 0.980592 -0.195096
vn 0.018296 0.923695 -0.382691
vn 0.742199 0.617009 -0.261613
vn 0.019423 0.980592 -0.195096
vn 0.019423 0.980592 -0.195095
vn 0.018296 0.923696 -0.382689
vn 0.018296 0.923695 -0.382691
vn 0.019423 0.980592 -0.195095
vn 0.019423 0.980592 -0.195095
vn 0.018296 0.923695 -0.382691
vn 0.018296 0.923696 -0.382689
vn 0.019423 0.980592 -0.195095
vn 0.019423 0.980592 -0.195093
vn 0.018296 0.923695 -0.382692
vn 0.018296 0.923695 -0.382691
vn 0.019423 0.980592 -0.195093
vn 0.019424 0.980593 -0.195092
vn 0.018297 0.923696 -0.382690
vn 0.018296 0.923695 -0.382692
vn 0.019424 0.980593 -0.195092
vn 0.019425 0.980592 -0.195094
vn 0.018297 0.923696 -0.382689
vn 0.018297 0.923696 -0.382690
vn 0.019425 0.980592 -0.195094
vn 0.019426 0.980592 -0.195096
vn 0.018299 0.923698 -0.382684
vn 0.018297 0.923696 -0.382689
vn 0.019426 0.980592 -0.195096
vn 0.019427 0.980592 -0.195094
vn 0.018300 0.923700 -0.382679
vn 0.018299 0.923698 -0.382684
vn 0.019427 0.980592 -0.195094
vn 0.012183 0.980715 -0.195063
vn 0.011457 0.923828 -0.382635
vn 0.018300 0.923700 -0.382679
vn 0.012183 0.980715 -0.195063
vn 0.006564 0.980932 -0.194241
vn 0.006016 0.924474 -0.381198
vn 0.011457 0.923828 -0.382635
vn 0.996990 0.073183 0.025609
vn 0.997834 0.061561 0.023171
vn 0.671358 -0.502449 0.544815
vn 0.684212 -0.587670 0.431853
vn 0.514636 0.835830 -0.191152
vn 0.846865 0.496121 -0.191531
vn 0.799544 0.468217 -0.376168
vn 0.486382 0.788969 -0.375447
vn 0.974797 0.112358 -0.192732
vn 0.947423 -0.255553 -0.192566
vn 0.893814 -0.241222 -0.378032
vn 0.919562 0.106217 -0.378318
vn 0.739089 -0.645658 -0.192025
vn 0.350153 -0.916653 -0.192719
vn 0.333613 -0.863664 -0.377871
vn 0.697254 -0.609290 -0.377628
vn -0.973845 0.223717 0.039707
vn -0.977952 0.196130 0.071722
vn -0.607110 0.738090 0.294348
vn -0.599649 0.785960 0.150622
vn -0.689719 -0.698252 -0.191658
vn 0.023569 -0.977720 -0.208586
vn 0.039777 -0.918050 -0.394465
vn -0.680705 -0.656922 -0.324183
vn 0.023569 -0.977720 -0.208586
vn 0.018506 -0.977771 -0.208859
vn 0.033396 -0.918081 -0.394984
vn 0.039777 -0.918050 -0.394465
vn 0.018506 -0.977771 -0.208859
vn 0.015103 -0.977733 -0.209310
vn 0.029466 -0.918027 -0.395422
vn 0.033396 -0.918081 -0.394984
vn 0.015103 -0.977733 -0.209310
vn 0.734523 -0.672179 -0.093014
vn 0.743751 -0.631259 -0.219877
vn 0.029466 -0.918027 -0.395422
vn 0.842011 -0.365311 0.396944
vn 0.847436 -0.282476 0.449511
vn 0.245985 -0.539931 0.804963
vn 0.237457 -0.685398 0.688363
vn -0.873502 0.432022 0.224390
vn -0.889164 0.355026 0.288695
vn -0.326153 0.665882 0.670989
vn -0.298011 0.791313 0.533867
vn -0.726885 -0.659404 -0.191896
vn -0.001142 -0.977680 -0.210098
vn 0.011196 -0.918060 -0.396284
vn -0.718389 -0.618341 -0.318703
vn -0.001142 -0.977680 -0.210098
vn -0.002645 -0.977663 -0.210164
vn 0.010219 -0.918278 -0.395805
vn 0.011196 -0.918060 -0.396284
vn -0.069811 -0.974446 -0.213496
vn -0.304059 -0.926879 -0.220100
vn -0.280953 -0.870406 -0.404299
vn -0.055105 -0.915616 -0.398259
vn -0.664545 -0.713236 -0.222878
vn -0.902427 -0.369438 -0.221680
vn -0.845926 -0.346362 -0.405514
vn -0.622503 -0.668420 -0.407069
vn -0.971329 -0.084748 -0.222122
vn -0.946185 0.234930 -0.222578
vn -0.886519 0.220205 -0.406933
vn -0.910271 -0.079473 -0.406314
vn -0.774326 0.592991 -0.220865
vn -0.460098 0.859591 -0.222294
vn -0.431432 0.805398 -0.406449
vn -0.726168 0.556182 -0.404155
vn -0.126544 0.966690 -0.222479
vn 0.009301 0.974684 -0.223395
vn 0.008617 0.912700 -0.408539
vn -0.118468 0.905777 -0.406859
vn -0.043303 -0.529391 0.847272
vn -0.045658 -0.684484 0.727597
vn -0.143159 -0.677353 0.721595
vn -0.140824 -0.523544 0.840280
vn -0.041481 -0.409448 -0.911390
vn -0.038662 -0.223799 -0.973868
vn -0.038662 -0.223805 -0.973867
vn -0.041481 -0.409457 -0.911386
vn -0.026676 -0.409842 -0.911766
vn -0.023855 -0.224112 -0.974271
vn -0.038662 -0.223799 -0.973868
vn -0.041481 -0.409448 -0.911390
vn -0.043302 -0.529389 0.847273
vn -0.045658 -0.684488 0.727593
vn -0.045658 -0.684484 0.727597
vn -0.043303 -0.529391 0.847272
vn -0.028499 -0.529838 0.847620
vn -0.030855 -0.684993 0.727896
vn -0.045658 -0.684488 0.727593
vn -0.043302 -0.529389 0.847273
vn -0.020085 0.999346 -0.030055
vn -0.020287 0.986017 0.165406
vn -0.020287 0.986016 0.165408
vn -0.020085 0.999347 -0.030051
vn -0.005271 0.999534 -0.030070
vn -0.005473 0.986199 0.165474
vn -0.020287 0.986017 0.165406
vn -0.020085 0.999346 -0.030055
vn -0.038662 -0.223799 -0.973868
vn -0.035711 -0.029532 -0.998926
vn -0.035711 -0.029514 -0.998926
vn -0.038662 -0.223805 -0.973867
vn 0.019811 0.999804 0.000000
vn -0.734153 0.678985 0.000000
vn -0.734404 0.666226 -0.129587
vn 0.019428 0.980594 -0.195085
vn -0.503261 0.864135 0.000001
vn 0.058563 0.998284 0.000000
vn 0.058183 0.979087 -0.194946
vn -0.503587 0.847728 -0.166607
vn -0.999804 0.019803 0.000007
vn -0.999804 0.019806 -0.000000
vn -0.675379 0.528156 -0.514699
vn -0.677566 0.417881 -0.605211
vn 0.743253 0.669010 0.000000
vn 0.019804 0.999804 0.000000
vn 0.019423 0.980592 -0.195096
vn 0.742989 0.655880 -0.133375
vn 0.019804 0.999804 0.000000
vn 0.019804 0.999804 0.000000
vn 0.019423 0.980592 -0.195095
vn 0.019423 0.980592 -0.195096
vn 0.019804 0.999804 0.000000
vn 0.019804 0.999804 0.000000
vn 0.019423 0.980592 -0.195095
vn 0.019423 0.980592 -0.195095
vn 0.019804 0.999804 0.000000
vn 0.019804 0.999804 0.000000
vn 0.019423 0.980592 -0.195093
vn 0.019423 0.980592 -0.195095
vn 0.019804 0.999804 0.000000
vn 0.019804 0.999804 0.000000
vn 0.019424 0.980593 -0.195092
vn 0.019423 0.980592 -0.195093
vn 0.019804 0.999804 0.000000
vn 0.019805 0.999804 -0.000001
vn 0.019425 0.980592 -0.195094
vn 0.019424 0.980593 -0.195092
vn 0.019805 0.999804 -0.000001
vn 0.019806 0.999804 0.000000
vn 0.019426 0.980592 -0.195096
vn 0.019425 0.980592 -0.195094
vn 0.019806 0.999804 0.000000
vn 0.019808 0.999804 0.000001
vn 0.019427 0.980592 -0.195094
vn 0.019426 0.980592 -0.195096
vn 0.019808 0.999804 0.000001
vn 0.012428 0.999923 -0.000002
vn 0.012183 0.980715 -0.195063
vn 0.019427 0.980592 -0.195094
vn 0.012428 0.999923 -0.000002
vn 0.006754 0.999977 -0.000002
vn 0.006564 0.980932 -0.194241
vn 0.012183 0.980715 -0.195063
vn 0.985671 -0.129229 -0.108412
vn 0.977969 -0.180513 -0.104840
vn 0.756553 0.540743 0.367729
vn 0.742875 0.469008 0.477671
vn 0.524148 0.851627 0.000000
vn 0.862812 0.505525 0.000000
vn 0.846865 0.496121 -0.191531
vn 0.514636 0.835830 -0.191152
vn 0.993432 0.114423 0.000000
vn 0.965506 -0.260382 -0.000001
vn 0.947423 -0.255553 -0.192566
vn 0.974797 0.112358 -0.192732
vn 0.753093 -0.657914 0.000723
vn 0.353672 -0.935369 -0.000496
vn 0.350153 -0.916653 -0.192719
vn 0.739089 -0.645658 -0.192025
vn 0.997834 0.061561 0.023171
vn 0.998428 0.049963 0.025401
vn 0.658849 -0.395967 0.639632
vn 0.671358 -0.502449 0.544815
vn -0.700240 -0.711867 -0.053938
vn 0.006457 -0.999871 -0.014744
vn 0.023569 -0.977720 -0.208586
vn -0.689719 -0.698252 -0.191658
vn 0.006457 -0.999871 -0.014744
vn 0.002904 -0.999888 -0.014699
vn 0.018506 -0.977771 -0.208859
vn 0.023569 -0.977720 -0.208586
vn 0.002904 -0.999888 -0.014699
vn 0.000158 -0.999885 -0.015139
vn 0.015103 -0.977733 -0.209310
vn 0.018506 -0.977771 -0.208859
vn 0.000158 -0.999885 -0.015139
vn 0.725042 -0.687574 0.039443
vn 0.734523 -0.672179 -0.093014
vn 0.015103 -0.977733 -0.209310
vn 0.851465 -0.195066 0.486782
vn 0.854190 -0.104960 0.509258
vn 0.257312 -0.199655 0.945478
vn 0.252543 -0.376090 0.891503
vn 0.997620 -0.007388 0.068556
vn 0.997620 -0.007424 0.068557
vn 0.724864 -0.274956 -0.631642
vn 0.728862 -0.137159 -0.670781
vn -0.735443 -0.674975 -0.059437
vn -0.013421 -0.999784 -0.015865
vn -0.001142 -0.977680 -0.210098
vn -0.726885 -0.659404 -0.191896
vn -0.013421 -0.999784 -0.015865
vn -0.015340 -0.999746 -0.016506
vn -0.002645 -0.977663 -0.210164
vn -0.001142 -0.977680 -0.210098
vn -0.081669 -0.996445 -0.020698
vn -0.315577 -0.948494 -0.027771
vn -0.304059 -0.926879 -0.220100
vn -0.069811 -0.974446 -0.213496
vn -0.681508 -0.731190 -0.030137
vn -0.925053 -0.378676 -0.029673
vn -0.902427 -0.369438 -0.221680
vn -0.664545 -0.713236 -0.222878
vn -0.995777 -0.086859 -0.029735
vn -0.970109 0.240831 -0.029804
vn -0.946185 0.234930 -0.222578
vn -0.971329 -0.084748 -0.222122
vn -0.793604 0.607716 -0.029562
vn -0.471578 0.881322 -0.029762
vn -0.460098 0.859591 -0.222294
vn -0.774326 0.592991 -0.220865
vn -0.129783 0.991095 -0.029786
vn 0.009571 0.999507 -0.029912
vn 0.009301 0.974684 -0.223395
vn -0.126544 0.966690 -0.222479
vn -0.020085 0.999347 -0.030051
vn -0.020287 0.986016 0.165408
vn -0.117998 0.979371 0.164042
vn -0.117796 0.992590 -0.029802
vn -0.023855 -0.224112 -0.974271
vn -0.020903 -0.029769 -0.999338
vn -0.035711 -0.029532 -0.998926
vn -0.038662 -0.223799 -0.973868
vn -0.045658 -0.684488 0.727593
vn -0.047614 -0.813246 0.579969
vn -0.047614 -0.813245 0.579970
vn -0.045658 -0.684484 0.727597
vn -0.030855 -0.684993 0.727896
vn -0.032811 -0.813809 0.580205
vn -0.047614 -0.813246 0.579969
vn -0.045658 -0.684488 0.727593
vn -0.020287 0.986017 0.165406
vn -0.021065 0.934817 0.354504
vn -0.021065 0.934817 0.354504
vn -0.020287 0.986016 0.165408
vn -0.005473 0.986199 0.165474
vn -0.006251 0.934976 0.354655
vn -0.021065 0.934817 0.354504
vn -0.020287 0.986017 0.165406
vn -0.047614 -0.813246 0.579969
vn -0.049095 -0.910746 0.410039
vn -0.049094 -0.910748 0.410035
vn -0.047614 -0.813245 0.579970
vn -0.032811 -0.813809 0.580205
vn -0.034293 -0.911346 0.410209
vn -0.049095 -0.910746 0.410039
vn -0.047614 -0.813246 0.579969
vn 0.019428 0.980594 0.195085
vn -0.734404 0.666226 0.129587
vn -0.734153 0.678985 0.000000
vn 0.019811 0.999804 0.000000
vn -0.503586 0.847728 0.166607
vn 0.058183 0.979087 0.194947
vn 0.058563 0.998284 0.000000
vn -0.503261 0.864135 0.000001
vn 0.999804 -0.019811 0.000014
vn 0.999804 -0.019806 0.000013
vn 0.677553 -0.417886 0.605222
vn 0.675368 -0.528177 0.514691
vn 0.742989 0.655880 0.133375
vn 0.019423 0.980592 0.195097
vn 0.019804 0.999804 0.000000
vn 0.743253 0.669010 0.000000
vn 0.019423 0.980592 0.195097
vn 0.019423 0.980592 0.195096
vn 0.019804 0.999804 0.000000
vn 0.019804 0.999804 0.000000
vn 0.019423 0.980592 0.195096
vn 0.019423 0.980592 0.195096
vn 0.019804 0.999804 0.000000
vn 0.019804 0.999804 0.000000
vn 0.019423 0.980592 0.195096
vn 0.019423 0.980592 0.195094
vn 0.019804 0.999804 0.000000
vn 0.019804 0.999804 0.000000
vn 0.019423 0.980592 0.195094
vn 0.019424 0.980592 0.195093
vn 0.019804 0.999804 0.000000
vn 0.019804 0.999804 0.000000
vn 0.019424 0.980592 0.195093
vn 0.019425 0.980592 0.195095
vn 0.019805 0.999804 -0.000001
vn 0.019804 0.999804 0.000000
vn 0.019425 0.980592 0.195095
vn 0.019426 0.980592 0.195096
vn 0.019806 0.999804 0.000000
vn 0.019805 0.999804 -0.000001
vn 0.019426 0.980592 0.195096
vn 0.019427 0.980592 0.195095
vn 0.019808 0.999804 0.000001
vn 0.019806 0.999804 0.000000
vn 0.019427 0.980592 0.195095
vn 0.012183 0.980715 0.195063
vn 0.012428 0.999923 -0.000002
vn 0.019808 0.999804 0.000001
vn 0.012183 0.980715 0.195063
vn 0.006564 0.980932 0.194239
vn 0.006754 0.999977 -0.000002
vn 0.012428 0.999923 -0.000002
vn -0.977952 0.196130 0.071722
vn -0.983622 0.156065 0.090170
vn -0.618543 0.661081 0.424708
vn -0.607110 0.738090 0.294348
vn 0.514636 0.835830 0.191151
vn 0.846865 0.496121 0.191531
vn 0.862812 0.505525 0.000000
vn 0.524148 0.851627 0.000000
vn 0.974797 0.112358 0.192732
vn 0.947423 -0.255553 0.192566
vn 0.965506 -0.260382 -0.000001
vn 0.993432 0.114423 0.000000
vn 0.738760 -0.645625 0.193397
vn 0.344079 -0.919155 0.191737
vn 0.353672 -0.935369 -0.000496
vn 0.753093 -0.657914 0.000723
vn -0.998808 -0.028286 -0.039782
vn -0.998539 -0.038386 -0.038023
vn -0.660540 0.512717 -0.548461
vn -0.649203 0.406833 -0.642669
vn -0.711884 -0.697359 0.083134
vn -0.010913 -0.983669 0.179658
vn 0.006457 -0.999871 -0.014744
vn -0.700240 -0.711867 -0.053938
vn -0.010913 -0.983669 0.179658
vn -0.012809 -0.983578 0.180027
vn 0.002904 -0.999888 -0.014699
vn 0.006457 -0.999871 -0.014744
vn -0.012809 -0.983578 0.180027
vn -0.014793 -0.983626 0.179613
vn 0.000158 -0.999885 -0.015139
vn 0.002904 -0.999888 -0.014699
vn -0.014793 -0.983626 0.179613
vn 0.715671 -0.676819 0.172427
vn 0.725042 -0.687574 0.039443
vn 0.000158 -0.999885 -0.015139
vn -0.831951 0.552594 0.049978
vn -0.854376 0.499146 0.144550
vn -0.264907 0.888566 0.374533
vn -0.227552 0.953344 0.198381
vn 0.855656 -0.013585 0.517366
vn 0.855829 0.077864 0.511365
vn 0.261602 0.166826 0.950649
vn 0.260351 -0.016628 0.965371
vn -0.743726 -0.664416 0.073641
vn -0.025172 -0.983528 0.178995
vn -0.013421 -0.999784 -0.015865
vn -0.735443 -0.674975 -0.059437
vn -0.025172 -0.983528 0.178995
vn -0.027391 -0.983673 0.177870
vn -0.015340 -0.999746 -0.016506
vn -0.013421 -0.999784 -0.015865
vn -0.090238 -0.980785 0.172971
vn -0.315089 -0.934518 0.165513
vn -0.315577 -0.948494 -0.027771
vn -0.081669 -0.996445 -0.020698
vn -0.672697 -0.721560 0.163796
vn -0.913018 -0.373763 0.163400
vn -0.925053 -0.378676 -0.029673
vn -0.681508 -0.731190 -0.030137
vn -0.982772 -0.085737 0.163731
vn -0.957381 0.237690 0.164088
vn -0.970109 0.240831 -0.029804
vn -0.995777 -0.086859 -0.029735
vn -0.783349 0.599886 0.162794
vn -0.465471 0.869761 0.163869
vn -0.471578 0.881322 -0.029762
vn -0.793604 0.607716 -0.029562
vn -0.128061 0.978113 0.164000
vn 0.009427 0.986302 0.164678
vn 0.009571 0.999507 -0.029912
vn -0.129783 0.991095 -0.029786
vn -0.038662 -0.223805 -0.973867
vn -0.035711 -0.029514 -0.998926
vn -0.133301 -0.027782 -0.990686
vn -0.136217 -0.220464 -0.965837
vn -0.035711 -0.029532 -0.998926
vn -0.032742 0.165915 -0.985596
vn -0.032742 0.165924 -0.985595
vn -0.035711 -0.029514 -0.998926
vn -0.020903 -0.029769 -0.999338
vn -0.017934 0.165748 -0.986005
vn -0.032742 0.165915 -0.985596
vn -0.035711 -0.029532 -0.998926
vn -0.021065 0.934817 0.354504
vn -0.022387 0.847713 0.529983
vn -0.022388 0.847713 0.529982
vn -0.021065 0.934817 0.354504
vn -0.006251 0.934976 0.354655
vn -0.007575 0.847838 0.530202
vn -0.022387 0.847713 0.529983
vn -0.021065 0.934817 0.354504
vn -0.049095 -0.910746 0.410039
vn -0.050043 -0.973222 0.224353
vn -0.050043 -0.973222 0.224352
vn -0.049094 -0.910748 0.410035
vn -0.034293 -0.911346 0.410209
vn -0.035242 -0.973848 0.224450
vn -0.050043 -0.973222 0.224353
vn -0.049095 -0.910746 0.410039
vn -0.032742 0.165915 -0.985596
vn -0.029870 0.355001 -0.934389
vn -0.029870 0.354997 -0.934390
vn -0.032742 0.165924 -0.985595
vn 0.018292 0.923702 0.382676
vn -0.735185 0.628399 0.254200
vn -0.734404 0.666226 0.129587
vn 0.019428 0.980594 0.195085
vn -0.504549 0.799145 0.326800
vn 0.057058 0.922236 0.382395
vn 0.058183 0.979087 0.194947
vn -0.503586 0.847728 0.166607
vn -0.999804 0.019801 -0.000012
vn -0.999804 0.019804 -0.000000
vn -0.688381 -0.128399 -0.713894
vn -0.691094 -0.264917 -0.672464
vn 0.742203 0.617003 0.261615
vn 0.018296 0.923695 0.382692
vn 0.019423 0.980592 0.195097
vn 0.742989 0.655880 0.133375
vn 0.018296 0.923695 0.382692
vn 0.018296 0.923696 0.382689
vn 0.019423 0.980592 0.195096
vn 0.019423 0.980592 0.195097
vn 0.018296 0.923696 0.382689
vn 0.018296 0.923695 0.382691
vn 0.019423 0.980592 0.195096
vn 0.019423 0.980592 0.195096
vn 0.018296 0.923695 0.382691
vn 0.018296 0.923695 0.382692
vn 0.019423 0.980592 0.195094
vn 0.019423 0.980592 0.195096
vn 0.018296 0.923695 0.382692
vn 0.018297 0.923695 0.382691
vn 0.019424 0.980592 0.195093
vn 0.019423 0.980592 0.195094
vn 0.018297 0.923695 0.382691
vn 0.018297 0.923696 0.382690
vn 0.019425 0.980592 0.195095
vn 0.019424 0.980592 0.195093
vn 0.018297 0.923696 0.382690
vn 0.018299 0.923698 0.382684
vn 0.019426 0.980592 0.195096
vn 0.019425 0.980592 0.195095
vn 0.018299 0.923698 0.382684
vn 0.018300 0.923700 0.382679
vn 0.019427 0.980592 0.195095
vn 0.019426 0.980592 0.195096
vn 0.018300 0.923700 0.382679
vn 0.011457 0.923827 0.382638
vn 0.012183 0.980715 0.195063
vn 0.019427 0.980592 0.195095
vn 0.011457 0.923827 0.382638
vn 0.006016 0.924474 0.381199
vn 0.006564 0.980932 0.194239
vn 0.012183 0.980715 0.195063
vn 0.998428 0.049963 0.025401
vn 0.998682 0.040181 0.031935
vn 0.647216 -0.271931 0.712155
vn 0.658849 -0.395967 0.639632
vn 0.486382 0.788969 0.375448
vn 0.799543 0.468217 0.376169
vn 0.846865 0.496121 0.191531
vn 0.514636 0.835830 0.191151
vn 0.919562 0.106217 0.378318
vn 0.893814 -0.241221 0.378033
vn 0.947423 -0.255553 0.192566
vn 0.974797 0.112358 0.192732
vn 0.696653 -0.609261 0.378781
vn 0.321717 -0.868576 0.376927
vn 0.344079 -0.919155 0.191737
vn 0.738760 -0.645625 0.193397
vn -0.983622 0.156065 0.090170
vn -0.989529 0.110979 0.092287
vn -0.632634 0.558844 0.536160
vn -0.618543 0.661081 0.424708
vn -0.724099 -0.655713 0.213825
vn -0.027879 -0.929736 0.367170
vn -0.010913 -0.983669 0.179658
vn -0.711884 -0.697359 0.083134
vn -0.027879 -0.929736 0.367170
vn -0.028029 -0.929470 0.367831
vn -0.012809 -0.983578 0.180027
vn -0.010913 -0.983669 0.179658
vn -0.028029 -0.929470 0.367831
vn -0.029176 -0.929575 0.367476
vn -0.014793 -0.983626 0.179613
vn -0.012809 -0.983578 0.180027
vn -0.029176 -0.929575 0.367476
vn 0.706755 -0.640298 0.300858
vn 0.715671 -0.676819 0.172427
vn -0.014793 -0.983626 0.179613
vn 0.997619 -0.007421 0.068561
vn 0.997619 -0.007424 0.068563
vn 0.712439 -0.514464 -0.477240
vn 0.719349 -0.402364 -0.566250
vn -0.903203 0.421510 -0.080959
vn -0.806731 0.588120 -0.057436
vn -0.187006 0.982289 0.011727
vn -0.246124 0.964587 -0.094842
vn -0.751422 -0.628065 0.202238
vn -0.035950 -0.929517 0.367022
vn -0.025172 -0.983528 0.178995
vn -0.743726 -0.664416 0.073641
vn -0.035950 -0.929517 0.367022
vn -0.038363 -0.929967 0.365637
vn -0.027391 -0.983673 0.177870
vn -0.025172 -0.983528 0.178995
vn -0.095244 -0.927955 0.360316
vn -0.302620 -0.885498 0.352582
vn -0.315089 -0.934518 0.165513
vn -0.090238 -0.980785 0.172971
vn -0.638440 -0.684697 0.351544
vn -0.866741 -0.354865 0.350471
vn -0.913018 -0.373763 0.163400
vn -0.672697 -0.721560 0.163796
vn -0.932764 -0.081416 0.351173
vn -0.908485 0.225629 0.351776
vn -0.957381 0.237690 0.164088
vn -0.982772 -0.085737 0.163731
vn -0.743914 0.569746 0.349259
vn -0.441992 0.825350 0.351342
vn -0.465471 0.869761 0.163869
vn -0.783349 0.599886 0.162794
vn -0.121441 0.928211 0.351676
vn 0.008870 0.935534 0.353126
vn 0.009427 0.986302 0.164678
vn -0.128061 0.978113 0.164000
vn -0.045658 -0.684484 0.727597
vn -0.047614 -0.813245 0.579970
vn -0.145098 -0.805052 0.575186
vn -0.143159 -0.677353 0.721595
vn -0.017934 0.165748 -0.986005
vn -0.015061 0.354925 -0.934773
vn -0.029870 0.355001 -0.934389
vn -0.032742 0.165915 -0.985596
vn -0.022387 0.847713 0.529983
vn -0.024205 0.728046 0.685101
vn -0.024205 0.728048 0.685099
vn -0.022388 0.847713 0.529982
vn -0.007575 0.847838 0.530202
vn -0.009393 0.728126 0.685379
vn -0.024205 0.728046 0.685101
vn -0.022387 0.847713 0.529983
vn -0.050043 -0.973222 0.224353
vn -0.050424 -0.998276 0.030055
vn -0.050423 -0.998276 0.030054
vn -0.050043 -0.973222 0.224352
vn -0.035242 -0.973848 0.224450
vn -0.035623 -0.998913 0.030067
vn -0.050424 -0.998276 0.030055
vn -0.050043 -0.973222 0.224353
vn -0.024205 0.728046 0.685101
vn -0.026447 0.580436 0.813877
vn -0.026447 0.580437 0.813876
vn -0.024205 0.728048 0.685099
vn -0.009393 0.728126 0.685379
vn -0.011636 0.580439 0.814221
vn -0.026447 0.580436 0.813877
vn -0.024205 0.728046 0.685101
vn 0.016462 0.831304 0.555574
vn -0.736419 0.567009 0.369036
vn -0.735185 0.628399 0.254200
vn 0.018292 0.923702 0.382676
vn -0.506112 0.720239 0.474454
vn 0.055229 0.829915 0.555149
vn 0.057058 0.922236 0.382395
vn -0.504549 0.799145 0.326800
vn -0.999804 0.019806 -0.000000
vn -0.999804 0.019809 -0.000005
vn -0.673574 0.618677 -0.404397
vn -0.675379 0.528156 -0.514699
vn 0.740972 0.553819 0.379795
vn 0.016466 0.831305 0.555572
vn 0.018296 0.923695 0.382692
vn 0.742203 0.617003 0.261615
vn 0.016466 0.831305 0.555572
vn 0.016466 0.831306 0.555571
vn 0.018296 0.923696 0.382689
vn 0.018296 0.923695 0.382692
vn 0.016466 0.831306 0.555571
vn 0.016466 0.831305 0.555573
vn 0.018296 0.923695 0.382691
vn 0.018296 0.923696 0.382689
vn 0.016466 0.831305 0.555573
vn 0.016466 0.831304 0.555575
vn 0.018296 0.923695 0.382692
vn 0.018296 0.923695 0.382691
vn 0.016466 0.831304 0.555575
vn 0.016467 0.831303 0.555575
vn 0.018297 0.923695 0.382691
vn 0.018296 0.923695 0.382692
vn 0.016467 0.831303 0.555575
vn 0.016467 0.831305 0.555573
vn 0.018297 0.923696 0.382690
vn 0.018297 0.923695 0.382691
vn 0.016467 0.831305 0.555573
vn 0.016468 0.831308 0.555568
vn 0.018299 0.923698 0.382684
vn 0.018297 0.923696 0.382690
vn 0.016468 0.831308 0.555568
vn 0.016469 0.831310 0.555565
vn 0.018300 0.923700 0.382679
vn 0.018299 0.923698 0.382684
vn 0.016469 0.831310 0.555565
vn 0.010284 0.831428 0.555538
vn 0.011457 0.923827 0.382638
vn 0.018300 0.923700 0.382679
vn 0.010284 0.831428 0.555538
vn 0.005172 0.832621 0.553819
vn 0.006016 0.924474 0.381199
vn 0.011457 0.923827 0.382638
vn 0.998682 0.040181 0.031935
vn 0.998563 0.033727 0.041645
vn 0.636928 -0.135025 0.759007
vn 0.647216 -0.271931 0.712155
vn 0.440262 0.712607 0.546224
vn 0.722390 0.422749 0.547207
vn 0.799543 0.468217 0.376169
vn 0.486382 0.788969 0.375448
vn 0.829701 0.096166 0.549862
vn 0.806566 -0.217853 0.549537
vn 0.893814 -0.241221 0.378033
vn 0.919562 0.106217 0.378318
vn 0.628401 -0.550145 0.549957
vn 0.287344 -0.785423 0.548219
vn 0.321717 -0.868576 0.376927
vn 0.696653 -0.609261 0.378781
vn -0.989529 0.110979 0.092287
vn -0.994485 0.068738 0.079209
vn -0.647777 0.436383 0.624464
vn -0.632634 0.558844 0.536160
vn -0.736334 -0.589110 0.332810
vn -0.043793 -0.840120 0.540630
vn -0.027879 -0.929736 0.367170
vn -0.724099 -0.655713 0.213825
vn -0.043793 -0.840120 0.540630
vn -0.042172 -0.839637 0.541508
vn -0.028029 -0.929470 0.367831
vn -0.027879 -0.929736 0.367170
vn -0.042172 -0.839637 0.541508
vn -0.042440 -0.839797 0.541238
vn -0.029176 -0.929575 0.367476
vn -0.028029 -0.929470 0.367831
vn -0.042440 -0.839797 0.541238
vn 0.698667 -0.579326 0.419816
vn 0.706755 -0.640298 0.300858
vn -0.029176 -0.929575 0.367476
vn 0.854721 0.168221 0.491075
vn 0.852256 0.256129 0.456133
vn 0.258303 0.510595 0.820105
vn 0.260976 0.344561 0.901759
vn 0.997619 -0.007424 0.068561
vn 0.984581 -0.164047 0.060743
vn 0.581854 -0.792656 -0.182051
vn 0.704454 -0.606878 -0.368026
vn -0.758246 -0.567233 0.321418
vn -0.045348 -0.839795 0.541006
vn -0.035950 -0.929517 0.367022
vn -0.751422 -0.628065 0.202238
vn -0.045348 -0.839795 0.541006
vn -0.047870 -0.840541 0.539629
vn -0.038363 -0.929967 0.365637
vn -0.035950 -0.929517 0.367022
vn -0.096563 -0.839761 0.534300
vn -0.278635 -0.803216 0.526505
vn -0.302620 -0.885498 0.352582
vn -0.095244 -0.927955 0.360316
vn -0.580050 -0.622023 0.525955
vn -0.787842 -0.322620 0.524616
vn -0.866741 -0.354865 0.350471
vn -0.638440 -0.684697 0.351544
vn -0.847491 -0.074045 0.525620
vn -0.825284 0.205076 0.526167
vn -0.908485 0.225629 0.351776
vn -0.932764 -0.081416 0.351173
vn -0.676614 0.518292 0.523036
vn -0.401966 0.749780 0.525599
vn -0.441992 0.825350 0.351342
vn -0.743914 0.569746 0.349259
vn -0.110178 0.843193 0.526200
vn 0.007902 0.848985 0.528357
vn 0.008870 0.935534 0.353126
vn -0.121441 0.928211 0.351676
vn -0.020287 0.986016 0.165408
vn -0.021065 0.934817 0.354504
vn -0.118769 0.928592 0.351582
vn -0.117998 0.979371 0.164042
vn -0.029870 0.355001 -0.934389
vn -0.027206 0.530458 -0.847275
vn -0.027206 0.530455 -0.847276
vn -0.029870 0.354997 -0.934390
vn -0.015061 0.354925 -0.934773
vn -0.012395 0.530458 -0.847621
vn -0.027206 0.530458 -0.847275
vn -0.029870 0.355001 -0.934389
vn -0.050424 -0.998276 0.030055
vn -0.050221 -0.984946 -0.165407
vn -0.050221 -0.984946 -0.165405
vn -0.050423 -0.998276 0.030054
vn -0.035623 -0.998913 0.030067
vn -0.035420 -0.985578 -0.165475
vn -0.050221 -0.984946 -0.165407
vn -0.050424 -0.998276 0.030055
vn -0.026447 0.580436 0.813877
vn -0.029028 0.410542 0.911380
vn -0.029027 0.410533 0.911384
vn -0.026447 0.580437 0.813876
vn -0.011636 0.580439 0.814221
vn -0.014218 0.410489 0.911755
vn -0.029028 0.410542 0.911380
vn -0.026447 0.580436 0.813877
vn -0.027206 0.530458 -0.847275
vn -0.024850 0.685564 -0.727588
vn -0.024850 0.685563 -0.727589
vn -0.027206 0.530455 -0.847276
vn 0.014010 0.706957 0.707118
vn -0.738019 0.484427 0.469743
vn -0.736419 0.567009 0.369036
vn 0.016462 0.831304 0.555574
vn -0.508212 0.614042 0.603881
vn 0.052767 0.705662 0.706581
vn 0.055229 0.829915 0.555149
vn -0.506112 0.720239 0.474454
vn 0.999804 -0.019795 0.000003
vn 0.999804 -0.019806 0.000007
vn 0.673571 -0.618683 0.404391
vn 0.672246 -0.685922 0.278561
vn 0.739267 0.468851 0.483387
vn 0.014004 0.706977 0.707098
vn 0.016466 0.831305 0.555572
vn 0.740972 0.553819 0.379795
vn 0.014004 0.706977 0.707098
vn 0.014003 0.706977 0.707098
vn 0.016466 0.831306 0.555571
vn 0.016466 0.831305 0.555572
vn 0.014003 0.706977 0.707098
vn 0.014004 0.706978 0.707097
vn 0.016466 0.831305 0.555573
vn 0.016466 0.831306 0.555571
vn 0.014004 0.706978 0.707097
vn 0.014004 0.706980 0.707095
vn 0.016466 0.831304 0.555575
vn 0.016466 0.831305 0.555573
vn 0.014004 0.706980 0.707095
vn 0.014004 0.706979 0.707096
vn 0.016467 0.831303 0.555575
vn 0.016466 0.831304 0.555575
vn 0.014004 0.706979 0.707096
vn 0.014004 0.706980 0.707095
vn 0.016467 0.831305 0.555573
vn 0.016467 0.831303 0.555575
vn 0.014004 0.706980 0.707095
vn 0.014005 0.706981 0.707093
vn 0.016468 0.831308 0.555568
vn 0.016467 0.831305 0.555573
vn 0.014005 0.706981 0.707093
vn 0.014006 0.706985 0.707090
vn 0.016469 0.831310 0.555565
vn 0.016468 0.831308 0.555568
vn 0.014006 0.706985 0.707090
vn 0.008715 0.707061 0.707099
vn 0.010284 0.831428 0.555538
vn 0.016469 0.831310 0.555565
vn 0.008715 0.707061 0.707099
vn 0.004122 0.708722 0.705476
vn 0.005172 0.832621 0.553819
vn 0.010284 0.831428 0.555538
vn -0.996602 -0.061927 -0.054308
vn -0.995901 -0.063753 -0.064162
vn -0.709213 0.704014 -0.037158
vn -0.697457 0.694750 -0.175717
vn 0.377701 0.609357 0.697156
vn 0.617970 0.361270 0.698282
vn 0.722390 0.422749 0.547207
vn 0.440262 0.712607 0.546224
vn 0.708455 0.082486 0.700919
vn 0.688783 -0.186228 0.700641
vn 0.806566 -0.217853 0.549537
vn 0.829701 0.096166 0.549862
vn 0.536597 -0.470416 0.700551
vn 0.242134 -0.672655 0.699219
vn 0.287344 -0.785423 0.548219
vn 0.628401 -0.550145 0.549957
vn 0.998563 0.033727 0.041645
vn 0.998096 0.031576 0.052983
vn 0.628489 0.009351 0.777762
vn 0.636928 -0.135025 0.759007
vn -0.748138 -0.500640 0.435488
vn -0.058042 -0.718221 0.693390
vn -0.043793 -0.840120 0.540630
vn -0.736334 -0.589110 0.332810
vn -0.058042 -0.718221 0.693390
vn -0.054694 -0.717538 0.694369
vn -0.042172 -0.839637 0.541508
vn -0.043793 -0.840120 0.540630
vn -0.054694 -0.717538 0.694369
vn -0.054073 -0.717745 0.694203
vn -0.042440 -0.839797 0.541238
vn -0.042172 -0.839637 0.541508
vn -0.054073 -0.717745 0.694203
vn 0.691683 -0.496234 0.524716
vn 0.698667 -0.579326 0.419816
vn -0.042440 -0.839797 0.541238
vn -0.997746 0.009678 -0.066398
vn -0.984274 0.163168 -0.067682
vn -0.557071 0.796841 -0.233915
vn -0.652179 0.617866 -0.439209
vn 0.848361 0.339795 0.405985
vn 0.842931 0.416829 0.340179
vn 0.245722 0.784767 0.569001
vn 0.253308 0.659150 0.708065
vn -0.763935 -0.484192 0.426570
vn -0.053014 -0.717772 0.694258
vn -0.045348 -0.839795 0.541006
vn -0.758246 -0.567233 0.321418
vn -0.053014 -0.717772 0.694258
vn -0.055579 -0.718678 0.693118
vn -0.047870 -0.840541 0.539629
vn -0.045348 -0.839795 0.541006
vn -0.094237 -0.719327 0.688250
vn -0.244048 -0.690623 0.680794
vn -0.278635 -0.803216 0.526505
vn -0.096563 -0.839761 0.534300
vn -0.499788 -0.535953 0.680416
vn -0.679127 -0.278144 0.679282
vn -0.787842 -0.322620 0.524616
vn -0.580050 -0.622023 0.525955
vn -0.729971 -0.063870 0.680487
vn -0.710931 0.176786 0.680679
vn -0.825284 0.205076 0.526167
vn -0.847491 -0.074045 0.525620
vn -0.583749 0.447254 0.677643
vn -0.346821 0.645935 0.680062
vn -0.401966 0.749780 0.525599
vn -0.676614 0.518292 0.523036
vn -0.094710 0.726157 0.680975
vn 0.006531 0.729769 0.683662
vn 0.007902 0.848985 0.528357
vn -0.110178 0.843193 0.526200
vn -0.047614 -0.813245 0.579970
vn -0.049094 -0.910748 0.410035
vn -0.146568 -0.901748 0.406655
vn -0.145098 -0.805052 0.575186
vn -0.012395 0.530458 -0.847621
vn -0.010039 0.685616 -0.727894
vn -0.024850 0.685564 -0.727588
vn -0.027206 0.530458 -0.847275
vn -0.050221 -0.984946 -0.165407
vn -0.049444 -0.933745 -0.354508
vn -0.049443 -0.933747 -0.354503
vn -0.050221 -0.984946 -0.165405
vn -0.035420 -0.985578 -0.165475
vn -0.034643 -0.934355 -0.354656
vn -0.049444 -0.933745 -0.354508
vn -0.050221 -0.984946 -0.165407
vn -0.024850 0.685564 -0.727588
vn -0.022894 0.814321 -0.579963
vn -0.022895 0.814325 -0.579958
vn -0.024850 0.685563 -0.727589
vn -0.010039 0.685616 -0.727894
vn -0.008082 0.814431 -0.580204
vn -0.022894 0.814321 -0.579963
vn -0.024850 0.685564 -0.727588
vn -0.029028 0.410542 0.911380
vn -0.031847 0.224856 0.973871
vn -0.031847 0.224851 0.973873
vn -0.029027 0.410533 0.911384
vn -0.014218 0.410489 0.911755
vn -0.017039 0.224745 0.974269
vn -0.031847 0.224856 0.973871
vn -0.029028 0.410542 0.911380
vn 0.011011 0.555441 0.831483
vn -0.740017 0.383765 0.552358
vn -0.738019 0.484427 0.469743
vn 0.014010 0.706957 0.707118
vn -0.510778 0.484660 0.710078
vn 0.049765 0.554269 0.830849
vn 0.052767 0.705662 0.706581
vn -0.508212 0.614042 0.603881
vn 0.999805 -0.019774 -0.000000
vn 0.999804 -0.019784 -0.000004
vn 0.671441 -0.727325 0.142004
vn 0.671172 -0.741302 -0.000000
vn 0.737217 0.365279 0.568403
vn 0.011003 0.555467 0.831466
vn 0.014004 0.706977 0.707098
vn 0.739267 0.468851 0.483387
vn 0.011003 0.555467 0.831466
vn 0.011002 0.555467 0.831466
vn 0.014003 0.706977 0.707098
vn 0.014004 0.706977 0.707098
vn 0.011002 0.555467 0.831466
vn 0.011003 0.555467 0.831466
vn 0.014004 0.706978 0.707097
vn 0.014003 0.706977 0.707098
vn 0.011003 0.555467 0.831466
vn 0.011003 0.555467 0.831466
vn 0.014004 0.706980 0.707095
vn 0.014004 0.706978 0.707097
vn 0.011003 0.555467 0.831466
vn 0.011003 0.555468 0.831465
vn 0.014004 0.706979 0.707096
vn 0.014004 0.706980 0.707095
vn 0.011003 0.555468 0.831465
vn 0.011003 0.555468 0.831465
vn 0.014004 0.706980 0.707095
vn 0.014004 0.706979 0.707096
vn 0.011003 0.555468 0.831465
vn 0.011003 0.555470 0.831464
vn 0.014005 0.706981 0.707093
vn 0.014004 0.706980 0.707095
vn 0.011003 0.555470 0.831464
vn 0.011004 0.555475 0.831460
vn 0.014006 0.706985 0.707090
vn 0.014005 0.706981 0.707093
vn 0.011004 0.555475 0.831460
vn 0.006817 0.555461 0.831514
vn 0.008715 0.707061 0.707099
vn 0.014006 0.706985 0.707090
vn 0.006817 0.555461 0.831514
vn 0.002978 0.557329 0.830286
vn 0.004122 0.708722 0.705476
vn 0.008715 0.707061 0.707099
vn -0.994485 0.068738 0.079209
vn -0.997814 0.035698 0.055606
vn -0.662360 0.299151 0.686868
vn -0.647777 0.436383 0.624464
vn 0.300647 0.482813 0.822498
vn 0.489809 0.285929 0.823609
vn 0.617970 0.361270 0.698282
vn 0.377701 0.609357 0.697156
vn 0.560201 0.065593 0.825756
vn 0.544676 -0.147438 0.825585
vn 0.688783 -0.186228 0.700641
vn 0.708455 0.082486 0.700919
vn 0.424685 -0.372939 0.824960
vn 0.187681 -0.534280 0.824209
vn 0.242134 -0.672655 0.699219
vn 0.536597 -0.470416 0.700551
vn -0.994756 -0.057160 -0.084818
vn -0.994725 -0.047962 -0.090671
vn -0.627908 -0.623266 -0.466123
vn -0.635872 -0.693846 -0.338001
vn -0.759007 -0.394335 0.518080
vn -0.070070 -0.568687 0.819564
vn -0.058042 -0.718221 0.693390
vn -0.748138 -0.500640 0.435488
vn -0.070070 -0.568687 0.819564
vn -0.065113 -0.567871 0.820538
vn -0.054694 -0.717538 0.694369
vn -0.058042 -0.718221 0.693390
vn -0.065113 -0.567871 0.820538
vn -0.063629 -0.568110 0.820489
vn -0.054073 -0.717745 0.694203
vn -0.054694 -0.717538 0.694369
vn -0.063629 -0.568110 0.820489
vn 0.686109 -0.394154 0.611471
vn 0.691683 -0.496234 0.524716
vn -0.054073 -0.717745 0.694203
vn -0.997746 0.009680 -0.066401
vn -0.997747 0.009675 -0.066395
vn -0.646186 0.528709 -0.550373
vn -0.641679 0.419618 -0.642004
vn 0.835861 0.484197 0.258632
vn 0.827152 0.538116 0.162021
vn 0.221827 0.948032 0.228097
vn 0.235272 0.882497 0.407242
vn -0.768258 -0.382089 0.513603
vn -0.058659 -0.568105 0.820863
vn -0.053014 -0.717772 0.694258
vn -0.763935 -0.484192 0.426570
vn -0.058659 -0.568105 0.820863
vn -0.061228 -0.568931 0.820103
vn -0.055579 -0.718678 0.693118
vn -0.053014 -0.717772 0.694258
vn -0.088453 -0.570991 0.816178
vn -0.200192 -0.551742 0.809632
vn -0.244048 -0.690623 0.680794
vn -0.094237 -0.719327 0.688250
vn -0.400741 -0.429782 0.809132
vn -0.544491 -0.223016 0.808575
vn -0.679127 -0.278144 0.679282
vn -0.499788 -0.535953 0.680416
vn -0.584434 -0.051236 0.809822
vn -0.569754 0.141802 0.809489
vn -0.710931 0.176786 0.680679
vn -0.729971 -0.063870 0.680487
vn -0.468562 0.359082 0.807161
vn -0.278524 0.517742 0.808930
vn -0.346821 0.645935 0.680062
vn -0.583749 0.447254 0.677643
vn -0.075639 0.581395 0.810098
vn 0.004774 0.582266 0.812984
vn 0.006531 0.729769 0.683662
vn -0.094710 0.726157 0.680975
vn -0.035711 -0.029514 -0.998926
vn -0.032742 0.165924 -0.985595
vn -0.130347 0.166036 -0.977467
vn -0.133301 -0.027782 -0.990686
vn -0.049444 -0.933745 -0.354508
vn -0.048121 -0.846637 -0.529991
vn -0.048120 -0.846639 -0.529988
vn -0.049443 -0.933747 -0.354503
vn -0.034643 -0.934355 -0.354656
vn -0.033319 -0.847212 -0.530210
vn -0.048121 -0.846637 -0.529991
vn -0.049444 -0.933745 -0.354508
vn -0.022894 0.814321 -0.579963
vn -0.021414 0.911817 -0.410038
vn -0.021414 0.911817 -0.410037
vn -0.022895 0.814325 -0.579958
vn -0.008082 0.814431 -0.580204
vn -0.006601 0.911969 -0.410206
vn -0.021414 0.911817 -0.410038
vn -0.022894 0.814321 -0.579963
vn -0.031847 0.224856 0.973871
vn -0.034797 0.030574 0.998927
vn -0.034798 0.030577 0.998927
vn -0.031847 0.224851 0.973873
vn -0.017039 0.224745 0.974269
vn -0.019991 0.030358 0.999339
vn -0.034797 0.030574 0.998927
vn -0.031847 0.224856 0.973871
vn -0.048121 -0.846637 -0.529991
vn -0.046304 -0.726977 -0.685099
vn -0.046303 -0.726977 -0.685098
vn -0.048120 -0.846639 -0.529988
vn 0.007585 0.382588 0.923888
vn -0.742279 0.268956 0.613746
vn -0.740017 0.383765 0.552358
vn 0.011011 0.555441 0.831483
vn -0.513704 0.337052 0.788990
vn 0.046341 0.381556 0.923183
vn 0.049765 0.554269 0.830849
vn -0.510778 0.484660 0.710078
vn -0.999804 0.019804 -0.000000
vn -0.999804 0.019793 0.000004
vn -0.685578 0.013576 -0.727873
vn -0.688381 -0.128399 -0.713894
vn 0.734880 0.247096 0.631581
vn 0.007578 0.382602 0.923882
vn 0.011003 0.555467 0.831466
vn 0.737217 0.365279 0.568403
vn 0.007578 0.382602 0.923882
vn 0.007578 0.382603 0.923882
vn 0.011002 0.555467 0.831466
vn 0.011003 0.555467 0.831466
vn 0.007578 0.382603 0.923882
vn 0.007579 0.382602 0.923882
vn 0.011003 0.555467 0.831466
vn 0.011002 0.555467 0.831466
vn 0.007579 0.382602 0.923882
vn 0.007579 0.382601 0.923883
vn 0.011003 0.555467 0.831466
vn 0.011003 0.555467 0.831466
vn 0.007579 0.382601 0.923883
vn 0.007579 0.382601 0.923882
vn 0.011003 0.555468 0.831465
vn 0.011003 0.555467 0.831466
vn 0.007579 0.382601 0.923882
vn 0.007579 0.382603 0.923882
vn 0.011003 0.555468 0.831465
vn 0.011003 0.555468 0.831465
vn 0.007579 0.382603 0.923882
vn 0.007579 0.382605 0.923881
vn 0.011003 0.555470 0.831464
vn 0.011003 0.555468 0.831465
vn 0.007579 0.382605 0.923881
vn 0.007579 0.382608 0.923880
vn 0.011004 0.555475 0.831460
vn 0.011003 0.555470 0.831464
vn 0.007579 0.382608 0.923880
vn 0.004671 0.382459 0.923961
vn 0.006817 0.555461 0.831514
vn 0.011004 0.555475 0.831460
vn 0.004671 0.382459 0.923961
vn 0.001851 0.384165 0.923263
vn 0.002978 0.557329 0.830286
vn 0.006817 0.555461 0.831514
vn 0.998096 0.031576 0.052983
vn 0.997360 0.033996 0.064164
vn 0.622326 0.155266 0.767205
vn 0.628489 0.009351 0.777762
vn 0.211485 0.337424 0.917289
vn 0.342379 0.199465 0.918145
vn 0.489809 0.285929 0.823609
vn 0.300647 0.482813 0.822498
vn 0.390366 0.046042 0.919508
vn 0.379489 -0.102877 0.919459
vn 0.544676 -0.147438 0.825585
vn 0.560201 0.065593 0.825756
vn 0.296821 -0.261219 0.918511
vn 0.125976 -0.375303 0.918302
vn 0.187681 -0.534280 0.824209
vn 0.424685 -0.372939 0.824960
vn -0.997814 0.035698 0.055606
vn -0.999490 0.015019 0.028174
vn -0.674940 0.152875 0.721863
vn -0.662360 0.299151 0.686868
vn -0.768560 -0.274738 0.577785
vn -0.079403 -0.397246 0.914271
vn -0.070070 -0.568687 0.819564
vn -0.759007 -0.394335 0.518080
vn -0.079403 -0.397246 0.914271
vn -0.073030 -0.396381 0.915177
vn -0.065113 -0.567871 0.820538
vn -0.070070 -0.568687 0.819564
vn -0.073030 -0.396381 0.915177
vn -0.070740 -0.396615 0.915255
vn -0.063629 -0.568110 0.820489
vn -0.065113 -0.567871 0.820538
vn -0.070740 -0.396615 0.915255
vn 0.682135 -0.276978 0.676739
vn 0.686109 -0.394154 0.611471
vn -0.063629 -0.568110 0.820489
vn -0.997745 0.009719 -0.066406
vn -0.997746 0.009678 -0.066411
vn -0.638780 0.294819 -0.710663
vn -0.637632 0.159151 -0.753721
vn 0.816968 0.574317 0.052189
vn 0.911995 0.408060 0.041858
vn 0.274954 0.959608 -0.059611
vn 0.205564 0.977910 0.037901
vn -0.770999 -0.264872 0.579140
vn -0.062072 -0.396579 0.915900
vn -0.058659 -0.568105 0.820863
vn -0.768258 -0.382089 0.513603
vn -0.062072 -0.396579 0.915900
vn -0.064626 -0.397067 0.915511
vn -0.061228 -0.568931 0.820103
vn -0.058659 -0.568105 0.820863
vn -0.079531 -0.400301 0.912926
vn -0.148789 -0.391571 0.908038
vn -0.200192 -0.551742 0.809632
vn -0.088453 -0.570991 0.816178
vn -0.286686 -0.307523 0.907326
vn -0.388826 -0.159263 0.907441
vn -0.544491 -0.223016 0.808575
vn -0.400741 -0.429782 0.809132
vn -0.416217 -0.036580 0.908529
vn -0.407043 0.101412 0.907762
vn -0.569754 0.141802 0.809489
vn -0.584434 -0.051236 0.809822
vn -0.335165 0.256921 0.906452
vn -0.199553 0.370029 0.907335
vn -0.278524 0.517742 0.808930
vn -0.468562 0.359082 0.807161
vn -0.053726 0.414279 0.908563
vn 0.002665 0.412027 0.911168
vn 0.004774 0.582266 0.812984
vn -0.075639 0.581395 0.810098
vn -0.021065 0.934817 0.354504
vn -0.022388 0.847713 0.529982
vn -0.120080 0.842208 0.525611
vn -0.118769 0.928592 0.351582
vn -0.033319 -0.847212 -0.530210
vn -0.031501 -0.727508 -0.685376
vn -0.046304 -0.726977 -0.685099
vn -0.048121 -0.846637 -0.529991
vn -0.034797 0.030574 0.998927
vn -0.037766 -0.164855 0.985595
vn -0.037766 -0.164849 0.985596
vn -0.034798 0.030577 0.998927
vn -0.019991 0.030358 0.999339
vn -0.022960 -0.165148 0.986002
vn -0.037766 -0.164855 0.985595
vn -0.034797 0.030574 0.998927
vn -0.021414 0.911817 -0.410038
vn -0.020465 0.974293 -0.224352
vn -0.020465 0.974292 -0.224357
vn -0.021414 0.911817 -0.410037
vn -0.006601 0.911969 -0.410206
vn -0.005652 0.974470 -0.224448
vn -0.020465 0.974293 -0.224352
vn -0.021414 0.911817 -0.410038
vn -0.359795 0.335777 -0.870518
vn -0.357312 0.499246 -0.789356
vn -0.614417 0.425134 -0.664645
vn -0.616506 0.287490 -0.732987
vn -0.356606 0.545796 0.758247
vn -0.359009 0.387504 0.849090
vn -0.615844 0.331047 0.714943
vn -0.613822 0.464326 0.638454
vn 0.003867 0.195093 0.980777
vn -0.744739 0.144410 0.651544
vn -0.742279 0.268956 0.613746
vn 0.007585 0.382588 0.923888
vn -0.516872 0.176875 0.837591
vn 0.042630 0.194151 0.980045
vn 0.046341 0.381556 0.923183
vn -0.513704 0.337052 0.788990
vn -0.999804 0.019809 -0.000005
vn -0.999804 0.019813 -0.000003
vn -0.672264 0.685913 -0.278540
vn -0.673574 0.618677 -0.404397
vn 0.732325 0.118915 0.670492
vn 0.003864 0.195086 0.980779
vn 0.007578 0.382602 0.923882
vn 0.734880 0.247096 0.631581
vn 0.003864 0.195086 0.980779
vn 0.003864 0.195087 0.980779
vn 0.007578 0.382603 0.923882
vn 0.007578 0.382602 0.923882
vn 0.003864 0.195087 0.980779
vn 0.003864 0.195086 0.980779
vn 0.007579 0.382602 0.923882
vn 0.007578 0.382603 0.923882
vn 0.003864 0.195086 0.980779
vn 0.003864 0.195086 0.980779
vn 0.007579 0.382601 0.923883
vn 0.007579 0.382602 0.923882
vn 0.003864 0.195086 0.980779
vn 0.003864 0.195086 0.980779
vn 0.007579 0.382601 0.923882
vn 0.007579 0.382601 0.923883
vn 0.003864 0.195086 0.980779
vn 0.003864 0.195087 0.980778
vn 0.007579 0.382603 0.923882
vn 0.007579 0.382601 0.923882
vn 0.003864 0.195087 0.980778
vn 0.003864 0.195087 0.980778
vn 0.007579 0.382605 0.923881
vn 0.007579 0.382603 0.923882
vn 0.003864 0.195087 0.980778
vn 0.003864 0.195089 0.980778
vn 0.007579 0.382608 0.923880
vn 0.007579 0.382605 0.923881
vn 0.003864 0.195089 0.980778
vn 0.002367 0.194774 0.980845
vn 0.004671 0.382459 0.923961
vn 0.007579 0.382608 0.923880
vn 0.002367 0.194774 0.980845
vn 0.000845 0.195956 0.980612
vn 0.001851 0.384165 0.923263
vn 0.004671 0.382459 0.923961
vn -0.994978 -0.047405 -0.088154
vn -0.995219 -0.037302 -0.090268
vn -0.742721 0.486645 0.459938
vn -0.737051 0.576068 0.353415
vn 0.113042 0.178474 0.977430
vn 0.181066 0.105184 0.977830
vn 0.342379 0.199465 0.918145
vn 0.211485 0.337424 0.917289
vn 0.205316 0.024538 0.978388
vn 0.199400 -0.054236 0.978416
vn 0.379489 -0.102877 0.919459
vn 0.390366 0.046042 0.919508
vn 0.157749 -0.139314 0.977603
vn 0.059372 -0.201524 0.977683
vn 0.125976 -0.375303 0.918302
vn 0.296821 -0.261219 0.918511
vn 0.997349 -0.064795 -0.033104
vn 0.996488 -0.078573 -0.028949
vn 0.652790 -0.551345 -0.519504
vn 0.659577 -0.436505 -0.611900
vn -0.776488 -0.146667 0.612826
vn -0.085672 -0.210418 0.973850
vn -0.079403 -0.397246 0.914271
vn -0.768560 -0.274738 0.577785
vn -0.085672 -0.210418 0.973850
vn -0.078141 -0.209657 0.974648
vn -0.073030 -0.396381 0.915177
vn -0.079403 -0.397246 0.914271
vn -0.078141 -0.209657 0.974648
vn -0.075132 -0.209878 0.974837
vn -0.070740 -0.396615 0.915255
vn -0.073030 -0.396381 0.915177
vn -0.075132 -0.209878 0.974837
vn 0.679908 -0.149231 0.717952
vn 0.682135 -0.276978 0.676739
vn -0.070740 -0.396615 0.915255
vn 0.986756 0.148354 0.065598
vn 0.997620 -0.007419 0.068558
vn 0.715837 0.605712 -0.347406
vn 0.597780 0.786182 -0.156773
vn 0.997619 -0.007426 0.068562
vn 0.997619 -0.007424 0.068560
vn 0.726930 0.408649 -0.551887
vn 0.722112 0.517307 -0.459291
vn -0.772155 -0.136987 0.620492
vn -0.063127 -0.209769 0.975711
vn -0.062072 -0.396579 0.915900
vn -0.770999 -0.264872 0.579140
vn -0.063127 -0.209769 0.975711
vn -0.065661 -0.209703 0.975558
vn -0.064626 -0.397067 0.915511
vn -0.062072 -0.396579 0.915900
vn -0.067902 -0.213750 0.974526
vn -0.091886 -0.215887 0.972085
vn -0.148789 -0.391571 0.908038
vn -0.079531 -0.400301 0.912926
vn -0.161874 -0.173677 0.971408
vn -0.217859 -0.089295 0.971887
vn -0.388826 -0.159263 0.907441
vn -0.286686 -0.307523 0.907326
vn -0.231607 -0.020412 0.972595
vn -0.228828 0.057125 0.971789
vn -0.407043 0.101412 0.907762
vn -0.416217 -0.036580 0.908529
vn -0.188424 0.144511 0.971398
vn -0.112767 0.208274 0.971548
vn -0.199553 0.370029 0.907335
vn -0.335165 0.256921 0.906452
vn -0.029849 0.231023 0.972490
vn 0.000254 0.225593 0.974222
vn 0.002665 0.412027 0.911168
vn -0.053726 0.414279 0.908563
vn -0.049094 -0.910748 0.410035
vn -0.050043 -0.973222 0.224352
vn -0.147509 -0.963708 0.222503
vn -0.146568 -0.901748 0.406655
vn -0.378944 -0.924996 0.028000
vn -0.378755 -0.912578 -0.154101
vn -0.632472 -0.763638 -0.129755
vn -0.632630 -0.774095 0.023575
vn -0.362464 0.159595 -0.918232
vn -0.359795 0.335777 -0.870518
vn -0.616506 0.287490 -0.732987
vn -0.618755 0.139119 -0.773168
vn -0.354517 0.683329 0.638263
vn -0.356606 0.545796 0.758247
vn -0.613822 0.464326 0.638454
vn -0.612064 0.580132 0.537425
vn -0.378589 -0.901654 0.209021
vn -0.378944 -0.924996 0.028000
vn -0.632630 -0.774095 0.023575
vn -0.632331 -0.754441 0.175999
vn -0.365243 -0.022456 -0.930641
vn -0.362464 0.159595 -0.918232
vn -0.618755 0.139119 -0.773168
vn -0.621087 -0.014144 -0.783614
vn -0.352823 0.794808 0.493757
vn -0.354517 0.683329 0.638263
vn -0.612064 0.580132 0.537425
vn -0.610637 0.674000 0.415748
vn -0.377705 -0.843449 0.382011
vn -0.378589 -0.901654 0.209021
vn -0.632331 -0.754441 0.175999
vn -0.631587 -0.705433 0.321655
vn 0.000001 0.000003 1.000000
vn -0.747342 0.014803 0.664274
vn -0.744739 0.144410 0.651544
vn 0.003867 0.195093 0.980777
vn -0.520182 0.010300 0.853993
vn 0.038771 -0.000768 0.999248
vn 0.042630 0.194151 0.980045
vn -0.516872 0.176875 0.837591
vn 0.999804 -0.019785 0.000002
vn 0.999805 -0.019773 0.000004
vn 0.671448 -0.727318 -0.142006
vn 0.672256 -0.685919 -0.278544
vn 0.729708 -0.014449 0.683606
vn 0.000000 0.000001 1.000000
vn 0.003864 0.195086 0.980779
vn 0.732325 0.118915 0.670492
vn 0.000000 0.000001 1.000000
vn 0.000000 0.000000 1.000000
vn 0.003864 0.195087 0.980779
vn 0.003864 0.195086 0.980779
vn 0.000000 0.000000 1.000000
vn -0.000000 0.000000 1.000000
vn 0.003864 0.195086 0.980779
vn 0.003864 0.195087 0.980779
vn -0.000000 0.000000 1.000000
vn -0.000000 -0.000000 1.000000
vn 0.003864 0.195086 0.980779
vn 0.003864 0.195086 0.980779
vn -0.000000 -0.000000 1.000000
vn 0.000000 -0.000000 1.000000
vn 0.003864 0.195086 0.980779
vn 0.003864 0.195086 0.980779
vn 0.000000 -0.000000 1.000000
vn 0.000000 -0.000000 1.000000
vn 0.003864 0.195087 0.980778
vn 0.003864 0.195086 0.980779
vn 0.000000 -0.000000 1.000000
vn 0.000000 -0.000000 1.000000
vn 0.003864 0.195087 0.980778
vn 0.003864 0.195087 0.980778
vn 0.000000 -0.000000 1.000000
vn 0.000000 -0.000001 1.000000
vn 0.003864 0.195089 0.980778
vn 0.003864 0.195087 0.980778
vn 0.000000 -0.000001 1.000000
vn -0.000003 -0.000483 1.000000
vn 0.002367 0.194774 0.980845
vn 0.003864 0.195089 0.980778
vn -0.000003 -0.000483 1.000000
vn 0.000034 -0.000068 1.000000
vn 0.000845 0.195956 0.980612
vn 0.002367 0.194774 0.980845
vn 0.997360 0.033996 0.064164
vn 0.996471 0.040541 0.073493
vn 0.618615 0.296557 0.727578
vn 0.622326 0.155266 0.767205
vn 0.009362 0.013560 0.999864
vn 0.011821 0.006732 0.999908
vn 0.181066 0.105184 0.977830
vn 0.113042 0.178474 0.977430
vn 0.011904 0.001894 0.999927
vn 0.011093 -0.003388 0.999933
vn 0.199400 -0.054236 0.978416
vn 0.205316 0.024538 0.978388
vn 0.012518 -0.011652 0.999854
vn -0.009495 -0.019419 0.999766
vn 0.059372 -0.201524 0.977683
vn 0.157749 -0.139314 0.977603
vn -0.999490 0.015019 0.028174
vn -0.999975 0.006194 0.003524
vn -0.684677 0.005519 0.728825
vn -0.674940 0.152875 0.721863
vn -0.782437 -0.015198 0.622545
vn -0.088618 -0.015431 0.995946
vn -0.085672 -0.210418 0.973850
vn -0.776488 -0.146667 0.612826
vn -0.088618 -0.015431 0.995946
vn -0.080249 -0.014882 0.996664
vn -0.078141 -0.209657 0.974648
vn -0.085672 -0.210418 0.973850
vn -0.080249 -0.014882 0.996664
vn -0.076637 -0.015059 0.996945
vn -0.075132 -0.209878 0.974837
vn -0.078141 -0.209657 0.974648
vn -0.076637 -0.015059 0.996945
vn 0.679583 -0.015795 0.733429
vn 0.679908 -0.149231 0.717952
vn -0.075132 -0.209878 0.974837
vn 0.997620 -0.007422 0.068556
vn 0.997620 -0.007459 0.068551
vn 0.731495 0.147720 -0.665653
vn 0.730087 0.283863 -0.621606
vn -0.818597 -0.569390 -0.075461
vn -0.910976 -0.401672 -0.093718
vn -0.269074 -0.954978 -0.124970
vn -0.210763 -0.977347 -0.019275
vn -0.771586 -0.003376 0.636117
vn -0.061786 -0.014853 0.997979
vn -0.063127 -0.209769 0.975711
vn -0.772155 -0.136987 0.620492
vn -0.061786 -0.014853 0.997979
vn -0.064301 -0.014189 0.997830
vn -0.065661 -0.209703 0.975558
vn -0.063127 -0.209769 0.975711
vn -0.054076 -0.018597 0.998364
vn -0.031815 -0.031197 0.999007
vn -0.091886 -0.215887 0.972085
vn -0.067902 -0.213750 0.974526
vn -0.030943 -0.033149 0.998971
vn -0.037991 -0.015846 0.999152
vn -0.217859 -0.089295 0.971887
vn -0.161874 -0.173677 0.971408
vn -0.037641 -0.003309 0.999286
vn -0.041689 0.010598 0.999075
vn -0.228828 0.057125 0.971789
vn -0.231607 -0.020412 0.972595
vn -0.033853 0.026124 0.999085
vn -0.021368 0.038462 0.999032
vn -0.112767 0.208274 0.971548
vn -0.188424 0.144511 0.971398
vn -0.004968 0.038526 0.999245
vn -0.002387 0.030217 0.999541
vn 0.000254 0.225593 0.974222
vn -0.029849 0.231023 0.972490
vn -0.032742 0.165924 -0.985595
vn -0.029870 0.354997 -0.934390
vn -0.127502 0.353558 -0.926682
vn -0.130347 0.166036 -0.977467
vn -0.351591 0.875958 0.330276
vn -0.352823 0.794808 0.493757
vn -0.610637 0.674000 0.415748
vn -0.609599 0.742328 0.278096
vn -0.367979 -0.203432 -0.907308
vn -0.365243 -0.022456 -0.930641
vn -0.621087 -0.014144 -0.783614
vn -0.623398 -0.166504 -0.763970
vn -0.376326 -0.752617 0.540321
vn -0.377705 -0.843449 0.382011
vn -0.631587 -0.705433 0.321655
vn -0.630426 -0.628952 0.454953
vn -0.350867 0.923659 0.154099
vn -0.351591 0.875958 0.330276
vn -0.609599 0.742328 0.278096
vn -0.608989 0.782494 0.129754
vn -0.374504 -0.632654 0.677861
vn -0.376326 -0.752617 0.540321
vn -0.630426 -0.628952 0.454953
vn -0.628892 -0.527937 0.570770
vn -0.370612 -0.376426 -0.849088
vn -0.367979 -0.203432 -0.907308
vn -0.623398 -0.166504 -0.763970
vn -0.625615 -0.312190 -0.714943
vn -0.350678 0.936078 -0.027998
vn -0.350867 0.923659 0.154099
vn -0.608989 0.782494 0.129754
vn -0.608830 0.792950 -0.023575
vn -0.003864 -0.195091 0.980778
vn -0.749883 -0.114799 0.651534
vn -0.747342 0.014803 0.664274
vn 0.000001 0.000003 1.000000
vn -0.523456 -0.156272 0.837600
vn 0.034908 -0.195687 0.980045
vn 0.038771 -0.000768 0.999248
vn -0.520182 0.010300 0.853993
vn 0.999804 -0.019800 -0.000000
vn 0.999804 -0.019801 -0.000000
vn 0.673570 -0.618682 -0.404395
vn 0.675382 -0.528155 -0.514696
vn 0.727045 -0.147821 0.670488
vn -0.003864 -0.195087 0.980778
vn 0.000000 0.000001 1.000000
vn 0.729708 -0.014449 0.683606
vn -0.003864 -0.195087 0.980778
vn -0.003864 -0.195087 0.980778
vn 0.000000 0.000000 1.000000
vn 0.000000 0.000001 1.000000
vn -0.003864 -0.195087 0.980778
vn -0.003864 -0.195087 0.980778
vn -0.000000 0.000000 1.000000
vn 0.000000 0.000000 1.000000
vn -0.003864 -0.195087 0.980778
vn -0.003864 -0.195087 0.980778
vn -0.000000 -0.000000 1.000000
vn -0.000000 0.000000 1.000000
vn -0.003864 -0.195087 0.980778
vn -0.003864 -0.195088 0.980778
vn 0.000000 -0.000000 1.000000
vn -0.000000 -0.000000 1.000000
vn -0.003864 -0.195088 0.980778
vn -0.003864 -0.195088 0.980778
vn 0.000000 -0.000000 1.000000
vn 0.000000 -0.000000 1.000000
vn -0.003864 -0.195088 0.980778
vn -0.003864 -0.195088 0.980778
vn 0.000000 -0.000000 1.000000
vn 0.000000 -0.000000 1.000000
vn -0.003864 -0.195088 0.980778
vn -0.003864 -0.195090 0.980778
vn 0.000000 -0.000001 1.000000
vn 0.000000 -0.000000 1.000000
vn -0.003864 -0.195090 0.980778
vn -0.002344 -0.195705 0.980660
vn -0.000003 -0.000483 1.000000
vn 0.000000 -0.000001 1.000000
vn -0.002344 -0.195705 0.980660
vn -0.000539 -0.196100 0.980584
vn 0.000034 -0.000068 1.000000
vn -0.000003 -0.000483 1.000000
vn -0.996330 -0.017998 -0.083676
vn -0.997139 -0.012521 -0.074549
vn -0.619845 -0.140886 -0.771974
vn -0.618082 -0.281878 -0.733839
vn -0.095043 -0.150258 0.984068
vn -0.158759 -0.091885 0.983032
vn 0.011821 0.006732 0.999908
vn 0.009362 0.013560 0.999864
vn -0.182435 -0.020971 0.982994
vn -0.178154 0.047613 0.982850
vn 0.011093 -0.003388 0.999933
vn 0.011904 0.001894 0.999927
vn -0.133496 0.117003 0.984118
vn -0.077807 0.164048 0.983379
vn -0.009495 -0.019419 0.999766
vn 0.012518 -0.011652 0.999854
vn 0.996471 0.040541 0.073493
vn 0.995566 0.050123 0.079599
vn 0.617581 0.427128 0.660421
vn 0.618615 0.296557 0.727578
vn -0.786290 0.114879 0.607083
vn -0.088120 0.180201 0.979675
vn -0.088618 -0.015431 0.995946
vn -0.782437 -0.015198 0.622545
vn -0.088120 0.180201 0.979675
vn -0.079274 0.180484 0.980378
vn -0.080249 -0.014882 0.996664
vn -0.088618 -0.015431 0.995946
vn -0.079274 0.180484 0.980378
vn -0.075194 0.180353 0.980724
vn -0.076637 -0.015059 0.996945
vn -0.080249 -0.014882 0.996664
vn -0.075194 0.180353 0.980724
vn 0.681083 0.118153 0.722610
vn 0.679583 -0.015795 0.733429
vn -0.076637 -0.015059 0.996945
vn -0.864259 -0.486376 0.128433
vn -0.842991 -0.536941 0.032582
vn -0.250451 -0.953448 0.167961
vn -0.286128 -0.893606 0.345833
vn -0.896038 -0.347148 0.276775
vn -0.881980 -0.421864 0.210102
vn -0.316809 -0.800994 0.507978
vn -0.341896 -0.679703 0.648930
vn -0.769315 0.130753 0.625347
vn -0.058098 0.180592 0.981841
vn -0.061786 -0.014853 0.997979
vn -0.771586 -0.003376 0.636117
vn -0.058098 0.180592 0.981841
vn -0.060598 0.181740 0.981478
vn -0.064301 -0.014189 0.997830
vn -0.061786 -0.014853 0.997979
vn -0.038614 0.177412 0.983379
vn 0.028964 0.155537 0.987405
vn -0.031815 -0.031197 0.999007
vn -0.054076 -0.018597 0.998364
vn 0.101308 0.109003 0.988866
vn 0.143944 0.058161 0.987875
vn -0.037991 -0.015846 0.999152
vn -0.030943 -0.033149 0.998971
vn 0.158183 0.014103 0.987309
vn 0.147483 -0.036414 0.988394
vn -0.041689 0.010598 0.999075
vn -0.037641 -0.003309 0.999286
vn 0.122605 -0.093626 0.988030
vn 0.071245 -0.133151 0.988532
vn -0.021368 0.038462 0.999032
vn -0.033853 0.026124 0.999085
vn 0.019919 -0.155899 0.987572
vn -0.005163 -0.166406 0.986044
vn -0.002387 0.030217 0.999541
vn -0.004968 0.038526 0.999245
vn -0.022388 0.847713 0.529982
vn -0.024205 0.728048 0.685099
vn -0.121883 0.723534 0.679444
vn -0.120080 0.842208 0.525611
vn -0.372309 -0.488165 0.789355
vn -0.374504 -0.632654 0.677861
vn -0.628892 -0.527937 0.570770
vn -0.627043 -0.406275 0.664648
vn -0.373017 -0.534717 -0.758245
vn -0.370612 -0.376426 -0.849088
vn -0.625615 -0.312190 -0.714943
vn -0.627640 -0.445476 -0.638451
vn -0.351032 0.912736 -0.209021
vn -0.350678 0.936078 -0.027998
vn -0.608830 0.792950 -0.023575
vn -0.609129 0.773296 -0.175997
vn -0.375105 -0.672245 -0.638266
vn -0.373017 -0.534717 -0.758245
vn -0.627640 -0.445476 -0.638451
vn -0.629398 -0.561276 -0.537427
vn -0.369826 -0.324697 0.870518
vn -0.372309 -0.488165 0.789355
vn -0.627043 -0.406275 0.664648
vn -0.624953 -0.268639 0.732985
vn -0.351916 0.854532 -0.382007
vn -0.351032 0.912736 -0.209021
vn -0.609129 0.773296 -0.175997
vn -0.609873 0.724288 -0.321655
vn -0.376798 -0.783725 -0.493760
vn -0.375105 -0.672245 -0.638266
vn -0.629398 -0.561276 -0.537427
vn -0.630824 -0.655143 -0.415752
vn -0.007580 -0.382586 0.923889
vn -0.752365 -0.239334 0.613732
vn -0.749883 -0.114799 0.651534
vn -0.003864 -0.195091 0.980778
vn -0.526653 -0.316442 0.788987
vn 0.031195 -0.383093 0.923183
vn 0.034908 -0.195687 0.980045
vn -0.523456 -0.156272 0.837600
vn -0.999804 0.019813 -0.000003
vn -0.999804 0.019813 -0.000003
vn -0.671441 0.727326 -0.142004
vn -0.672264 0.685913 -0.278540
vn 0.724498 -0.276018 0.631598
vn -0.007578 -0.382603 0.923882
vn -0.003864 -0.195087 0.980778
vn 0.727045 -0.147821 0.670488
vn -0.007578 -0.382603 0.923882
vn -0.007578 -0.382603 0.923882
vn -0.003864 -0.195087 0.980778
vn -0.003864 -0.195087 0.980778
vn -0.007578 -0.382603 0.923882
vn -0.007579 -0.382602 0.923882
vn -0.003864 -0.195087 0.980778
vn -0.003864 -0.195087 0.980778
vn -0.007579 -0.382602 0.923882
vn -0.007579 -0.382603 0.923882
vn -0.003864 -0.195087 0.980778
vn -0.003864 -0.195087 0.980778
vn -0.007579 -0.382603 0.923882
vn -0.007578 -0.382605 0.923881
vn -0.003864 -0.195088 0.980778
vn -0.003864 -0.195087 0.980778
vn -0.007578 -0.382605 0.923881
vn -0.007578 -0.382604 0.923881
vn -0.003864 -0.195088 0.980778
vn -0.003864 -0.195088 0.980778
vn -0.007578 -0.382604 0.923881
vn -0.007578 -0.382605 0.923881
vn -0.003864 -0.195088 0.980778
vn -0.003864 -0.195088 0.980778
vn -0.007578 -0.382605 0.923881
vn -0.007578 -0.382609 0.923879
vn -0.003864 -0.195090 0.980778
vn -0.003864 -0.195088 0.980778
vn -0.007578 -0.382609 0.923879
vn -0.004568 -0.383287 0.923618
vn -0.002344 -0.195705 0.980660
vn -0.003864 -0.195090 0.980778
vn -0.004568 -0.383287 0.923618
vn -0.000868 -0.384328 0.923196
vn -0.000539 -0.196100 0.980584
vn -0.002344 -0.195705 0.980660
vn -0.999975 0.006194 0.003524
vn -0.999888 0.005913 -0.013722
vn -0.691709 -0.137503 0.708966
vn -0.684677 0.005519 0.728825
vn -0.196529 -0.308439 0.930721
vn -0.323749 -0.186547 0.927570
vn -0.158759 -0.091885 0.983032
vn -0.095043 -0.150258 0.984068
vn -0.370061 -0.043093 0.928007
vn -0.360844 0.096657 0.927604
vn -0.178154 0.047613 0.982850
vn -0.182435 -0.020971 0.982994
vn -0.274812 0.241756 0.930609
vn -0.142775 0.341812 0.928859
vn -0.077807 0.164048 0.983379
vn -0.133496 0.117003 0.984118
vn -0.997168 -0.012229 -0.074201
vn -0.997907 -0.010051 -0.063880
vn -0.742259 -0.019315 0.669834
vn -0.745977 0.120751 0.654933
vn -0.787853 0.238967 0.567611
vn -0.084190 0.368925 0.925638
vn -0.088120 0.180201 0.979675
vn -0.786290 0.114879 0.607083
vn -0.084190 0.368925 0.925638
vn -0.075252 0.368900 0.926418
vn -0.079274 0.180484 0.980378
vn -0.088120 0.180201 0.979675
vn -0.075252 0.368900 0.926418
vn -0.070861 0.368815 0.926798
vn -0.075194 0.180353 0.980724
vn -0.079274 0.180484 0.980378
vn -0.070861 0.368815 0.926798
vn 0.684423 0.247401 0.685827
vn 0.681083 0.118153 0.722610
vn -0.075194 0.180353 0.980724
vn -0.913629 -0.178648 0.365193
vn -0.906530 -0.265281 0.328373
vn -0.361084 -0.534531 0.764130
vn -0.374239 -0.370804 0.849971
vn -0.997748 0.009649 -0.066378
vn -0.997747 0.009686 -0.066385
vn -0.638307 0.017696 -0.769578
vn -0.640680 -0.124112 -0.757710
vn -0.765494 0.260164 0.588501
vn -0.052202 0.369058 0.927939
vn -0.058098 0.180592 0.981841
vn -0.769315 0.130753 0.625347
vn -0.052202 0.369058 0.927939
vn -0.054680 0.370511 0.927217
vn -0.060598 0.181740 0.981478
vn -0.058098 0.180592 0.981841
vn -0.022093 0.366566 0.930130
vn 0.087967 0.337088 0.937355
vn 0.028964 0.155537 0.987405
vn -0.038614 0.177412 0.983379
vn 0.229965 0.247601 0.941175
vn 0.320781 0.129692 0.938232
vn 0.143944 0.058161 0.987875
vn 0.101308 0.109003 0.988866
vn 0.348051 0.031154 0.936958
vn 0.331529 -0.082089 0.939867
vn 0.147483 -0.036414 0.988394
vn 0.158183 0.014103 0.987309
vn 0.274678 -0.209874 0.938352
vn 0.161503 -0.300070 0.940146
vn 0.071245 -0.133151 0.988532
vn 0.122605 -0.093626 0.988030
vn 0.043809 -0.344630 0.937716
vn -0.007959 -0.356405 0.934298
vn -0.005163 -0.166406 0.986044
vn 0.019919 -0.155899 0.987572
vn -0.050043 -0.973222 0.224352
vn -0.050423 -0.998276 0.030054
vn -0.147885 -0.988555 0.029807
vn -0.147509 -0.963708 0.222503
vn -0.367152 -0.148534 0.918225
vn -0.369826 -0.324697 0.870518
vn -0.624953 -0.268639 0.732985
vn -0.622701 -0.120308 0.773155
vn -0.353295 0.763701 -0.540318
vn -0.351916 0.854532 -0.382007
vn -0.609873 0.724288 -0.321655
vn -0.611035 0.647806 -0.454955
vn -0.364385 0.033538 0.930644
vn -0.367152 -0.148534 0.918225
vn -0.622701 -0.120308 0.773155
vn -0.620372 0.033002 0.783613
vn -0.378031 -0.864876 -0.330276
vn -0.376798 -0.783725 -0.493760
vn -0.630824 -0.655143 -0.415752
vn -0.631861 -0.723473 -0.278096
vn -0.355118 0.643736 -0.677861
vn -0.353295 0.763701 -0.540318
vn -0.611035 0.647806 -0.454955
vn -0.612568 0.546796 -0.570767
vn -0.361636 0.214535 0.907301
vn -0.364385 0.033538 0.930644
vn -0.620372 0.033002 0.783613
vn -0.618059 0.185405 0.763956
vn -0.378755 -0.912578 -0.154101
vn -0.378031 -0.864876 -0.330276
vn -0.631861 -0.723473 -0.278096
vn -0.632472 -0.763638 -0.129755
vn -0.011005 -0.555442 0.831482
vn -0.754641 -0.354168 0.552342
vn -0.752365 -0.239334 0.613732
vn -0.007580 -0.382586 0.923889
vn -0.529552 -0.464056 0.710089
vn 0.027777 -0.555806 0.830848
vn 0.031195 -0.383093 0.923183
vn -0.526653 -0.316442 0.788987
vn 0.999804 -0.019805 0.000003
vn 0.999804 -0.019790 0.000004
vn 0.677575 -0.417872 -0.605206
vn 0.680062 -0.292084 -0.672460
vn 0.722168 -0.394185 0.568411
vn -0.011002 -0.555466 0.831466
vn -0.007578 -0.382603 0.923882
vn 0.724498 -0.276018 0.631598
vn -0.011002 -0.555466 0.831466
vn -0.011002 -0.555467 0.831465
vn -0.007578 -0.382603 0.923882
vn -0.007578 -0.382603 0.923882
vn -0.011002 -0.555467 0.831465
vn -0.011003 -0.555467 0.831466
vn -0.007579 -0.382602 0.923882
vn -0.007578 -0.382603 0.923882
vn -0.011003 -0.555467 0.831466
vn -0.011003 -0.555467 0.831466
vn -0.007579 -0.382603 0.923882
vn -0.007579 -0.382602 0.923882
vn -0.011003 -0.555467 0.831466
vn -0.011002 -0.555468 0.831465
vn -0.007578 -0.382605 0.923881
vn -0.007579 -0.382603 0.923882
vn -0.011002 -0.555468 0.831465
vn -0.011002 -0.555468 0.831465
vn -0.007578 -0.382604 0.923881
vn -0.007578 -0.382605 0.923881
vn -0.011002 -0.555468 0.831465
vn -0.011002 -0.555472 0.831463
vn -0.007578 -0.382605 0.923881
vn -0.007578 -0.382604 0.923881
vn -0.011002 -0.555472 0.831463
vn -0.011002 -0.555475 0.831460
vn -0.007578 -0.382609 0.923879
vn -0.007578 -0.382605 0.923881
vn -0.011002 -0.555475 0.831460
vn -0.006595 -0.556135 0.831066
vn -0.004568 -0.383287 0.923618
vn -0.007578 -0.382609 0.923879
vn -0.006595 -0.556135 0.831066
vn -0.000983 -0.557505 0.830173
vn -0.000868 -0.384328 0.923196
vn -0.004568 -0.383287 0.923618
vn 0.995350 -0.096104 -0.006567
vn 0.995303 -0.096813 -0.000004
vn 0.639811 -0.768532 -0.000001
vn 0.640665 -0.754563 -0.142065
vn -0.291265 -0.455245 0.841378
vn -0.476530 -0.273428 0.835558
vn -0.323749 -0.186547 0.927570
vn -0.196529 -0.308439 0.930721
vn -0.543737 -0.063558 0.836846
vn -0.529877 0.141789 0.836138
vn -0.360844 0.096657 0.927604
vn -0.370061 -0.043093 0.928007
vn -0.406131 0.357800 0.840855
vn -0.201786 0.506853 0.838083
vn -0.142775 0.341812 0.928859
vn -0.274812 0.241756 0.930609
vn 0.995566 0.050123 0.079599
vn 0.994779 0.061258 0.081625
vn 0.619181 0.541483 0.568692
vn 0.617581 0.427128 0.660421
vn -0.787145 0.352832 0.505878
vn -0.076980 0.543392 0.835942
vn -0.084190 0.368925 0.925638
vn -0.787853 0.238967 0.567611
vn -0.076980 0.543392 0.835942
vn -0.068338 0.543135 0.836860
vn -0.075252 0.368900 0.926418
vn -0.084190 0.368925 0.925638
vn -0.068338 0.543135 0.836860
vn -0.063803 0.543114 0.837232
vn -0.070861 0.368815 0.926798
vn -0.075252 0.368900 0.926418
vn -0.063803 0.543114 0.837232
vn 0.689421 0.366970 0.624525
vn 0.684423 0.247401 0.685827
vn -0.070861 0.368815 0.926798
vn 0.905245 -0.423916 0.028748
vn 0.806177 -0.590703 0.033905
vn 0.181558 -0.983355 0.006999
vn 0.252032 -0.963508 -0.090177
vn -0.918141 0.001883 0.396249
vn -0.917469 -0.089106 0.387700
vn -0.381284 -0.194263 0.903817
vn -0.382185 -0.011000 0.924021
vn -0.760224 0.379820 0.527064
vn -0.044323 0.543274 0.838385
vn -0.052202 0.369058 0.927939
vn -0.765494 0.260164 0.588501
vn -0.044323 0.543274 0.838385
vn -0.046751 0.544743 0.837299
vn -0.054680 0.370511 0.927217
vn -0.052202 0.369058 0.927939
vn -0.005079 0.541312 0.840807
vn 0.142812 0.506124 0.850555
vn 0.087967 0.337088 0.937355
vn -0.022093 0.366566 0.930130
vn 0.350169 0.377452 0.857270
vn 0.485503 0.195850 0.852015
vn 0.320781 0.129692 0.938232
vn 0.229965 0.247601 0.941175
vn 0.524410 0.047165 0.850159
vn 0.503420 -0.124657 0.855002
vn 0.331529 -0.082089 0.939867
vn 0.348051 0.031154 0.936958
vn 0.416230 -0.317884 0.851882
vn 0.245892 -0.455924 0.855377
vn 0.161503 -0.300070 0.940146
vn 0.274678 -0.209874 0.938352
vn 0.065770 -0.520262 0.851470
vn -0.010648 -0.532320 0.846476
vn -0.007959 -0.356405 0.934298
vn 0.043809 -0.344630 0.937716
vn -0.024205 0.728048 0.685099
vn -0.026447 0.580437 0.813876
vn -0.124107 0.577131 0.807167
vn -0.121883 0.723534 0.679444
vn -0.357312 0.499246 -0.789356
vn -0.355118 0.643736 -0.677861
vn -0.612568 0.546796 -0.570767
vn -0.614417 0.425134 -0.664645
vn -0.359009 0.387504 0.849090
vn -0.361636 0.214535 0.907301
vn -0.618059 0.185405 0.763956
vn -0.615844 0.331047 0.714943
vn -0.127502 0.353558 -0.926682
vn -0.124860 0.527569 -0.840286
vn -0.357312 0.499246 -0.789356
vn -0.359795 0.335777 -0.870518
vn -0.124107 0.577131 0.807167
vn -0.126665 0.408626 0.903870
vn -0.359009 0.387504 0.849090
vn -0.356606 0.545796 0.758247
vn -0.147885 -0.988555 0.029807
vn -0.147686 -0.975336 -0.164041
vn -0.378755 -0.912578 -0.154101
vn -0.378944 -0.924996 0.028000
vn -0.130347 0.166036 -0.977467
vn -0.127502 0.353558 -0.926682
vn -0.359795 0.335777 -0.870518
vn -0.362464 0.159595 -0.918232
vn -0.121883 0.723534 0.679444
vn -0.124107 0.577131 0.807167
vn -0.356606 0.545796 0.758247
vn -0.354517 0.683329 0.638263
vn -0.014007 -0.706956 0.707118
vn -0.756620 -0.454829 0.469742
vn -0.754641 -0.354168 0.552342
vn -0.011005 -0.555442 0.831482
vn -0.532132 -0.593431 0.603883
vn 0.024781 -0.707199 0.706580
vn 0.027777 -0.555806 0.830848
vn -0.529552 -0.464056 0.710089
vn -0.999804 0.019813 -0.000003
vn -0.999804 0.019809 -0.000000
vn -0.671151 0.741321 0.000000
vn -0.671441 0.727326 -0.142004
vn 0.720121 -0.497759 0.483385
vn -0.014003 -0.706979 0.707096
vn -0.011002 -0.555466 0.831466
vn 0.722168 -0.394185 0.568411
vn -0.014003 -0.706979 0.707096
vn -0.014004 -0.706980 0.707095
vn -0.011002 -0.555467 0.831465
vn -0.011002 -0.555466 0.831466
vn -0.014004 -0.706980 0.707095
vn -0.014004 -0.706980 0.707095
vn -0.011003 -0.555467 0.831466
vn -0.011002 -0.555467 0.831465
vn -0.014004 -0.706980 0.707095
vn -0.014004 -0.706979 0.707096
vn -0.011003 -0.555467 0.831466
vn -0.011003 -0.555467 0.831466
vn -0.014004 -0.706979 0.707096
vn -0.014004 -0.706978 0.707097
vn -0.011002 -0.555468 0.831465
vn -0.011003 -0.555467 0.831466
vn -0.014004 -0.706978 0.707097
vn -0.014003 -0.706979 0.707096
vn -0.011002 -0.555468 0.831465
vn -0.011002 -0.555468 0.831465
vn -0.014003 -0.706979 0.707096
vn -0.014003 -0.706981 0.707094
vn -0.011002 -0.555472 0.831463
vn -0.011002 -0.555468 0.831465
vn -0.014003 -0.706981 0.707094
vn -0.014002 -0.706985 0.707090
vn -0.011002 -0.555475 0.831460
vn -0.011002 -0.555472 0.831463
vn -0.014002 -0.706985 0.707090
vn -0.008353 -0.707552 0.706612
vn -0.006595 -0.556135 0.831066
vn -0.011002 -0.555475 0.831460
vn -0.008353 -0.707552 0.706612
vn -0.000936 -0.708890 0.705318
vn -0.000983 -0.557505 0.830173
vn -0.006595 -0.556135 0.831066
vn -0.999888 0.005913 -0.013722
vn -0.999716 0.009469 -0.021858
vn -0.696094 -0.273400 0.663856
vn -0.691709 -0.137503 0.708966
vn -0.375429 -0.585047 0.718869
vn -0.610777 -0.349034 0.710723
vn -0.476530 -0.273428 0.835558
vn -0.291265 -0.455245 0.841378
vn -0.696520 -0.081519 0.712892
vn -0.678463 0.181203 0.711936
vn -0.529877 0.141789 0.836138
vn -0.543737 -0.063558 0.836846
vn -0.522246 0.460429 0.717819
vn -0.252532 0.652492 0.714480
vn -0.201786 0.506853 0.838083
vn -0.406131 0.357800 0.840855
vn 0.970711 -0.225551 0.082744
vn 0.977969 -0.180517 0.104838
vn 0.756564 0.540731 -0.367723
vn 0.767228 0.591019 -0.249114
vn -0.784269 0.452757 0.424186
vn -0.066773 0.696890 0.714063
vn -0.076980 0.543392 0.835942
vn -0.787145 0.352832 0.505878
vn -0.066773 0.696890 0.714063
vn -0.058798 0.696510 0.715134
vn -0.068338 0.543135 0.836860
vn -0.076980 0.543392 0.835942
vn -0.058798 0.696510 0.715134
vn -0.054291 0.696539 0.715462
vn -0.063803 0.543114 0.837232
vn -0.068338 0.543135 0.836860
vn -0.054291 0.696539 0.715462
vn 0.695953 0.472177 0.541017
vn 0.689421 0.366970 0.624525
vn -0.063803 0.543114 0.837232
vn -0.997747 0.009686 -0.066391
vn -0.997747 0.009686 -0.066383
vn -0.644769 -0.260770 -0.718521
vn -0.650320 -0.387194 -0.653578
vn 0.817047 -0.557874 0.145638
vn 0.826780 -0.506565 0.244598
vn 0.213851 -0.899877 0.380118
vn 0.198681 -0.959747 0.198524
vn -0.753722 0.485081 0.443397
vn -0.034754 0.696569 0.716647
vn -0.044323 0.543274 0.838385
vn -0.760224 0.379820 0.527064
vn -0.034754 0.696569 0.716647
vn -0.037086 0.697768 0.715364
vn -0.046751 0.544743 0.837299
vn -0.044323 0.543274 0.838385
vn 0.011889 0.694839 0.719067
vn 0.191439 0.655830 0.730232
vn 0.142812 0.506124 0.850555
vn -0.005079 0.541312 0.840807
vn 0.457358 0.493636 0.739694
vn 0.631617 0.254062 0.732471
vn 0.485503 0.195850 0.852015
vn 0.350169 0.377452 0.857270
vn 0.680361 0.061483 0.730294
vn 0.656517 -0.162469 0.736607
vn 0.503420 -0.124657 0.855002
vn 0.524410 0.047165 0.850159
vn 0.541602 -0.413343 0.731993
vn 0.321106 -0.594717 0.737023
vn 0.245892 -0.455924 0.855377
vn 0.416230 -0.317884 0.851882
vn 0.084995 -0.675948 0.732032
vn -0.013099 -0.687406 0.726156
vn -0.010648 -0.532320 0.846476
vn 0.065770 -0.520262 0.851470
vn -0.029870 0.354997 -0.934390
vn -0.027206 0.530455 -0.847276
vn -0.124860 0.527569 -0.840286
vn -0.127502 0.353558 -0.926682
vn -0.147509 -0.963708 0.222503
vn -0.147885 -0.988555 0.029807
vn -0.378944 -0.924996 0.028000
vn -0.378589 -0.901654 0.209021
vn -0.133301 -0.027782 -0.990686
vn -0.130347 0.166036 -0.977467
vn -0.362464 0.159595 -0.918232
vn -0.365243 -0.022456 -0.930641
vn -0.120080 0.842208 0.525611
vn -0.121883 0.723534 0.679444
vn -0.354517 0.683329 0.638263
vn -0.352823 0.794808 0.493757
vn -0.146568 -0.901748 0.406655
vn -0.147509 -0.963708 0.222503
vn -0.378589 -0.901654 0.209021
vn -0.377705 -0.843449 0.382011
vn -0.118769 0.928592 0.351582
vn -0.120080 0.842208 0.525611
vn -0.352823 0.794808 0.493757
vn -0.351591 0.875958 0.330276
vn -0.136217 -0.220464 -0.965837
vn -0.133301 -0.027782 -0.990686
vn -0.365243 -0.022456 -0.930641
vn -0.367979 -0.203432 -0.907308
vn -0.145098 -0.805052 0.575186
vn -0.146568 -0.901748 0.406655
vn -0.377705 -0.843449 0.382011
vn -0.376326 -0.752617 0.540321
vn -0.016468 -0.831301 0.555578
vn -0.758272 -0.537417 0.369062
vn -0.756620 -0.454829 0.469742
vn -0.014007 -0.706956 0.707118
vn -0.534228 -0.699634 0.474461
vn 0.022320 -0.831451 0.555149
vn 0.024781 -0.707199 0.706580
vn -0.532132 -0.593431 0.603883
vn 0.999804 -0.019806 0.000006
vn 0.999804 -0.019811 0.000001
vn 0.682763 -0.155561 -0.713887
vn 0.685581 -0.013582 -0.727869
vn 0.718443 -0.582753 0.379787
vn -0.016466 -0.831305 0.555572
vn -0.014003 -0.706979 0.707096
vn 0.720121 -0.497759 0.483385
vn -0.016466 -0.831305 0.555572
vn -0.016466 -0.831305 0.555573
vn -0.014004 -0.706980 0.707095
vn -0.014003 -0.706979 0.707096
vn -0.016466 -0.831305 0.555573
vn -0.016467 -0.831305 0.555573
vn -0.014004 -0.706980 0.707095
vn -0.014004 -0.706980 0.707095
vn -0.016467 -0.831305 0.555573
vn -0.016467 -0.831305 0.555572
vn -0.014004 -0.706979 0.707096
vn -0.014004 -0.706980 0.707095
vn -0.016467 -0.831305 0.555572
vn -0.016466 -0.831305 0.555573
vn -0.014004 -0.706978 0.707097
vn -0.014004 -0.706979 0.707096
vn -0.016466 -0.831305 0.555573
vn -0.016466 -0.831306 0.555571
vn -0.014003 -0.706979 0.707096
vn -0.014004 -0.706978 0.707097
vn -0.016466 -0.831306 0.555571
vn -0.016465 -0.831307 0.555569
vn -0.014003 -0.706981 0.707094
vn -0.014003 -0.706979 0.707096
vn -0.016465 -0.831307 0.555569
vn -0.016464 -0.831309 0.555567
vn -0.014002 -0.706985 0.707090
vn -0.014003 -0.706981 0.707094
vn -0.016464 -0.831309 0.555567
vn -0.009782 -0.831736 0.555085
vn -0.008353 -0.707552 0.706612
vn -0.014002 -0.706985 0.707090
vn -0.009782 -0.831736 0.555085
vn -0.000797 -0.832754 0.553642
vn -0.000936 -0.708890 0.705318
vn -0.008353 -0.707552 0.706612
vn 0.994779 0.061258 0.081625
vn 0.994228 0.072261 0.079306
vn 0.623419 0.634920 0.456317
vn 0.619181 0.541483 0.568692
vn -0.445437 -0.692602 0.567352
vn -0.721003 -0.410506 0.558247
vn -0.610777 -0.349034 0.710723
vn -0.375429 -0.585047 0.718869
vn -0.822266 -0.096249 0.560905
vn -0.800633 0.213389 0.559867
vn -0.678463 0.181203 0.711936
vn -0.696520 -0.081519 0.712892
vn -0.618382 0.545355 0.565855
vn -0.293182 0.772849 0.562804
vn -0.252532 0.652492 0.714480
vn -0.522246 0.460429 0.717819
vn -0.999716 0.009469 -0.021858
vn -0.999677 0.012648 -0.022029
vn -0.698091 -0.397967 0.595223
vn -0.696094 -0.273400 0.663856
vn -0.779256 0.535528 0.325529
vn -0.053974 0.823507 0.564733
vn -0.066773 0.696890 0.714063
vn -0.784269 0.452757 0.424186
vn -0.053974 0.823507 0.564733
vn -0.047000 0.823104 0.565942
vn -0.058798 0.696510 0.715134
vn -0.066773 0.696890 0.714063
vn -0.047000 0.823104 0.565942
vn -0.042692 0.823161 0.566201
vn -0.054291 0.696539 0.715462
vn -0.058798 0.696510 0.715134
vn -0.042692 0.823161 0.566201
vn 0.703691 0.558966 0.438608
vn 0.695953 0.472177 0.541017
vn -0.054291 0.696539 0.715462
vn -0.910120 0.183456 0.371517
vn -0.915684 0.093145 0.390957
vn -0.376991 0.172812 0.909952
vn -0.365849 0.350940 0.861972
vn -0.997746 0.009678 -0.066399
vn -0.997746 0.009681 -0.066400
vn -0.657193 -0.498531 -0.565300
vn -0.665099 -0.590530 -0.457075
vn -0.746223 0.571860 0.340775
vn -0.023852 0.823092 0.567407
vn -0.034754 0.696569 0.716647
vn -0.753722 0.485081 0.443397
vn -0.023852 0.823092 0.567407
vn -0.026016 0.823858 0.566199
vn -0.037086 0.697768 0.715364
vn -0.034754 0.696569 0.716647
vn 0.028306 0.821288 0.569812
vn 0.232123 0.779998 0.581140
vn 0.191439 0.655830 0.730232
vn 0.011889 0.694839 0.719067
vn 0.547179 0.591361 0.592357
vn 0.753227 0.302109 0.584277
vn 0.631617 0.254062 0.732471
vn 0.457358 0.493636 0.739694
vn 0.809768 0.073492 0.582130
vn 0.784575 -0.194010 0.588899
vn 0.656517 -0.162469 0.736607
vn 0.680361 0.061483 0.730294
vn 0.645732 -0.492444 0.583549
vn 0.384045 -0.710802 0.589296
vn 0.321106 -0.594717 0.737023
vn 0.541602 -0.413343 0.731993
vn 0.100798 -0.805465 0.584008
vn -0.015185 -0.815752 0.578202
vn -0.013099 -0.687406 0.726156
vn 0.084995 -0.675948 0.732032
vn -0.050423 -0.998276 0.030054
vn -0.050221 -0.984946 -0.165405
vn -0.147686 -0.975336 -0.164041
vn -0.147885 -0.988555 0.029807
vn -0.117998 0.979371 0.164042
vn -0.118769 0.928592 0.351582
vn -0.351591 0.875958 0.330276
vn -0.350867 0.923659 0.154099
vn -0.143159 -0.677353 0.721595
vn -0.145098 -0.805052 0.575186
vn -0.376326 -0.752617 0.540321
vn -0.374504 -0.632654 0.677861
vn -0.139017 -0.404595 -0.903868
vn -0.136217 -0.220464 -0.965837
vn -0.367979 -0.203432 -0.907308
vn -0.370612 -0.376426 -0.849088
vn -0.117796 0.992590 -0.029802
vn -0.117998 0.979371 0.164042
vn -0.350867 0.923659 0.154099
vn -0.350678 0.936078 -0.027998
vn -0.140824 -0.523544 0.840280
vn -0.143159 -0.677353 0.721595
vn -0.374504 -0.632654 0.677861
vn -0.372309 -0.488165 0.789355
vn -0.141576 -0.573092 -0.807169
vn -0.139017 -0.404595 -0.903868
vn -0.370612 -0.376426 -0.849088
vn -0.373017 -0.534717 -0.758245
vn -0.118175 0.967742 -0.222508
vn -0.117796 0.992590 -0.029802
vn -0.350678 0.936078 -0.027998
vn -0.351032 0.912736 -0.209021
vn -0.018295 -0.923703 0.382672
vn -0.759502 -0.598787 0.254185
vn -0.758272 -0.537417 0.369062
vn -0.016468 -0.831301 0.555578
vn -0.535794 -0.778540 0.326804
vn 0.020491 -0.923771 0.382397
vn 0.022320 -0.831451 0.555149
vn -0.534228 -0.699634 0.474461
vn -0.999804 0.019809 -0.000000
vn -0.999804 0.019819 0.000003
vn -0.671436 0.727330 0.142004
vn -0.671151 0.741321 0.000000
vn 0.717189 -0.645911 0.261608
vn -0.018296 -0.923695 0.382691
vn -0.016466 -0.831305 0.555572
vn 0.718443 -0.582753 0.379787
vn -0.018296 -0.923695 0.382691
vn -0.018296 -0.923695 0.382692
vn -0.016466 -0.831305 0.555573
vn -0.016466 -0.831305 0.555572
vn -0.018296 -0.923695 0.382692
vn -0.018297 -0.923695 0.382691
vn -0.016467 -0.831305 0.555573
vn -0.016466 -0.831305 0.555573
vn -0.018297 -0.923695 0.382691
vn -0.018297 -0.923696 0.382689
vn -0.016467 -0.831305 0.555572
vn -0.016467 -0.831305 0.555573
vn -0.018297 -0.923696 0.382689
vn -0.018296 -0.923696 0.382690
vn -0.016466 -0.831305 0.555573
vn -0.016467 -0.831305 0.555572
vn -0.018296 -0.923696 0.382690
vn -0.018295 -0.923696 0.382689
vn -0.016466 -0.831306 0.555571
vn -0.016466 -0.831305 0.555573
vn -0.018295 -0.923696 0.382689
vn -0.018294 -0.923698 0.382685
vn -0.016465 -0.831307 0.555569
vn -0.016466 -0.831306 0.555571
vn -0.018294 -0.923698 0.382685
vn -0.018293 -0.923699 0.382681
vn -0.016464 -0.831309 0.555567
vn -0.016465 -0.831307 0.555569
vn -0.018293 -0.923699 0.382681
vn -0.010836 -0.923979 0.382289
vn -0.009782 -0.831736 0.555085
vn -0.016464 -0.831309 0.555567
vn -0.010836 -0.923979 0.382289
vn -0.000635 -0.924558 0.381042
vn -0.000797 -0.832754 0.553642
vn -0.009782 -0.831736 0.555085
vn -0.998893 -0.026981 -0.038521
vn -0.998623 -0.037762 -0.036422
vn -0.706873 -0.534126 0.463724
vn -0.718192 -0.422608 0.552814
vn -0.498112 -0.773312 0.392266
vn -0.802863 -0.455757 0.384312
vn -0.721003 -0.410506 0.558247
vn -0.445437 -0.692602 0.567352
vn -0.915932 -0.107183 0.386756
vn -0.891543 0.237189 0.385867
vn -0.800633 0.213389 0.559867
vn -0.822266 -0.096249 0.560905
vn -0.690411 0.608878 0.390640
vn -0.322386 0.863013 0.388943
vn -0.293182 0.772849 0.562804
vn -0.618382 0.545355 0.565855
vn 0.995881 -0.088035 0.021675
vn 0.996487 -0.078585 0.028956
vn 0.652780 -0.551353 0.519508
vn 0.647288 -0.644547 0.406912
vn -0.772359 0.598331 0.213216
vn -0.039088 0.918390 0.393741
vn -0.053974 0.823507 0.564733
vn -0.779256 0.535528 0.325529
vn -0.039088 0.918390 0.393741
vn -0.033395 0.918077 0.394993
vn -0.047000 0.823104 0.565942
vn -0.053974 0.823507 0.564733
vn -0.033395 0.918077 0.394993
vn -0.029453 0.918134 0.395174
vn -0.042692 0.823161 0.566201
vn -0.047000 0.823104 0.565942
vn -0.029453 0.918134 0.395174
vn 0.712387 0.623943 0.321247
vn 0.703691 0.558966 0.438608
vn -0.042692 0.823161 0.566201
vn 0.835142 -0.441063 0.328636
vn 0.842011 -0.365311 0.396944
vn 0.237457 -0.685398 0.688363
vn 0.226788 -0.807016 0.545245
vn -0.889164 0.355026 0.288695
vn -0.901331 0.271363 0.337587
vn -0.348861 0.517251 0.781503
vn -0.326153 0.665882 0.670989
vn -0.738048 0.636761 0.223207
vn -0.012029 0.917983 0.396437
vn -0.023852 0.823092 0.567407
vn -0.746223 0.571860 0.340775
vn -0.012029 0.917983 0.396437
vn -0.013928 0.918325 0.395583
vn -0.026016 0.823858 0.566199
vn -0.023852 0.823092 0.567407
vn 0.043698 0.915942 0.398925
vn 0.263576 0.873507 0.409285
vn 0.232123 0.779998 0.581140
vn 0.028306 0.821288 0.569812
vn 0.615776 0.666311 0.420536
vn 0.845448 0.338268 0.413271
vn 0.753227 0.302109 0.584277
vn 0.547179 0.591361 0.592357
vn 0.907645 0.082663 0.411518
vn 0.882202 -0.217994 0.417370
vn 0.784575 -0.194010 0.588899
vn 0.809768 0.073492 0.582130
vn 0.724529 -0.552173 0.412507
vn 0.432042 -0.799292 0.417699
vn 0.384045 -0.710802 0.589296
vn 0.645732 -0.492444 0.583549
vn 0.112660 -0.903667 0.413152
vn -0.016795 -0.912641 0.408417
vn -0.015185 -0.815752 0.578202
vn 0.100798 -0.805465 0.584008
vn -0.026447 0.580437 0.813876
vn -0.029027 0.410533 0.911384
vn -0.126665 0.408626 0.903870
vn -0.124107 0.577131 0.807167
vn -0.143799 -0.719497 -0.679445
vn -0.141576 -0.573092 -0.807169
vn -0.373017 -0.534717 -0.758245
vn -0.375105 -0.672245 -0.638266
vn -0.138181 -0.349522 0.926683
vn -0.140824 -0.523544 0.840280
vn -0.372309 -0.488165 0.789355
vn -0.369826 -0.324697 0.870518
vn -0.119115 0.905784 -0.406653
vn -0.118175 0.967742 -0.222508
vn -0.351032 0.912736 -0.209021
vn -0.351916 0.854532 -0.382007
vn -0.145602 -0.838169 -0.525616
vn -0.143799 -0.719497 -0.679445
vn -0.375105 -0.672245 -0.638266
vn -0.376798 -0.783725 -0.493760
vn -0.135332 -0.161999 0.977467
vn -0.138181 -0.349522 0.926683
vn -0.369826 -0.324697 0.870518
vn -0.367152 -0.148534 0.918225
vn -0.120583 0.809094 -0.575175
vn -0.119115 0.905784 -0.406653
vn -0.351916 0.854532 -0.382007
vn -0.353295 0.763701 -0.540318
vn -0.132389 0.031817 0.990687
vn -0.135332 -0.161999 0.977467
vn -0.367152 -0.148534 0.918225
vn -0.364385 0.033538 0.930644
vn -0.019424 -0.980594 0.195086
vn -0.760252 -0.636572 0.129588
vn -0.759502 -0.598787 0.254185
vn -0.018295 -0.923703 0.382672
vn -0.536758 -0.827123 0.166610
vn 0.019364 -0.980623 0.194945
vn 0.020491 -0.923771 0.382397
vn -0.535794 -0.778540 0.326804
vn -0.999804 0.019819 0.000003
vn -0.999804 0.019821 0.000003
vn -0.672260 0.685914 0.278548
vn -0.671436 0.727330 0.142004
vn 0.716428 -0.684794 0.133371
vn -0.019423 -0.980592 0.195094
vn -0.018296 -0.923695 0.382691
vn 0.717189 -0.645911 0.261608
vn -0.019423 -0.980592 0.195094
vn -0.019423 -0.980593 0.195092
vn -0.018296 -0.923695 0.382692
vn -0.018296 -0.923695 0.382691
vn -0.019423 -0.980593 0.195092
vn -0.019424 -0.980592 0.195093
vn -0.018297 -0.923695 0.382691
vn -0.018296 -0.923695 0.382692
vn -0.019424 -0.980592 0.195093
vn -0.019424 -0.980592 0.195094
vn -0.018297 -0.923696 0.382689
vn -0.018297 -0.923695 0.382691
vn -0.019424 -0.980592 0.195094
vn -0.019423 -0.980592 0.195094
vn -0.018296 -0.923696 0.382690
vn -0.018297 -0.923696 0.382689
vn -0.019423 -0.980592 0.195094
vn -0.019422 -0.980592 0.195096
vn -0.018295 -0.923696 0.382689
vn -0.018296 -0.923696 0.382690
vn -0.019422 -0.980592 0.195096
vn -0.019421 -0.980592 0.195096
vn -0.018294 -0.923698 0.382685
vn -0.018295 -0.923696 0.382689
vn -0.019421 -0.980592 0.195096
vn -0.019420 -0.980593 0.195092
vn -0.018293 -0.923699 0.382681
vn -0.018294 -0.923698 0.382685
vn -0.019420 -0.980593 0.195092
vn -0.011482 -0.980762 0.194870
vn -0.010836 -0.923979 0.382289
vn -0.018293 -0.923699 0.382681
vn -0.011482 -0.980762 0.194870
vn -0.000512 -0.980973 0.194146
vn -0.000635 -0.924558 0.381042
vn -0.010836 -0.923979 0.382289
vn 0.994228 0.072261 0.079306
vn 0.993993 0.081511 0.073035
vn 0.630095 0.703796 0.328102
vn 0.623419 0.634920 0.456317
vn -0.530868 -0.823400 0.200477
vn -0.853216 -0.483401 0.195822
vn -0.802863 -0.455757 0.384312
vn -0.498112 -0.773312 0.392266
vn -0.973706 -0.113906 0.197289
vn -0.947567 0.251787 0.196774
vn -0.891543 0.237189 0.385867
vn -0.915932 -0.107183 0.386756
vn -0.735068 0.648087 0.199144
vn -0.339241 0.919250 0.199736
vn -0.322386 0.863013 0.388943
vn -0.690411 0.608878 0.390640
vn -0.999677 0.012648 -0.022029
vn -0.999768 0.012979 -0.017203
vn -0.698382 -0.507060 0.505127
vn -0.698091 -0.397967 0.595223
vn -0.763815 0.638986 0.091021
vn -0.022703 0.977930 0.207696
vn -0.039088 0.918390 0.393741
vn -0.772359 0.598331 0.213216
vn -0.022703 0.977930 0.207696
vn -0.018505 0.977771 0.208857
vn -0.033395 0.918077 0.394993
vn -0.039088 0.918390 0.393741
vn -0.018505 0.977771 0.208857
vn -0.015079 0.977812 0.208943
vn -0.029453 0.918134 0.395174
vn -0.033395 0.918077 0.394993
vn -0.015079 0.977812 0.208943
vn 0.721673 0.664642 0.193493
vn 0.712387 0.623943 0.321247
vn -0.029453 0.918134 0.395174
vn -0.910976 -0.401672 -0.093718
vn -0.986998 -0.143486 -0.072441
vn -0.574248 -0.776877 -0.258268
vn -0.269074 -0.954978 -0.124970
vn 0.847436 -0.282476 0.449511
vn 0.851465 -0.195066 0.486782
vn 0.252543 -0.376090 0.891503
vn 0.245985 -0.539931 0.804963
vn -0.729477 0.677335 0.095294
vn 0.000267 0.977641 0.210283
vn -0.012029 0.917983 0.396437
vn -0.738048 0.636761 0.223207
vn 0.000267 0.977641 0.210283
vn -0.001254 0.977704 0.209986
vn -0.013928 0.918325 0.395583
vn -0.012029 0.917983 0.396437
vn 0.057615 0.975366 0.212938
vn 0.284929 0.932597 0.221537
vn 0.263576 0.873507 0.409285
vn 0.043698 0.915942 0.398925
vn 0.660008 0.714908 0.230860
vn 0.904596 0.361320 0.226173
vn 0.845448 0.338268 0.413271
vn 0.615776 0.666311 0.420536
vn 0.970294 0.088574 0.225134
vn 0.945089 -0.233414 0.228746
vn 0.882202 -0.217994 0.417370
vn 0.907645 0.082663 0.411518
vn 0.774971 -0.590340 0.225651
vn 0.462966 -0.856299 0.228942
vn 0.432042 -0.799292 0.417699
vn 0.724529 -0.552173 0.412507
vn 0.120204 -0.966649 0.226143
vn -0.017839 -0.974582 0.223321
vn -0.016795 -0.912641 0.408417
vn 0.112660 -0.903667 0.413152
vn -0.027206 0.530455 -0.847276
vn -0.024850 0.685563 -0.727589
vn -0.122523 0.681390 -0.721593
vn -0.124860 0.527569 -0.840286
vn -0.146914 -0.924557 -0.351582
vn -0.145602 -0.838169 -0.525616
vn -0.376798 -0.783725 -0.493760
vn -0.378031 -0.864876 -0.330276
vn -0.122523 0.681390 -0.721593
vn -0.120583 0.809094 -0.575175
vn -0.353295 0.763701 -0.540318
vn -0.355118 0.643736 -0.677861
vn -0.129463 0.224491 0.965838
vn -0.132389 0.031817 0.990687
vn -0.364385 0.033538 0.930644
vn -0.361636 0.214535 0.907301
vn -0.147686 -0.975336 -0.164041
vn -0.146914 -0.924557 -0.351582
vn -0.378031 -0.864876 -0.330276
vn -0.378755 -0.912578 -0.154101
vn -0.124860 0.527569 -0.840286
vn -0.122523 0.681390 -0.721593
vn -0.355118 0.643736 -0.677861
vn -0.357312 0.499246 -0.789356
vn -0.126665 0.408626 0.903870
vn -0.129463 0.224491 0.965838
vn -0.361636 0.214535 0.907301
vn -0.359009 0.387504 0.849090
vn -0.725141 0.253891 -0.640086
vn -0.723339 0.374069 -0.580390
vn -0.942351 -0.167081 0.289929
vn -0.941454 -0.107009 0.319707
vn -0.019808 -0.999804 -0.000000
vn -0.760493 -0.649346 -0.000000
vn -0.760252 -0.636572 0.129588
vn -0.019424 -0.980594 0.195086
vn -0.537094 -0.843522 0.000000
vn 0.018984 -0.999820 -0.000000
vn 0.019364 -0.980623 0.194945
vn -0.536758 -0.827123 0.166610
vn 0.999804 -0.019808 0.000014
vn 0.999804 -0.019802 0.000011
vn 0.688383 0.128397 -0.713893
vn 0.691106 0.264913 -0.672453
vn 0.716171 -0.697925 -0.000000
vn -0.019803 -0.999804 -0.000000
vn -0.019423 -0.980592 0.195094
vn 0.716428 -0.684794 0.133371
vn -0.019803 -0.999804 -0.000000
vn -0.019804 -0.999804 -0.000000
vn -0.019423 -0.980593 0.195092
vn -0.019423 -0.980592 0.195094
vn -0.019804 -0.999804 -0.000000
vn -0.019804 -0.999804 -0.000000
vn -0.019424 -0.980592 0.195093
vn -0.019423 -0.980593 0.195092
vn -0.019804 -0.999804 -0.000000
vn -0.019804 -0.999804 -0.000000
vn -0.019424 -0.980592 0.195094
vn -0.019424 -0.980592 0.195093
vn -0.019804 -0.999804 -0.000000
vn -0.019804 -0.999804 -0.000000
vn -0.019423 -0.980592 0.195094
vn -0.019424 -0.980592 0.195094
vn -0.019804 -0.999804 -0.000000
vn -0.019803 -0.999804 -0.000001
vn -0.019422 -0.980592 0.195096
vn -0.019423 -0.980592 0.195094
vn -0.019803 -0.999804 -0.000001
vn -0.019802 -0.999804 -0.000001
vn -0.019421 -0.980592 0.195096
vn -0.019422 -0.980592 0.195096
vn -0.019802 -0.999804 -0.000001
vn -0.019800 -0.999804 -0.000000
vn -0.019420 -0.980593 0.195092
vn -0.019421 -0.980592 0.195096
vn -0.019800 -0.999804 -0.000000
vn -0.011700 -0.999932 -0.000000
vn -0.011482 -0.980762 0.194870
vn -0.019420 -0.980593 0.195092
vn -0.011700 -0.999932 -0.000000
vn -0.000466 -1.000000 -0.000000
vn -0.000512 -0.980973 0.194146
vn -0.011482 -0.980762 0.194870
vn 0.996849 -0.042156 0.067187
vn 0.999199 -0.021061 0.034038
vn 0.698202 0.130061 -0.703987
vn 0.711762 0.262377 -0.651578
vn -0.541985 -0.840388 -0.000000
vn -0.870203 -0.492693 -0.000000
vn -0.853216 -0.483401 0.195822
vn -0.530868 -0.823400 0.200477
vn -0.993229 -0.116174 -0.000000
vn -0.966490 0.256703 0.000000
vn -0.947567 0.251787 0.196774
vn -0.973706 -0.113906 0.197289
vn -0.750249 0.661155 -0.000685
vn -0.343255 0.939239 0.002608
vn -0.339241 0.919250 0.199736
vn -0.735068 0.648087 0.199144
vn 0.993993 0.081511 0.073035
vn 0.994096 0.087713 0.063866
vn 0.638793 0.745669 0.189532
vn 0.630095 0.703796 0.328102
vn -0.753912 0.655936 -0.036940
vn -0.005457 0.999891 0.013744
vn -0.022703 0.977930 0.207696
vn -0.763815 0.638986 0.091021
vn -0.005457 0.999891 0.013744
vn -0.002905 0.999888 0.014695
vn -0.018505 0.977771 0.208857
vn -0.022703 0.977930 0.207696
vn -0.002905 0.999888 0.014695
vn -0.000127 0.999892 0.014690
vn -0.015079 0.977812 0.208943
vn -0.018505 0.977771 0.208857
vn -0.000127 0.999892 0.014690
vn 0.731203 0.679489 0.060310
vn 0.721673 0.664642 0.193493
vn -0.015079 0.977812 0.208943
vn 0.997620 -0.007421 0.068550
vn 0.997620 -0.007388 0.068556
vn 0.728862 -0.137159 -0.670781
vn 0.731059 0.005549 -0.682291
vn -0.854376 0.499146 0.144550
vn -0.873502 0.432022 0.224390
vn -0.298011 0.791313 0.533867
vn -0.264907 0.888566 0.374533
vn -0.720868 0.692030 -0.038002
vn 0.012571 0.999792 0.016051
vn 0.000267 0.977641 0.210283
vn -0.729477 0.677335 0.095294
vn 0.012571 0.999792 0.016051
vn 0.011542 0.999799 0.016391
vn -0.001254 0.977704 0.209986
vn 0.000267 0.977641 0.210283
vn 0.069603 0.997396 0.018898
vn 0.295650 0.954960 0.025362
vn 0.284929 0.932597 0.221537
vn 0.057615 0.975366 0.212938
vn 0.677738 0.734643 0.031157
vn 0.928324 0.370535 0.030297
vn 0.904596 0.361320 0.226173
vn 0.660008 0.714908 0.230860
vn 0.995399 0.090951 0.030158
vn 0.970385 -0.239610 0.030667
vn 0.945089 -0.233414 0.228746
vn 0.970294 0.088574 0.225134
vn 0.795183 -0.605616 0.030228
vn 0.475407 -0.879230 0.030696
vn 0.462966 -0.856299 0.228942
vn 0.774971 -0.590340 0.225651
vn 0.123218 -0.991917 0.030301
vn -0.018261 -0.999386 0.029906
vn -0.017839 -0.974582 0.223321
vn 0.120204 -0.966649 0.226143
vn -0.050221 -0.984946 -0.165405
vn -0.049443 -0.933747 -0.354503
vn -0.146914 -0.924557 -0.351582
vn -0.147686 -0.975336 -0.164041
vn -0.722798 0.408311 0.557534
vn -0.724567 0.291923 0.624326
vn -0.941737 -0.126014 -0.311852
vn -0.942618 -0.184155 -0.278494
vn -0.739246 -0.673120 0.020586
vn -0.739101 -0.663997 -0.113302
vn -0.934475 0.351501 0.056600
vn -0.934402 0.356071 -0.010283
vn -0.727125 0.124315 -0.675156
vn -0.725141 0.253891 -0.640086
vn -0.941454 -0.107009 0.319707
vn -0.940460 -0.042377 0.337253
vn -0.721259 0.509439 0.469316
vn -0.722798 0.408311 0.557534
vn -0.942618 -0.184155 -0.278494
vn -0.943386 -0.234664 -0.234425
vn -0.738999 -0.655945 0.153680
vn -0.739246 -0.673120 0.020586
vn -0.934402 0.356071 -0.010283
vn -0.934525 0.347518 -0.076770
vn -0.729177 -0.009514 -0.684259
vn -0.727125 0.124315 -0.675156
vn -0.940460 -0.042377 0.337253
vn -0.939440 0.024554 0.341832
vn -0.720020 0.591406 0.363056
vn -0.721259 0.509439 0.469316
vn -0.943386 -0.234664 -0.234425
vn -0.944004 -0.275628 -0.181346
vn -0.019424 -0.980594 -0.195086
vn -0.760252 -0.636572 -0.129588
vn -0.760493 -0.649346 -0.000000
vn -0.019808 -0.999804 -0.000000
vn -0.536760 -0.827121 -0.166611
vn 0.019364 -0.980623 -0.194946
vn 0.018984 -0.999820 -0.000000
vn -0.537094 -0.843522 0.000000
vn -0.999804 0.019821 0.000003
vn -0.999804 0.019807 0.000005
vn -0.673590 0.618664 0.404390
vn -0.672260 0.685914 0.278548
vn 0.716429 -0.684794 -0.133372
vn -0.019423 -0.980592 -0.195095
vn -0.019803 -0.999804 -0.000000
vn 0.716171 -0.697925 -0.000000
vn -0.019423 -0.980592 -0.195095
vn -0.019423 -0.980593 -0.195092
vn -0.019804 -0.999804 -0.000000
vn -0.019803 -0.999804 -0.000000
vn -0.019423 -0.980593 -0.195092
vn -0.019424 -0.980592 -0.195094
vn -0.019804 -0.999804 -0.000000
vn -0.019804 -0.999804 -0.000000
vn -0.019424 -0.980592 -0.195094
vn -0.019424 -0.980592 -0.195095
vn -0.019804 -0.999804 -0.000000
vn -0.019804 -0.999804 -0.000000
vn -0.019424 -0.980592 -0.195095
vn -0.019423 -0.980592 -0.195095
vn -0.019804 -0.999804 -0.000000
vn -0.019804 -0.999804 -0.000000
vn -0.019423 -0.980592 -0.195095
vn -0.019422 -0.980592 -0.195097
vn -0.019803 -0.999804 -0.000001
vn -0.019804 -0.999804 -0.000000
vn -0.019422 -0.980592 -0.195097
vn -0.019421 -0.980592 -0.195096
vn -0.019802 -0.999804 -0.000001
vn -0.019803 -0.999804 -0.000001
vn -0.019421 -0.980592 -0.195096
vn -0.019420 -0.980592 -0.195093
vn -0.019800 -0.999804 -0.000000
vn -0.019802 -0.999804 -0.000001
vn -0.019420 -0.980592 -0.195093
vn -0.011482 -0.980762 -0.194871
vn -0.011700 -0.999932 -0.000000
vn -0.019800 -0.999804 -0.000000
vn -0.011482 -0.980762 -0.194871
vn -0.000512 -0.980973 -0.194147
vn -0.000466 -1.000000 -0.000000
vn -0.011700 -0.999932 -0.000000
vn -0.996500 -0.063700 -0.054137
vn -0.995720 -0.065702 -0.065000
vn -0.656850 -0.752079 -0.054086
vn -0.669109 -0.737688 0.090050
vn -0.530867 -0.823400 -0.200479
vn -0.853216 -0.483401 -0.195823
vn -0.870203 -0.492693 -0.000000
vn -0.541985 -0.840388 -0.000000
vn -0.973705 -0.113905 -0.197290
vn -0.947567 0.251788 -0.196773
vn -0.966490 0.256703 0.000000
vn -0.993229 -0.116174 -0.000000
vn -0.735235 0.647511 -0.200395
vn -0.334288 0.922136 -0.194720
vn -0.343255 0.939239 0.002608
vn -0.750249 0.661155 -0.000685
vn -0.999768 0.012979 -0.017203
vn -0.999891 0.010126 -0.010746
vn -0.697610 -0.596763 0.396502
vn -0.698382 -0.507060 0.505127
vn -0.743037 0.648263 -0.166284
vn 0.011981 0.983471 -0.180668
vn -0.005457 0.999891 0.013744
vn -0.753912 0.655936 -0.036940
vn 0.011981 0.983471 -0.180668
vn 0.012807 0.983579 -0.180024
vn -0.002905 0.999888 0.014695
vn -0.005457 0.999891 0.013744
vn 0.012807 0.983579 -0.180024
vn 0.014829 0.983534 -0.180117
vn -0.000127 0.999892 0.014690
vn -0.002905 0.999888 0.014695
vn 0.014829 0.983534 -0.180117
vn 0.740603 0.667950 -0.073144
vn 0.731203 0.679489 0.060310
vn -0.000127 0.999892 0.014690
vn 0.854190 -0.104960 0.509258
vn 0.855656 -0.013585 0.517366
vn 0.260351 -0.016628 0.965371
vn 0.257312 -0.199655 0.945478
vn 0.997620 -0.007424 0.068557
vn 0.997619 -0.007421 0.068561
vn 0.719349 -0.402364 -0.566250
vn 0.724864 -0.274956 -0.631642
vn -0.712576 0.680309 -0.171508
vn 0.024409 0.983578 -0.178823
vn 0.012571 0.999792 0.016051
vn -0.720868 0.692030 -0.038002
vn 0.024409 0.983578 -0.178823
vn 0.023972 0.983751 -0.177928
vn 0.011542 0.999799 0.016391
vn 0.012571 0.999792 0.016051
vn 0.079208 0.981212 -0.175924
vn 0.295482 0.939816 -0.171572
vn 0.295650 0.954960 0.025362
vn 0.069603 0.997396 0.018898
vn 0.668076 0.724416 -0.169987
vn 0.915700 0.365633 -0.166752
vn 0.928324 0.370535 0.030297
vn 0.677738 0.734643 0.031157
vn 0.982043 0.089685 -0.165974
vn 0.956921 -0.236311 -0.168699
vn 0.970385 -0.239610 0.030667
vn 0.995399 0.090951 0.030158
vn 0.784430 -0.597492 -0.166353
vn 0.468788 -0.867024 -0.168840
vn 0.475407 -0.879230 0.030696
vn 0.795183 -0.605616 0.030228
vn 0.121616 -0.978473 -0.166734
vn -0.018037 -0.986192 -0.164624
vn -0.018261 -0.999386 0.029906
vn 0.123218 -0.991917 0.030301
vn -0.024850 0.685563 -0.727589
vn -0.022895 0.814325 -0.579958
vn -0.120583 0.809094 -0.575175
vn -0.122523 0.681390 -0.721593
vn -0.738337 -0.613162 0.280875
vn -0.738999 -0.655945 0.153680
vn -0.934525 0.347518 -0.076770
vn -0.934856 0.326120 -0.140324
vn -0.719119 0.651069 0.242853
vn -0.720020 0.591406 0.363056
vn -0.944004 -0.275628 -0.181346
vn -0.944456 -0.305433 -0.121302
vn -0.731196 -0.142546 -0.667108
vn -0.729177 -0.009514 -0.684259
vn -0.939440 0.024554 0.341832
vn -0.938417 0.091102 0.333276
vn -0.737306 -0.546391 0.397287
vn -0.738337 -0.613162 0.280875
vn -0.934856 0.326120 -0.140324
vn -0.935369 0.292743 -0.198462
vn -0.718589 0.686142 0.113308
vn -0.719119 0.651069 0.242853
vn -0.944456 -0.305433 -0.121302
vn -0.944721 -0.322953 -0.056603
vn -0.735976 -0.458166 0.498421
vn -0.737306 -0.546391 0.397287
vn -0.935369 0.292743 -0.198462
vn -0.936035 0.248698 -0.248974
vn -0.733105 -0.269779 -0.624321
vn -0.731196 -0.142546 -0.667108
vn -0.938417 0.091102 0.333276
vn -0.937470 0.154564 0.311865
vn -0.018295 -0.923703 -0.382673
vn -0.759506 -0.598782 -0.254187
vn -0.760252 -0.636572 -0.129588
vn -0.019424 -0.980594 -0.195086
vn -0.535793 -0.778540 -0.326806
vn 0.020491 -0.923771 -0.382398
vn 0.019364 -0.980623 -0.194946
vn -0.536760 -0.827121 -0.166611
vn 0.999804 -0.019800 -0.000004
vn 0.999804 -0.019811 0.000009
vn 0.693594 0.390713 -0.605202
vn 0.695771 0.500987 -0.514699
vn 0.717191 -0.645908 -0.261611
vn -0.018296 -0.923695 -0.382691
vn -0.019423 -0.980592 -0.195095
vn 0.716429 -0.684794 -0.133372
vn -0.018296 -0.923695 -0.382691
vn -0.018296 -0.923696 -0.382689
vn -0.019423 -0.980593 -0.195092
vn -0.019423 -0.980592 -0.195095
vn -0.018296 -0.923696 -0.382689
vn -0.018297 -0.923696 -0.382690
vn -0.019424 -0.980592 -0.195094
vn -0.019423 -0.980593 -0.195092
vn -0.018297 -0.923696 -0.382690
vn -0.018297 -0.923696 -0.382690
vn -0.019424 -0.980592 -0.195095
vn -0.019424 -0.980592 -0.195094
vn -0.018297 -0.923696 -0.382690
vn -0.018296 -0.923696 -0.382690
vn -0.019423 -0.980592 -0.195095
vn -0.019424 -0.980592 -0.195095
vn -0.018296 -0.923696 -0.382690
vn -0.018295 -0.923696 -0.382689
vn -0.019422 -0.980592 -0.195097
vn -0.019423 -0.980592 -0.195095
vn -0.018295 -0.923696 -0.382689
vn -0.018295 -0.923698 -0.382686
vn -0.019421 -0.980592 -0.195096
vn -0.019422 -0.980592 -0.195097
vn -0.018295 -0.923698 -0.382686
vn -0.018294 -0.923699 -0.382682
vn -0.019420 -0.980592 -0.195093
vn -0.019421 -0.980592 -0.195096
vn -0.018294 -0.923699 -0.382682
vn -0.010836 -0.923979 -0.382290
vn -0.011482 -0.980762 -0.194871
vn -0.019420 -0.980592 -0.195093
vn -0.010836 -0.923979 -0.382290
vn -0.000635 -0.924557 -0.381042
vn -0.000512 -0.980973 -0.194147
vn -0.011482 -0.980762 -0.194871
vn 0.999327 -0.031223 0.019231
vn 0.999801 -0.019702 -0.003020
vn 0.687645 -0.014519 0.725902
vn 0.676967 -0.161620 0.718049
vn -0.498113 -0.773311 -0.392267
vn -0.802863 -0.455757 -0.384313
vn -0.853216 -0.483401 -0.195823
vn -0.530867 -0.823400 -0.200479
vn -0.915932 -0.107183 -0.386756
vn -0.891543 0.237190 -0.385866
vn -0.947567 0.251788 -0.196773
vn -0.973705 -0.113905 -0.197290
vn -0.690752 0.607886 -0.391583
vn -0.312540 0.868613 -0.384486
vn -0.334288 0.922136 -0.194720
vn -0.735235 0.647511 -0.200395
vn 0.994096 0.087713 0.063866
vn 0.994525 0.089974 0.053156
vn 0.649185 0.759224 0.046235
vn 0.638793 0.745669 0.189532
vn -0.731540 0.615896 -0.292440
vn 0.028940 0.929329 -0.368118
vn 0.011981 0.983471 -0.180668
vn -0.743037 0.648263 -0.166284
vn 0.028940 0.929329 -0.368118
vn 0.028028 0.929469 -0.367833
vn 0.012807 0.983579 -0.180024
vn 0.011981 0.983471 -0.180668
vn 0.028028 0.929469 -0.367833
vn 0.029214 0.929372 -0.367988
vn 0.014829 0.983534 -0.180117
vn 0.012807 0.983579 -0.180024
vn 0.029214 0.929372 -0.367988
vn 0.749518 0.630508 -0.201699
vn 0.740603 0.667950 -0.073144
vn 0.014829 0.983534 -0.180117
vn -0.806731 0.588120 -0.057436
vn -0.831951 0.552594 0.049978
vn -0.227552 0.953344 0.198381
vn -0.187006 0.982289 0.011727
vn 0.855829 0.077864 0.511365
vn 0.854721 0.168221 0.491075
vn 0.260976 0.344561 0.901759
vn 0.261602 0.166826 0.950649
vn -0.704904 0.642706 -0.300066
vn 0.035323 0.929601 -0.366872
vn 0.024409 0.983578 -0.178823
vn -0.712576 0.680309 -0.171508
vn 0.035323 0.929601 -0.366872
vn 0.035545 0.930074 -0.365648
vn 0.023972 0.983751 -0.177928
vn 0.024409 0.983578 -0.178823
vn 0.085995 0.927341 -0.364203
vn 0.284386 0.887888 -0.361635
vn 0.295482 0.939816 -0.171572
vn 0.079208 0.981212 -0.175924
vn 0.631501 0.684715 -0.363829
vn 0.867221 0.346766 -0.357325
vn 0.915700 0.365633 -0.166752
vn 0.668076 0.724416 -0.169987
vn 0.930717 0.084835 -0.355764
vn 0.905326 -0.223668 -0.361051
vn 0.956921 -0.236311 -0.168699
vn 0.982043 0.089685 -0.165974
vn 0.743110 -0.566237 -0.356599
vn 0.443410 -0.820255 -0.361345
vn 0.468788 -0.867024 -0.168840
vn 0.784430 -0.597492 -0.166353
vn 0.115442 -0.926852 -0.357237
vn -0.017178 -0.935461 -0.353014
vn -0.018037 -0.986192 -0.164624
vn 0.121616 -0.978473 -0.166734
vn -0.029027 0.410533 0.911384
vn -0.031847 0.224851 0.973873
vn -0.129463 0.224491 0.965838
vn -0.126665 0.408626 0.903870
vn -0.718457 0.695267 -0.020586
vn -0.718589 0.686142 0.113308
vn -0.944721 -0.322953 -0.056603
vn -0.944789 -0.327518 0.010280
vn -0.734386 -0.351918 0.580372
vn -0.735976 -0.458166 0.498421
vn -0.936035 0.248698 -0.248974
vn -0.936829 0.195636 -0.289961
vn -0.734881 -0.386159 -0.557522
vn -0.733105 -0.269779 -0.624321
vn -0.937470 0.154564 0.311865
vn -0.936583 0.212719 0.278502
vn -0.718725 0.678097 -0.153683
vn -0.718457 0.695267 -0.020586
vn -0.944789 -0.327518 0.010280
vn -0.944655 -0.318958 0.076765
vn -0.736423 -0.487282 -0.469295
vn -0.734881 -0.386159 -0.557522
vn -0.936583 0.212719 0.278502
vn -0.935813 0.263232 0.234442
vn -0.732554 -0.231740 0.640048
vn -0.734386 -0.351918 0.580372
vn -0.936829 0.195636 -0.289961
vn -0.937745 0.135579 -0.319770
vn -0.719363 0.635309 -0.280892
vn -0.718725 0.678097 -0.153683
vn -0.944655 -0.318958 0.076765
vn -0.944338 -0.297557 0.140306
vn -0.016468 -0.831301 -0.555578
vn -0.758275 -0.537411 -0.369064
vn -0.759506 -0.598782 -0.254187
vn -0.018295 -0.923703 -0.382673
vn -0.534230 -0.699631 -0.474462
vn 0.022320 -0.831451 -0.555149
vn 0.020491 -0.923771 -0.382398
vn -0.535793 -0.778540 -0.326806
vn 0.999804 -0.019815 0.000020
vn 0.999804 -0.019800 -0.000003
vn 0.697550 0.591503 -0.404411
vn 0.698904 0.658750 -0.278533
vn 0.718441 -0.582754 -0.379789
vn -0.016466 -0.831306 -0.555572
vn -0.018296 -0.923695 -0.382691
vn 0.717191 -0.645908 -0.261611
vn -0.016466 -0.831306 -0.555572
vn -0.016466 -0.831306 -0.555572
vn -0.018296 -0.923696 -0.382689
vn -0.018296 -0.923695 -0.382691
vn -0.016466 -0.831306 -0.555572
vn -0.016466 -0.831305 -0.555573
vn -0.018297 -0.923696 -0.382690
vn -0.018296 -0.923696 -0.382689
vn -0.016466 -0.831305 -0.555573
vn -0.016467 -0.831304 -0.555574
vn -0.018297 -0.923696 -0.382690
vn -0.018297 -0.923696 -0.382690
vn -0.016467 -0.831304 -0.555574
vn -0.016466 -0.831304 -0.555574
vn -0.018296 -0.923696 -0.382690
vn -0.018297 -0.923696 -0.382690
vn -0.016466 -0.831304 -0.555574
vn -0.016466 -0.831306 -0.555572
vn -0.018295 -0.923696 -0.382689
vn -0.018296 -0.923696 -0.382690
vn -0.016466 -0.831306 -0.555572
vn -0.016465 -0.831307 -0.555570
vn -0.018295 -0.923698 -0.382686
vn -0.018295 -0.923696 -0.382689
vn -0.016465 -0.831307 -0.555570
vn -0.016464 -0.831309 -0.555567
vn -0.018294 -0.923699 -0.382682
vn -0.018295 -0.923698 -0.382686
vn -0.016464 -0.831309 -0.555567
vn -0.009782 -0.831736 -0.555086
vn -0.010836 -0.923979 -0.382290
vn -0.018294 -0.923699 -0.382682
vn -0.009782 -0.831736 -0.555086
vn -0.000797 -0.832754 -0.553643
vn -0.000635 -0.924557 -0.381042
vn -0.010836 -0.923979 -0.382290
vn -0.999891 0.010126 -0.010746
vn -0.999971 0.005526 -0.005283
vn -0.696429 -0.663649 0.273050
vn -0.697610 -0.596763 0.396502
vn -0.445437 -0.692602 -0.567352
vn -0.721003 -0.410506 -0.558247
vn -0.802863 -0.455757 -0.384313
vn -0.498113 -0.773311 -0.392267
vn -0.822266 -0.096250 -0.560905
vn -0.800633 0.213389 -0.559868
vn -0.891543 0.237190 -0.385866
vn -0.915932 -0.107183 -0.386756
vn -0.618889 0.544205 -0.566407
vn -0.278602 0.780856 -0.559147
vn -0.312540 0.868613 -0.384486
vn -0.690752 0.607886 -0.391583
vn 0.994525 0.089974 0.053156
vn 0.995214 0.088013 0.042469
vn 0.660798 0.744376 -0.096174
vn 0.649185 0.759224 0.046235
vn -0.719832 0.559548 -0.410788
vn 0.044774 0.839538 -0.541452
vn 0.028940 0.929329 -0.368118
vn -0.731540 0.615896 -0.292440
vn 0.044774 0.839538 -0.541452
vn 0.042173 0.839638 -0.541507
vn 0.028028 0.929469 -0.367833
vn 0.028940 0.929329 -0.368118
vn 0.042173 0.839638 -0.541507
vn 0.042476 0.839488 -0.541716
vn 0.029214 0.929372 -0.367988
vn 0.028028 0.929469 -0.367833
vn 0.042476 0.839488 -0.541716
vn 0.757588 0.568665 -0.320437
vn 0.749518 0.630508 -0.201699
vn 0.029214 0.929372 -0.367988
vn 0.997619 -0.007424 0.068563
vn 0.997619 -0.007424 0.068561
vn 0.704454 -0.606878 -0.368026
vn 0.712439 -0.514464 -0.477240
vn -0.984274 0.163168 -0.067682
vn -0.903203 0.421510 -0.080959
vn -0.246124 0.964587 -0.094842
vn -0.557071 0.796841 -0.233915
vn -0.698119 0.580765 -0.418739
vn 0.044885 0.839894 -0.540891
vn 0.035323 0.929601 -0.366872
vn -0.704904 0.642706 -0.300066
vn 0.044885 0.839894 -0.540891
vn 0.045781 0.840663 -0.539621
vn 0.035545 0.930074 -0.365648
vn 0.035323 0.929601 -0.366872
vn 0.089568 0.837683 -0.538762
vn 0.262573 0.801333 -0.537513
vn 0.284386 0.887888 -0.361635
vn 0.085995 0.927341 -0.364203
vn 0.569818 0.617540 -0.542174
vn 0.784807 0.314521 -0.533999
vn 0.867221 0.346766 -0.357325
vn 0.631501 0.684715 -0.363829
vn 0.843312 0.076626 -0.531934
vn 0.817953 -0.202218 -0.538573
vn 0.905326 -0.223668 -0.361051
vn 0.930717 0.084835 -0.355764
vn 0.672734 -0.512924 -0.533233
vn 0.400454 -0.741051 -0.538961
vn 0.443410 -0.820255 -0.361345
vn 0.743110 -0.566237 -0.356599
vn 0.104872 -0.839092 -0.533785
vn -0.015733 -0.848973 -0.528202
vn -0.017178 -0.935461 -0.353014
vn 0.115442 -0.926852 -0.357237
vn -0.049443 -0.933747 -0.354503
vn -0.048120 -0.846639 -0.529988
vn -0.145602 -0.838169 -0.525616
vn -0.146914 -0.924557 -0.351582
vn -0.737661 -0.569257 -0.363047
vn -0.736423 -0.487282 -0.469295
vn -0.935813 0.263232 0.234442
vn -0.935196 0.304165 0.181361
vn -0.730551 -0.102223 0.675164
vn -0.732554 -0.231740 0.640048
vn -0.937745 0.135579 -0.319770
vn -0.938750 0.070862 -0.337235
vn -0.720374 0.568526 -0.397291
vn -0.719363 0.635309 -0.280892
vn -0.944338 -0.297557 0.140306
vn -0.943834 -0.264191 0.198446
vn -0.728505 0.031654 0.684309
vn -0.730551 -0.102223 0.675164
vn -0.938750 0.070862 -0.337235
vn -0.939771 0.003988 -0.341782
vn -0.738570 -0.628922 -0.242843
vn -0.737661 -0.569257 -0.363047
vn -0.935196 0.304165 0.181361
vn -0.934740 0.333982 0.121316
vn -0.721733 0.480305 -0.498406
vn -0.720374 0.568526 -0.397291
vn -0.943834 -0.264191 0.198446
vn -0.943152 -0.220163 0.248984
vn -0.726492 0.164744 0.667135
vn -0.728505 0.031654 0.684309
vn -0.939771 0.003988 -0.341782
vn -0.940776 -0.062485 -0.333221
vn -0.014007 -0.706956 -0.707119
vn -0.756621 -0.454825 -0.469743
vn -0.758275 -0.537411 -0.369064
vn -0.016468 -0.831301 -0.555578
vn -0.532133 -0.593429 -0.603884
vn 0.024781 -0.707200 -0.706579
vn 0.022320 -0.831451 -0.555149
vn -0.534230 -0.699631 -0.474462
vn -0.999804 0.019807 0.000005
vn -0.999804 0.019795 0.000000
vn -0.675375 0.528163 0.514697
vn -0.673590 0.618664 0.404390
vn 0.720122 -0.497760 -0.483384
vn -0.014004 -0.706979 -0.707096
vn -0.016466 -0.831306 -0.555572
vn 0.718441 -0.582754 -0.379789
vn -0.014004 -0.706979 -0.707096
vn -0.014004 -0.706977 -0.707098
vn -0.016466 -0.831306 -0.555572
vn -0.016466 -0.831306 -0.555572
vn -0.014004 -0.706977 -0.707098
vn -0.014004 -0.706978 -0.707097
vn -0.016466 -0.831305 -0.555573
vn -0.016466 -0.831306 -0.555572
vn -0.014004 -0.706978 -0.707097
vn -0.014004 -0.706978 -0.707097
vn -0.016467 -0.831304 -0.555574
vn -0.016466 -0.831305 -0.555573
vn -0.014004 -0.706978 -0.707097
vn -0.014004 -0.706977 -0.707098
vn -0.016466 -0.831304 -0.555574
vn -0.016467 -0.831304 -0.555574
vn -0.014004 -0.706977 -0.707098
vn -0.014003 -0.706979 -0.707096
vn -0.016466 -0.831306 -0.555572
vn -0.016466 -0.831304 -0.555574
vn -0.014003 -0.706979 -0.707096
vn -0.014003 -0.706981 -0.707094
vn -0.016465 -0.831307 -0.555570
vn -0.016466 -0.831306 -0.555572
vn -0.014003 -0.706981 -0.707094
vn -0.014002 -0.706985 -0.707090
vn -0.016464 -0.831309 -0.555567
vn -0.016465 -0.831307 -0.555570
vn -0.014002 -0.706985 -0.707090
vn -0.008353 -0.707552 -0.706612
vn -0.009782 -0.831736 -0.555086
vn -0.016464 -0.831309 -0.555567
vn -0.008353 -0.707552 -0.706612
vn -0.000936 -0.708890 -0.705319
vn -0.000797 -0.832754 -0.553643
vn -0.009782 -0.831736 -0.555086
vn -0.999971 0.005526 -0.005283
vn -0.999997 0.001406 -0.001887
vn -0.695469 -0.704947 0.139189
vn -0.696429 -0.663649 0.273050
vn -0.375429 -0.585047 -0.718869
vn -0.610777 -0.349033 -0.710723
vn -0.721003 -0.410506 -0.558247
vn -0.445437 -0.692602 -0.567352
vn -0.696520 -0.081518 -0.712892
vn -0.678463 0.181204 -0.711937
vn -0.800633 0.213389 -0.559868
vn -0.822266 -0.096250 -0.560905
vn -0.522883 0.459389 -0.718022
vn -0.233523 0.662473 -0.711756
vn -0.278602 0.780856 -0.559147
vn -0.618889 0.544205 -0.566407
vn 0.992279 -0.080626 -0.094242
vn 0.985671 -0.129229 -0.108412
vn 0.742875 0.469008 0.477671
vn 0.727493 0.375744 0.574082
vn -0.708303 0.480895 -0.516766
vn 0.058879 0.717554 -0.694010
vn 0.044774 0.839538 -0.541452
vn -0.719832 0.559548 -0.410788
vn 0.058879 0.717554 -0.694010
vn 0.054695 0.717556 -0.694350
vn 0.042173 0.839638 -0.541507
vn 0.044774 0.839538 -0.541452
vn 0.054695 0.717556 -0.694350
vn 0.054103 0.717365 -0.694593
vn 0.042476 0.839488 -0.541716
vn 0.042173 0.839638 -0.541507
vn 0.054103 0.717365 -0.694593
vn 0.764520 0.484846 -0.424774
vn 0.757588 0.568665 -0.320437
vn 0.042476 0.839488 -0.541716
vn 0.852256 0.256129 0.456133
vn 0.848361 0.339795 0.405985
vn 0.253308 0.659150 0.708065
vn 0.258303 0.510595 0.820105
vn 0.984581 -0.164047 0.060743
vn 0.905245 -0.423916 0.028748
vn 0.252032 -0.963508 -0.090177
vn 0.581854 -0.792656 -0.182051
vn -0.692506 0.496901 -0.522996
vn 0.052717 0.717874 -0.694175
vn 0.044885 0.839894 -0.540891
vn -0.698119 0.580765 -0.418739
vn 0.052717 0.717874 -0.694175
vn 0.054240 0.718797 -0.693101
vn 0.045781 0.840663 -0.539621
vn 0.044885 0.839894 -0.540891
vn 0.089615 0.715527 -0.692813
vn 0.230552 0.683670 -0.692416
vn 0.262573 0.801333 -0.537513
vn 0.089568 0.837683 -0.538762
vn 0.485908 0.526154 -0.697893
vn 0.671727 0.269951 -0.689862
vn 0.784807 0.314521 -0.533999
vn 0.569818 0.617540 -0.542174
vn 0.723083 0.065435 -0.687655
vn 0.698670 -0.172859 -0.694248
vn 0.817953 -0.202218 -0.538573
vn 0.843312 0.076626 -0.531934
vn 0.575960 -0.439463 -0.689306
vn 0.341821 -0.632927 -0.694667
vn 0.400454 -0.741051 -0.538961
vn 0.672734 -0.512924 -0.533233
vn 0.090226 -0.718658 -0.689485
vn -0.013782 -0.729799 -0.683523
vn -0.015733 -0.848973 -0.528202
vn 0.104872 -0.839092 -0.533785
vn -0.022895 0.814325 -0.579958
vn -0.021414 0.911817 -0.410037
vn -0.119115 0.905784 -0.406653
vn -0.120583 0.809094 -0.575175
vn -0.739101 -0.663997 -0.113302
vn -0.738570 -0.628922 -0.242843
vn -0.934740 0.333982 0.121316
vn -0.934475 0.351501 0.056600
vn -0.723339 0.374069 -0.580390
vn -0.721733 0.480305 -0.498406
vn -0.943152 -0.220163 0.248984
vn -0.942351 -0.167081 0.289929
vn -0.724567 0.291923 0.624326
vn -0.726492 0.164744 0.667135
vn -0.940776 -0.062485 -0.333221
vn -0.941737 -0.126014 -0.311852
vn -0.016653 -0.727874 -0.685508
vn -0.014410 -0.580160 -0.814375
vn -0.029258 -0.579825 -0.814216
vn -0.031501 -0.727508 -0.685376
vn -0.008111 -0.165398 0.986194
vn -0.010984 -0.354603 0.934952
vn -0.025833 -0.354305 0.934773
vn -0.022960 -0.165148 0.986002
vn -0.014410 -0.580160 -0.814375
vn -0.011828 -0.410162 -0.911936
vn -0.026676 -0.409842 -0.911766
vn -0.029258 -0.579825 -0.814216
vn -0.010984 -0.354603 0.934952
vn -0.013651 -0.530167 0.847783
vn -0.028499 -0.529838 0.847620
vn -0.025833 -0.354305 0.934773
vn -0.011006 -0.555442 -0.831482
vn -0.754642 -0.354169 -0.552341
vn -0.756621 -0.454825 -0.469743
vn -0.014007 -0.706956 -0.707119
vn -0.529552 -0.464058 -0.710088
vn 0.027777 -0.555805 -0.830849
vn 0.024781 -0.707200 -0.706579
vn -0.532133 -0.593429 -0.603884
vn 0.999804 -0.019805 -0.000007
vn 0.999804 -0.019815 0.000011
vn 0.699716 0.700169 -0.141990
vn 0.699994 0.714149 -0.000003
vn 0.722177 -0.394172 -0.568409
vn -0.011002 -0.555465 -0.831467
vn -0.014004 -0.706979 -0.707096
vn 0.720122 -0.497760 -0.483384
vn -0.011002 -0.555465 -0.831467
vn -0.011002 -0.555465 -0.831467
vn -0.014004 -0.706977 -0.707098
vn -0.014004 -0.706979 -0.707096
vn -0.011002 -0.555465 -0.831467
vn -0.011003 -0.555466 -0.831466
vn -0.014004 -0.706978 -0.707097
vn -0.014004 -0.706977 -0.707098
vn -0.011003 -0.555466 -0.831466
vn -0.011003 -0.555468 -0.831465
vn -0.014004 -0.706978 -0.707097
vn -0.014004 -0.706978 -0.707097
vn -0.011003 -0.555468 -0.831465
vn -0.011003 -0.555468 -0.831465
vn -0.014004 -0.706977 -0.707098
vn -0.014004 -0.706978 -0.707097
vn -0.011003 -0.555468 -0.831465
vn -0.011002 -0.555468 -0.831465
vn -0.014003 -0.706979 -0.707096
vn -0.014004 -0.706977 -0.707098
vn -0.011002 -0.555468 -0.831465
vn -0.011002 -0.555470 -0.831464
vn -0.014003 -0.706981 -0.707094
vn -0.014003 -0.706979 -0.707096
vn -0.011002 -0.555470 -0.831464
vn -0.011002 -0.555474 -0.831461
vn -0.014002 -0.706985 -0.707090
vn -0.014003 -0.706981 -0.707094
vn -0.011002 -0.555474 -0.831461
vn -0.006595 -0.556134 -0.831066
vn -0.008353 -0.707552 -0.706612
vn -0.014002 -0.706985 -0.707090
vn -0.006595 -0.556134 -0.831066
vn -0.000983 -0.557503 -0.830174
vn -0.000936 -0.708890 -0.705319
vn -0.008353 -0.707552 -0.706612
vn 0.995214 0.088013 0.042469
vn 0.996065 0.082121 0.033335
vn 0.673211 0.702023 -0.232274
vn 0.660798 0.744376 -0.096174
vn -0.291265 -0.455244 -0.841379
vn -0.476529 -0.273428 -0.835558
vn -0.610777 -0.349033 -0.710723
vn -0.375429 -0.585047 -0.718869
vn -0.543737 -0.063558 -0.836846
vn -0.529877 0.141790 -0.836137
vn -0.678463 0.181204 -0.711937
vn -0.696520 -0.081518 -0.712892
vn -0.406815 0.357072 -0.840834
vn -0.178853 0.518343 -0.836261
vn -0.233523 0.662473 -0.711756
vn -0.522883 0.459389 -0.718022
vn -0.999997 0.001406 -0.001887
vn -1.000000 -0.000239 -0.000000
vn -0.695101 -0.718912 -0.000000
vn -0.695469 -0.704947 0.139189
vn -0.697418 0.382373 -0.606135
vn 0.070726 0.567986 -0.819994
vn 0.058879 0.717554 -0.694010
vn -0.708303 0.480895 -0.516766
vn 0.070726 0.567986 -0.819994
vn 0.065116 0.567878 -0.820533
vn 0.054695 0.717556 -0.694350
vn 0.058879 0.717554 -0.694010
vn 0.065116 0.567878 -0.820533
vn 0.063652 0.567665 -0.820796
vn 0.054103 0.717365 -0.694593
vn 0.054695 0.717556 -0.694350
vn 0.063652 0.567665 -0.820796
vn 0.770052 0.382297 -0.510754
vn 0.764520 0.484846 -0.424774
vn 0.054103 0.717365 -0.694593
vn -0.997747 0.009675 -0.066395
vn -0.997746 0.009678 -0.066398
vn -0.652179 0.617866 -0.439209
vn -0.646186 0.528709 -0.550373
vn 0.842931 0.416829 0.340179
vn 0.835861 0.484197 0.258632
vn 0.235272 0.882497 0.407242
vn 0.245722 0.784767 0.569001
vn -0.688278 0.394380 -0.608883
vn 0.058508 0.568202 -0.820806
vn 0.052717 0.717874 -0.694175
vn -0.692506 0.496901 -0.522996
vn 0.058508 0.568202 -0.820806
vn 0.060542 0.569039 -0.820079
vn 0.054240 0.718797 -0.693101
vn 0.052717 0.717874 -0.694175
vn 0.085959 0.565490 -0.820264
vn 0.189225 0.539643 -0.820353
vn 0.230552 0.683670 -0.692416
vn 0.089615 0.715527 -0.692813
vn 0.383485 0.414749 -0.825180
vn 0.532526 0.214638 -0.818747
vn 0.671727 0.269951 -0.689862
vn 0.485908 0.526154 -0.697893
vn 0.574650 0.051760 -0.816761
vn 0.552609 -0.136817 -0.822134
vn 0.698670 -0.172859 -0.694248
vn 0.723083 0.065435 -0.687655
vn 0.456599 -0.348644 -0.818514
vn 0.270056 -0.500521 -0.822526
vn 0.341821 -0.632927 -0.694667
vn 0.575960 -0.439463 -0.689306
vn 0.071985 -0.570373 -0.818225
vn -0.011430 -0.582329 -0.812873
vn -0.013782 -0.729799 -0.683523
vn 0.090226 -0.718658 -0.689485
vn -0.031847 0.224851 0.973873
vn -0.034798 0.030577 0.998927
vn -0.132389 0.031817 0.990687
vn -0.129463 0.224491 0.965838
vn 0.009200 0.974431 -0.224498
vn 0.009581 0.999502 -0.030070
vn -0.005271 0.999534 -0.030070
vn -0.005652 0.974470 -0.224448
vn -0.011828 -0.410162 -0.911936
vn -0.009006 -0.224385 -0.974459
vn -0.023855 -0.224112 -0.974271
vn -0.026676 -0.409842 -0.911766
vn -0.013651 -0.530167 0.847783
vn -0.016007 -0.685346 0.728042
vn -0.030855 -0.684993 0.727896
vn -0.028499 -0.529838 0.847620
vn 0.009581 0.999502 -0.030070
vn 0.009379 0.986163 0.165512
vn -0.005473 0.986199 0.165474
vn -0.005271 0.999534 -0.030070
vn -0.009006 -0.224385 -0.974459
vn -0.006054 -0.029987 -0.999532
vn -0.020903 -0.029769 -0.999338
vn -0.023855 -0.224112 -0.974271
vn -0.016007 -0.685346 0.728042
vn -0.017964 -0.814193 0.580316
vn -0.032811 -0.813809 0.580205
vn -0.030855 -0.684993 0.727896
vn 0.009379 0.986163 0.165512
vn 0.008601 0.934930 0.354727
vn -0.006251 0.934976 0.354655
vn -0.005473 0.986199 0.165474
vn -0.007582 -0.382643 -0.923865
vn -0.752352 -0.239392 -0.613725
vn -0.754642 -0.354169 -0.552341
vn -0.011006 -0.555442 -0.831482
vn -0.526652 -0.316449 -0.788985
vn 0.031195 -0.383093 -0.923183
vn 0.027777 -0.555805 -0.830849
vn -0.529552 -0.464058 -0.710088
vn -0.999804 0.019795 0.000000
vn -0.999804 0.019797 -0.000015
vn -0.677570 0.417877 0.605209
vn -0.675375 0.528163 0.514697
vn 0.724510 -0.276001 -0.631593
vn -0.007578 -0.382603 -0.923882
vn -0.011002 -0.555465 -0.831467
vn 0.722177 -0.394172 -0.568409
vn -0.007578 -0.382603 -0.923882
vn -0.007578 -0.382603 -0.923882
vn -0.011002 -0.555465 -0.831467
vn -0.011002 -0.555465 -0.831467
vn -0.007578 -0.382603 -0.923882
vn -0.007579 -0.382602 -0.923882
vn -0.011003 -0.555466 -0.831466
vn -0.011002 -0.555465 -0.831467
vn -0.007579 -0.382602 -0.923882
vn -0.007579 -0.382603 -0.923882
vn -0.011003 -0.555468 -0.831465
vn -0.011003 -0.555466 -0.831466
vn -0.007579 -0.382603 -0.923882
vn -0.007578 -0.382604 -0.923881
vn -0.011003 -0.555468 -0.831465
vn -0.011003 -0.555468 -0.831465
vn -0.007578 -0.382604 -0.923881
vn -0.007578 -0.382604 -0.923882
vn -0.011002 -0.555468 -0.831465
vn -0.011003 -0.555468 -0.831465
vn -0.007578 -0.382604 -0.923882
vn -0.007578 -0.382604 -0.923881
vn -0.011002 -0.555470 -0.831464
vn -0.011002 -0.555468 -0.831465
vn -0.007578 -0.382604 -0.923881
vn -0.007578 -0.382608 -0.923880
vn -0.011002 -0.555474 -0.831461
vn -0.011002 -0.555470 -0.831464
vn -0.007578 -0.382608 -0.923880
vn -0.004568 -0.383287 -0.923618
vn -0.006595 -0.556134 -0.831066
vn -0.011002 -0.555474 -0.831461
vn -0.004568 -0.383287 -0.923618
vn -0.000868 -0.384327 -0.923196
vn -0.000983 -0.557503 -0.830174
vn -0.006595 -0.556134 -0.831066
vn -0.998786 -0.019480 -0.045254
vn -0.998808 -0.028286 -0.039782
vn -0.649203 0.406833 -0.642669
vn -0.639095 0.283689 -0.714897
vn -0.196529 -0.308438 -0.930722
vn -0.323749 -0.186546 -0.927571
vn -0.476529 -0.273428 -0.835558
vn -0.291265 -0.455244 -0.841379
vn -0.370061 -0.043092 -0.928008
vn -0.360844 0.096657 -0.927604
vn -0.529877 0.141790 -0.836137
vn -0.543737 -0.063558 -0.836846
vn -0.275441 0.241445 -0.930504
vn -0.116663 0.354378 -0.927796
vn -0.178853 0.518343 -0.836261
vn -0.406815 0.357072 -0.840834
vn 0.996065 0.082121 0.033335
vn 0.996950 0.073188 0.027082
vn 0.685906 0.634101 -0.356999
vn 0.673211 0.702023 -0.232274
vn -0.687543 0.267383 -0.675124
vn 0.079868 0.396545 -0.914535
vn 0.070726 0.567986 -0.819994
vn -0.697418 0.382373 -0.606135
vn 0.079868 0.396545 -0.914535
vn 0.073036 0.396373 -0.915180
vn 0.065116 0.567878 -0.820533
vn 0.070726 0.567986 -0.819994
vn 0.073036 0.396373 -0.915180
vn 0.070754 0.396165 -0.915449
vn 0.063652 0.567665 -0.820796
vn 0.065116 0.567878 -0.820533
vn 0.070754 0.396165 -0.915449
vn 0.773966 0.264994 -0.575113
vn 0.770052 0.382297 -0.510754
vn 0.063652 0.567665 -0.820796
vn -0.997746 0.009678 -0.066411
vn -0.997746 0.009680 -0.066401
vn -0.641679 0.419618 -0.642004
vn -0.638780 0.294819 -0.710663
vn 0.827152 0.538116 0.162021
vn 0.816968 0.574317 0.052189
vn 0.205564 0.977910 0.037901
vn 0.221827 0.948032 0.228097
vn -0.685585 0.277172 -0.673164
vn 0.062023 0.396611 -0.915889
vn 0.058508 0.568202 -0.820806
vn -0.688278 0.394380 -0.608883
vn 0.062023 0.396611 -0.915889
vn 0.064398 0.397109 -0.915510
vn 0.060542 0.569039 -0.820079
vn 0.058508 0.568202 -0.820806
vn 0.078596 0.393370 -0.916015
vn 0.139933 0.374989 -0.916407
vn 0.189225 0.539643 -0.820353
vn 0.085959 0.565490 -0.820264
vn 0.266791 0.288069 -0.919695
vn 0.372821 0.150647 -0.915593
vn 0.532526 0.214638 -0.818747
vn 0.383485 0.414749 -0.825180
vn 0.403825 0.036198 -0.914120
vn 0.385775 -0.095534 -0.917634
vn 0.552609 -0.136817 -0.822134
vn 0.574650 0.051760 -0.816761
vn 0.319418 -0.244034 -0.915652
vn 0.188127 -0.349258 -0.917947
vn 0.270056 -0.500521 -0.822526
vn 0.456599 -0.348644 -0.818514
vn 0.050778 -0.400136 -0.915048
vn -0.008800 -0.412114 -0.911090
vn -0.011430 -0.582329 -0.812873
vn 0.071985 -0.570373 -0.818225
vn -0.048120 -0.846639 -0.529988
vn -0.046303 -0.726977 -0.685098
vn -0.143799 -0.719497 -0.679445
vn -0.145602 -0.838169 -0.525616
vn -0.017964 -0.814193 0.580316
vn -0.019446 -0.911748 0.410290
vn -0.034293 -0.911346 0.410209
vn -0.032811 -0.813809 0.580205
vn -0.006054 -0.029987 -0.999532
vn -0.003084 0.165557 -0.986195
vn -0.017934 0.165748 -0.986005
vn -0.020903 -0.029769 -0.999338
vn 0.008601 0.934930 0.354727
vn 0.007277 0.847773 0.530309
vn -0.007575 0.847838 0.530202
vn -0.006251 0.934976 0.354655
vn -0.019446 -0.911748 0.410290
vn -0.020395 -0.974262 0.224496
vn -0.035242 -0.973848 0.224450
vn -0.034293 -0.911346 0.410209
vn -0.003084 0.165557 -0.986195
vn -0.000211 0.354771 -0.934953
vn -0.015061 0.354925 -0.934773
vn -0.017934 0.165748 -0.986005
vn 0.007277 0.847773 0.530309
vn 0.005459 0.728048 0.685505
vn -0.009393 0.728126 0.685379
vn -0.007575 0.847838 0.530202
vn -0.020395 -0.974262 0.224496
vn -0.020776 -0.999332 0.030067
vn -0.035623 -0.998913 0.030067
vn -0.035242 -0.973848 0.224450
vn -0.003865 -0.195089 -0.980778
vn -0.749913 -0.114786 -0.651502
vn -0.752352 -0.239392 -0.613725
vn -0.007582 -0.382643 -0.923865
vn -0.523456 -0.156277 -0.837599
vn 0.034908 -0.195687 -0.980045
vn 0.031195 -0.383093 -0.923183
vn -0.526652 -0.316449 -0.788985
vn -0.999804 0.019797 -0.000015
vn -0.999804 0.019799 -0.000015
vn -0.680069 0.292071 0.672458
vn -0.677570 0.417877 0.605209
vn 0.727049 -0.147818 -0.670484
vn -0.003864 -0.195087 -0.980778
vn -0.007578 -0.382603 -0.923882
vn 0.724510 -0.276001 -0.631593
vn -0.003864 -0.195087 -0.980778
vn -0.003864 -0.195087 -0.980778
vn -0.007578 -0.382603 -0.923882
vn -0.007578 -0.382603 -0.923882
vn -0.003864 -0.195087 -0.980778
vn -0.003864 -0.195086 -0.980779
vn -0.007579 -0.382602 -0.923882
vn -0.007578 -0.382603 -0.923882
vn -0.003864 -0.195086 -0.980779
vn -0.003864 -0.195086 -0.980779
vn -0.007579 -0.382603 -0.923882
vn -0.007579 -0.382602 -0.923882
vn -0.003864 -0.195086 -0.980779
vn -0.003864 -0.195086 -0.980779
vn -0.007578 -0.382604 -0.923881
vn -0.007579 -0.382603 -0.923882
vn -0.003864 -0.195086 -0.980779
vn -0.003864 -0.195087 -0.980778
vn -0.007578 -0.382604 -0.923882
vn -0.007578 -0.382604 -0.923881
vn -0.003864 -0.195087 -0.980778
vn -0.003864 -0.195088 -0.980778
vn -0.007578 -0.382604 -0.923881
vn -0.007578 -0.382604 -0.923882
vn -0.003864 -0.195088 -0.980778
vn -0.003864 -0.195090 -0.980778
vn -0.007578 -0.382608 -0.923880
vn -0.007578 -0.382604 -0.923881
vn -0.003864 -0.195090 -0.980778
vn -0.002344 -0.195704 -0.980660
vn -0.004568 -0.383287 -0.923618
vn -0.007578 -0.382608 -0.923880
vn -0.002344 -0.195704 -0.980660
vn -0.000539 -0.196100 -0.980584
vn -0.000868 -0.384327 -0.923196
vn -0.004568 -0.383287 -0.923618
vn 0.965518 -0.256314 -0.045580
vn 0.963638 -0.267211 -0.000000
vn 0.776277 0.630392 0.000000
vn 0.773970 0.620637 0.125617
vn -0.095042 -0.150258 -0.984068
vn -0.158758 -0.091884 -0.983033
vn -0.323749 -0.186546 -0.927571
vn -0.196529 -0.308438 -0.930722
vn -0.182435 -0.020971 -0.982994
vn -0.178154 0.047613 -0.982850
vn -0.360844 0.096657 -0.927604
vn -0.370061 -0.043092 -0.928008
vn -0.133941 0.117061 -0.984051
vn -0.049443 0.177157 -0.982940
vn -0.116663 0.354378 -0.927796
vn -0.275441 0.241445 -0.930504
vn -1.000000 -0.000239 -0.000000
vn -0.999997 0.001397 0.001878
vn -0.695476 -0.704938 -0.139193
vn -0.695101 -0.718912 -0.000000
vn -0.679130 0.140154 -0.720513
vn 0.085957 0.209873 -0.973943
vn 0.079868 0.396545 -0.914535
vn -0.687543 0.267383 -0.675124
vn 0.085957 0.209873 -0.973943
vn 0.078148 0.209668 -0.974645
vn 0.073036 0.396373 -0.915180
vn 0.079868 0.396545 -0.914535
vn 0.078148 0.209668 -0.974645
vn 0.075137 0.209469 -0.974924
vn 0.070754 0.396165 -0.915449
vn 0.073036 0.396373 -0.915180
vn 0.075137 0.209469 -0.974924
vn 0.776104 0.137440 -0.615445
vn 0.773966 0.264994 -0.575113
vn 0.070754 0.396165 -0.915449
vn -0.997747 0.009686 -0.066385
vn -0.997745 0.009719 -0.066406
vn -0.637632 0.159151 -0.753721
vn -0.638307 0.017696 -0.769578
vn 0.911995 0.408060 0.041858
vn 0.986756 0.148354 0.065598
vn 0.597780 0.786182 -0.156773
vn 0.274954 0.959608 -0.059611
vn -0.684524 0.149825 -0.713428
vn 0.063119 0.209753 -0.975715
vn 0.062023 0.396611 -0.915889
vn -0.685585 0.277172 -0.673164
vn 0.063119 0.209753 -0.975715
vn 0.065623 0.209716 -0.975558
vn 0.064398 0.397109 -0.915510
vn 0.062023 0.396611 -0.915889
vn 0.067722 0.205968 -0.976213
vn 0.084482 0.196289 -0.976900
vn 0.139933 0.374989 -0.916407
vn 0.078596 0.393370 -0.916015
vn 0.140399 0.151200 -0.978482
vn 0.198992 0.080477 -0.976691
vn 0.372821 0.150647 -0.915593
vn 0.266791 0.288069 -0.919695
vn 0.217340 0.019397 -0.975903
vn 0.204743 -0.050633 -0.977505
vn 0.385775 -0.095534 -0.917634
vn 0.403825 0.036198 -0.914120
vn 0.169951 -0.129835 -0.976862
vn 0.099312 -0.185086 -0.977691
vn 0.188127 -0.349258 -0.917947
vn 0.319418 -0.244034 -0.915652
vn 0.027389 -0.214671 -0.976302
vn -0.006023 -0.225671 -0.974185
vn -0.008800 -0.412114 -0.911090
vn 0.050778 -0.400136 -0.915048
vn -0.034798 0.030577 0.998927
vn -0.037766 -0.164849 0.985596
vn -0.135332 -0.161999 0.977467
vn -0.132389 0.031817 0.990687
vn 0.005459 0.728048 0.685505
vn 0.003215 0.580323 0.814380
vn -0.011636 0.580439 0.814221
vn -0.009393 0.728126 0.685379
vn -0.000211 0.354771 -0.934953
vn 0.002456 0.530335 -0.847785
vn -0.012395 0.530458 -0.847621
vn -0.015061 0.354925 -0.934773
vn -0.020776 -0.999332 0.030067
vn -0.020574 -0.985994 -0.165508
vn -0.035420 -0.985578 -0.165475
vn -0.035623 -0.998913 0.030067
vn 0.003215 0.580323 0.814380
vn 0.000633 0.410330 0.911937
vn -0.014218 0.410489 0.911755
vn -0.011636 0.580439 0.814221
vn 0.002456 0.530335 -0.847785
vn 0.004813 0.685518 -0.728039
vn -0.010039 0.685616 -0.727894
vn -0.012395 0.530458 -0.847621
vn -0.020574 -0.985994 -0.165508
vn -0.019796 -0.934761 -0.354725
vn -0.034643 -0.934355 -0.354656
vn -0.035420 -0.985578 -0.165475
vn 0.004813 0.685518 -0.728039
vn 0.006769 0.814368 -0.580309
vn -0.008082 0.814431 -0.580204
vn -0.010039 0.685616 -0.727894
vn 0.000000 0.000001 -1.000000
vn -0.747335 0.014812 -0.664282
vn -0.749913 -0.114786 -0.651502
vn -0.003865 -0.195089 -0.980778
vn -0.520160 0.010305 -0.854007
vn 0.038771 -0.000768 -0.999248
vn 0.034908 -0.195687 -0.980045
vn -0.523456 -0.156277 -0.837599
vn 0.999804 -0.019815 -0.000011
vn 0.999804 -0.019805 -0.000007
vn 0.699994 0.714149 -0.000003
vn 0.699715 0.700168 0.141996
vn 0.729708 -0.014452 -0.683606
vn 0.000000 0.000002 -1.000000
vn -0.003864 -0.195087 -0.980778
vn 0.727049 -0.147818 -0.670484
vn 0.000000 0.000002 -1.000000
vn 0.000000 0.000001 -1.000000
vn -0.003864 -0.195087 -0.980778
vn -0.003864 -0.195087 -0.980778
vn 0.000000 0.000001 -1.000000
vn 0.000000 0.000001 -1.000000
vn -0.003864 -0.195086 -0.980779
vn -0.003864 -0.195087 -0.980778
vn 0.000000 0.000001 -1.000000
vn -0.000000 0.000000 -1.000000
vn -0.003864 -0.195086 -0.980779
vn -0.003864 -0.195086 -0.980779
vn -0.000000 0.000000 -1.000000
vn -0.000000 -0.000000 -1.000000
vn -0.003864 -0.195086 -0.980779
vn -0.003864 -0.195086 -0.980779
vn -0.000000 -0.000000 -1.000000
vn 0.000000 0.000000 -1.000000
vn -0.003864 -0.195087 -0.980778
vn -0.003864 -0.195086 -0.980779
vn 0.000000 0.000000 -1.000000
vn 0.000000 0.000000 -1.000000
vn -0.003864 -0.195088 -0.980778
vn -0.003864 -0.195087 -0.980778
vn 0.000000 0.000000 -1.000000
vn 0.000000 0.000000 -1.000000
vn -0.003864 -0.195090 -0.980778
vn -0.003864 -0.195088 -0.980778
vn 0.000000 0.000000 -1.000000
vn -0.000003 -0.000482 -1.000000
vn -0.002344 -0.195704 -0.980660
vn -0.003864 -0.195090 -0.980778
vn -0.000003 -0.000482 -1.000000
vn 0.000034 -0.000067 -1.000000
vn -0.000539 -0.196100 -0.980584
vn -0.002344 -0.195704 -0.980660
vn 0.996950 0.073188 0.027082
vn 0.997742 0.062447 0.024742
vn 0.698485 0.543373 -0.465687
vn 0.685906 0.634101 -0.356999
vn 0.009363 0.013561 -0.999864
vn 0.011821 0.006734 -0.999908
vn -0.158758 -0.091884 -0.983033
vn -0.095042 -0.150258 -0.984068
vn 0.011904 0.001895 -0.999927
vn 0.011093 -0.003387 -0.999933
vn -0.178154 0.047613 -0.982850
vn -0.182435 -0.020971 -0.982994
vn 0.012353 -0.011346 -0.999859
vn 0.020009 -0.006244 -0.999780
vn -0.049443 0.177157 -0.982940
vn -0.133941 0.117061 -0.984051
vn -0.999997 0.001397 0.001878
vn -0.999971 0.005518 0.005277
vn -0.696437 -0.663642 -0.273048
vn -0.695476 -0.704938 -0.139193
vn -0.672470 0.005328 -0.740106
vn 0.088770 0.015042 -0.995939
vn 0.085957 0.209873 -0.973943
vn -0.679130 0.140154 -0.720513
vn 0.088770 0.015042 -0.995939
vn 0.080258 0.014856 -0.996664
vn 0.078148 0.209668 -0.974645
vn 0.085957 0.209873 -0.973943
vn 0.080258 0.014856 -0.996664
vn 0.076634 0.014701 -0.996951
vn 0.075137 0.209469 -0.974924
vn 0.078148 0.209668 -0.974645
vn 0.076634 0.014701 -0.996951
vn 0.776417 0.004590 -0.630203
vn 0.776104 0.137440 -0.615445
vn 0.075137 0.209469 -0.974924
vn 0.997620 -0.007419 0.068558
vn 0.997619 -0.007426 0.068562
vn 0.722112 0.517307 -0.459291
vn 0.715837 0.605712 -0.347406
vn 0.997619 -0.007424 0.068560
vn 0.997620 -0.007422 0.068556
vn 0.730087 0.283863 -0.621606
vn 0.726930 0.408649 -0.551887
vn -0.685098 0.017109 -0.728250
vn 0.061753 0.014831 -0.997981
vn 0.063119 0.209753 -0.975715
vn -0.684524 0.149825 -0.713428
vn 0.061753 0.014831 -0.997981
vn 0.064156 0.014220 -0.997839
vn 0.065623 0.209716 -0.975558
vn 0.063119 0.209753 -0.975715
vn 0.053746 0.010773 -0.998497
vn 0.025019 0.010555 -0.999631
vn 0.084482 0.196289 -0.976900
vn 0.067722 0.205968 -0.976213
vn 0.009002 0.009285 -0.999916
vn 0.017855 0.006908 -0.999817
vn 0.198992 0.080477 -0.976691
vn 0.140399 0.151200 -0.978482
vn 0.022514 0.002023 -0.999744
vn 0.016376 -0.003836 -0.999859
vn 0.204743 -0.050633 -0.977505
vn 0.217340 0.019397 -0.975903
vn 0.014164 -0.010639 -0.999843
vn 0.007038 -0.014218 -0.999874
vn 0.099312 -0.185086 -0.977691
vn 0.169951 -0.129835 -0.976862
vn 0.002703 -0.021181 -0.999772
vn -0.003229 -0.030258 -0.999537
vn -0.006023 -0.225671 -0.974185
vn 0.027389 -0.214671 -0.976302
vn -0.021414 0.911817 -0.410037
vn -0.020465 0.974292 -0.224357
vn -0.118175 0.967742 -0.222508
vn -0.119115 0.905784 -0.406653
vn 0.000633 0.410330 0.911937
vn -0.002189 0.224565 0.974457
vn -0.017039 0.224745 0.974269
vn -0.014218 0.410489 0.911755
vn -0.019796 -0.934761 -0.354725
vn -0.018472 -0.847604 -0.530308
vn -0.033319 -0.847212 -0.530210
vn -0.034643 -0.934355 -0.354656
vn 0.006769 0.814368 -0.580309
vn 0.008251 0.911921 -0.410283
vn -0.006601 0.911969 -0.410206
vn -0.008082 0.814431 -0.580204
vn -0.002189 0.224565 0.974457
vn -0.005141 0.030145 0.999532
vn -0.019991 0.030358 0.999339
vn -0.017039 0.224745 0.974269
vn -0.018472 -0.847604 -0.530308
vn -0.016653 -0.727874 -0.685508
vn -0.031501 -0.727508 -0.685376
vn -0.033319 -0.847212 -0.530210
vn -0.005141 0.030145 0.999532
vn -0.008111 -0.165398 0.986194
vn -0.022960 -0.165148 0.986002
vn -0.019991 0.030358 0.999339
vn 0.008251 0.911921 -0.410283
vn 0.009200 0.974431 -0.224498
vn -0.005652 0.974470 -0.224448
vn -0.006601 0.911969 -0.410206
vn -0.334288 0.922136 -0.194720
vn 0.654250 0.749600 -0.100278
vn 0.646891 0.761321 0.043844
vn -0.343255 0.939239 0.002608
vn -0.312540 0.868613 -0.384486
vn 0.664518 0.708131 -0.238677
vn 0.654250 0.749600 -0.100278
vn -0.334288 0.922136 -0.194720
vn -0.278602 0.780856 -0.559147
vn 0.677279 0.638765 -0.365066
vn 0.664518 0.708131 -0.238677
vn -0.312540 0.868613 -0.384486
vn -0.233523 0.662473 -0.711756
vn 0.691985 0.544711 -0.473759
vn 0.677279 0.638765 -0.365066
vn -0.278602 0.780856 -0.559147
vn -0.178853 0.518343 -0.836261
vn 0.708011 0.430487 -0.559823
vn 0.691985 0.544711 -0.473759
vn -0.233523 0.662473 -0.711756
vn -0.116663 0.354378 -0.927796
vn 0.724781 0.301629 -0.619445
vn 0.708011 0.430487 -0.559823
vn -0.178853 0.518343 -0.836261
vn -0.049443 0.177157 -0.982940
vn 0.741516 0.164453 -0.650469
vn 0.724781 0.301629 -0.619445
vn -0.116663 0.354378 -0.927796
vn 0.020009 -0.006244 -0.999780
vn 0.757439 0.025762 -0.652397
vn 0.741516 0.164453 -0.650469
vn -0.049443 0.177157 -0.982940
vn 0.060068 -0.181729 -0.981512
vn 0.037255 -0.184516 -0.982123
vn 0.053746 0.010773 -0.998497
vn 0.064156 0.014220 -0.997839
vn 0.053550 -0.370433 -0.927314
vn 0.018978 -0.372291 -0.927922
vn 0.037255 -0.184516 -0.982123
vn 0.060068 -0.181729 -0.981512
vn 0.044892 -0.544645 -0.837465
vn -0.000260 -0.545349 -0.838209
vn 0.018978 -0.372291 -0.927922
vn 0.053550 -0.370433 -0.927314
vn 0.034479 -0.697695 -0.715565
vn -0.019577 -0.697127 -0.716681
vn -0.000260 -0.545349 -0.838209
vn 0.044892 -0.544645 -0.837465
vn 0.022761 -0.823787 -0.566442
vn -0.038124 -0.822054 -0.568132
vn -0.019577 -0.697127 -0.716681
vn 0.034479 -0.697695 -0.715565
vn 0.010219 -0.918278 -0.395805
vn -0.055105 -0.915616 -0.398259
vn -0.038124 -0.822054 -0.568132
vn 0.022761 -0.823787 -0.566442
vn -0.002645 -0.977663 -0.210164
vn -0.069811 -0.974446 -0.213496
vn -0.055105 -0.915616 -0.398259
vn 0.010219 -0.918278 -0.395805
vn -0.015340 -0.999746 -0.016506
vn -0.081669 -0.996445 -0.020698
vn -0.069811 -0.974446 -0.213496
vn -0.002645 -0.977663 -0.210164
vn -0.027391 -0.983673 0.177870
vn -0.090238 -0.980785 0.172971
vn -0.081669 -0.996445 -0.020698
vn -0.015340 -0.999746 -0.016506
vn -0.038363 -0.929967 0.365637
vn -0.095244 -0.927955 0.360316
vn -0.090238 -0.980785 0.172971
vn -0.027391 -0.983673 0.177870
vn -0.047870 -0.840541 0.539629
vn -0.096563 -0.839761 0.534300
vn -0.095244 -0.927955 0.360316
vn -0.038363 -0.929967 0.365637
vn -0.055579 -0.718678 0.693118
vn -0.094237 -0.719327 0.688250
vn -0.096563 -0.839761 0.534300
vn -0.047870 -0.840541 0.539629
vn -0.061228 -0.568931 0.820103
vn -0.088453 -0.570991 0.816178
vn -0.094237 -0.719327 0.688250
vn -0.055579 -0.718678 0.693118
vn -0.064626 -0.397067 0.915511
vn -0.079531 -0.400301 0.912926
vn -0.088453 -0.570991 0.816178
vn -0.061228 -0.568931 0.820103
vn -0.065661 -0.209703 0.975558
vn -0.067902 -0.213750 0.974526
vn -0.079531 -0.400301 0.912926
vn -0.064626 -0.397067 0.915511
vn -0.064301 -0.014189 0.997830
vn -0.054076 -0.018597 0.998364
vn -0.067902 -0.213750 0.974526
vn -0.065661 -0.209703 0.975558
vn -0.060598 0.181740 0.981478
vn -0.038614 0.177412 0.983379
vn -0.054076 -0.018597 0.998364
vn -0.064301 -0.014189 0.997830
vn -0.054680 0.370511 0.927217
vn -0.022093 0.366566 0.930130
vn -0.038614 0.177412 0.983379
vn -0.060598 0.181740 0.981478
vn -0.046751 0.544743 0.837299
vn -0.005079 0.541312 0.840807
vn -0.022093 0.366566 0.930130
vn -0.054680 0.370511 0.927217
vn -0.037086 0.697768 0.715364
vn 0.011889 0.694839 0.719067
vn -0.005079 0.541312 0.840807
vn -0.046751 0.544743 0.837299
vn -0.026016 0.823858 0.566199
vn 0.028306 0.821288 0.569812
vn 0.011889 0.694839 0.719067
vn -0.037086 0.697768 0.715364
vn -0.013928 0.918325 0.395583
vn 0.043698 0.915942 0.398925
vn 0.028306 0.821288 0.569812
vn -0.026016 0.823858 0.566199
vn -0.001254 0.977704 0.209986
vn 0.057615 0.975366 0.212938
vn 0.043698 0.915942 0.398925
vn -0.013928 0.918325 0.395583
vn 0.011542 0.999799 0.016391
vn 0.069603 0.997396 0.018898
vn 0.057615 0.975366 0.212938
vn -0.001254 0.977704 0.209986
vn 0.023972 0.983751 -0.177928
vn 0.079208 0.981212 -0.175924
vn 0.069603 0.997396 0.018898
vn 0.011542 0.999799 0.016391
vn 0.035545 0.930074 -0.365648
vn 0.085995 0.927341 -0.364203
vn 0.079208 0.981212 -0.175924
vn 0.023972 0.983751 -0.177928
vn 0.045781 0.840663 -0.539621
vn 0.089568 0.837683 -0.538762
vn 0.085995 0.927341 -0.364203
vn 0.035545 0.930074 -0.365648
vn 0.054240 0.718797 -0.693101
vn 0.089615 0.715527 -0.692813
vn 0.089568 0.837683 -0.538762
vn 0.045781 0.840663 -0.539621
vn 0.060542 0.569039 -0.820079
vn 0.085959 0.565490 -0.820264
vn 0.089615 0.715527 -0.692813
vn 0.054240 0.718797 -0.693101
vn 0.064398 0.397109 -0.915510
vn 0.078596 0.393370 -0.916015
vn 0.085959 0.565490 -0.820264
vn 0.060542 0.569039 -0.820079
vn 0.065623 0.209716 -0.975558
vn 0.067722 0.205968 -0.976213
vn 0.078596 0.393370 -0.916015
vn 0.064398 0.397109 -0.915510
vn 0.064156 0.014220 -0.997839
vn 0.053746 0.010773 -0.998497
vn 0.067722 0.205968 -0.976213
vn 0.065623 0.209716 -0.975558
vn -0.085097 0.156812 -0.983956
vn -0.022285 0.172690 -0.984724
vn 0.002703 -0.021181 -0.999772
vn 0.007038 -0.014218 -0.999874
vn -0.173644 0.321679 -0.930790
vn -0.046575 0.359523 -0.931973
vn -0.022285 0.172690 -0.984724
vn -0.085097 0.156812 -0.983956
vn -0.255345 0.474333 -0.842500
vn -0.069190 0.532313 -0.843716
vn -0.046575 0.359523 -0.931973
vn -0.173644 0.321679 -0.930790
vn -0.327193 0.609050 -0.722497
vn -0.089219 0.684536 -0.723498
vn -0.069190 0.532313 -0.843716
vn -0.255345 0.474333 -0.842500
vn -0.386598 0.720810 -0.575303
vn -0.105862 0.810567 -0.575999
vn -0.089219 0.684536 -0.723498
vn -0.327193 0.609050 -0.722497
vn -0.431432 0.805398 -0.406449
vn -0.118468 0.905777 -0.406859
vn -0.105862 0.810567 -0.575999
vn -0.386598 0.720810 -0.575303
vn -0.460098 0.859591 -0.222294
vn -0.126544 0.966690 -0.222479
vn -0.118468 0.905777 -0.406859
vn -0.431432 0.805398 -0.406449
vn -0.471578 0.881322 -0.029762
vn -0.129783 0.991095 -0.029786
vn -0.126544 0.966690 -0.222479
vn -0.460098 0.859591 -0.222294
vn -0.465471 0.869761 0.163869
vn -0.128061 0.978113 0.164000
vn -0.129783 0.991095 -0.029786
vn -0.471578 0.881322 -0.029762
vn -0.441992 0.825350 0.351342
vn -0.121441 0.928211 0.351676
vn -0.128061 0.978113 0.164000
vn -0.465471 0.869761 0.163869
vn -0.401966 0.749780 0.525599
vn -0.110178 0.843193 0.526200
vn -0.121441 0.928211 0.351676
vn -0.441992 0.825350 0.351342
vn -0.346821 0.645935 0.680062
vn -0.094710 0.726157 0.680975
vn -0.110178 0.843193 0.526200
vn -0.401966 0.749780 0.525599
vn -0.278524 0.517742 0.808930
vn -0.075639 0.581395 0.810098
vn -0.094710 0.726157 0.680975
vn -0.346821 0.645935 0.680062
vn -0.199553 0.370029 0.907335
vn -0.053726 0.414279 0.908563
vn -0.075639 0.581395 0.810098
vn -0.278524 0.517742 0.808930
vn -0.112767 0.208274 0.971548
vn -0.029849 0.231023 0.972490
vn -0.053726 0.414279 0.908563
vn -0.199553 0.370029 0.907335
vn -0.021368 0.038462 0.999032
vn -0.004968 0.038526 0.999245
vn -0.029849 0.231023 0.972490
vn -0.112767 0.208274 0.971548
vn 0.071245 -0.133151 0.988532
vn 0.019919 -0.155899 0.987572
vn -0.004968 0.038526 0.999245
vn -0.021368 0.038462 0.999032
vn 0.161503 -0.300070 0.940146
vn 0.043809 -0.344630 0.937716
vn 0.019919 -0.155899 0.987572
vn 0.071245 -0.133151 0.988532
vn 0.245892 -0.455924 0.855377
vn 0.065770 -0.520262 0.851470
vn 0.043809 -0.344630 0.937716
vn 0.161503 -0.300070 0.940146
vn 0.321106 -0.594717 0.737023
vn 0.084995 -0.675948 0.732032
vn 0.065770 -0.520262 0.851470
vn 0.245892 -0.455924 0.855377
vn 0.384045 -0.710802 0.589296
vn 0.100798 -0.805465 0.584008
vn 0.084995 -0.675948 0.732032
vn 0.321106 -0.594717 0.737023
vn 0.432042 -0.799292 0.417699
vn 0.112660 -0.903667 0.413152
vn 0.100798 -0.805465 0.584008
vn 0.384045 -0.710802 0.589296
vn 0.462966 -0.856299 0.228942
vn 0.120204 -0.966649 0.226143
vn 0.112660 -0.903667 0.413152
vn 0.432042 -0.799292 0.417699
vn 0.475407 -0.879230 0.030696
vn 0.123218 -0.991917 0.030301
vn 0.120204 -0.966649 0.226143
vn 0.462966 -0.856299 0.228942
vn 0.468788 -0.867024 -0.168840
vn 0.121616 -0.978473 -0.166734
vn 0.123218 -0.991917 0.030301
vn 0.475407 -0.879230 0.030696
vn 0.443410 -0.820255 -0.361345
vn 0.115442 -0.926852 -0.357237
vn 0.121616 -0.978473 -0.166734
vn 0.468788 -0.867024 -0.168840
vn 0.400454 -0.741051 -0.538961
vn 0.104872 -0.839092 -0.533785
vn 0.115442 -0.926852 -0.357237
vn 0.443410 -0.820255 -0.361345
vn 0.341821 -0.632927 -0.694667
vn 0.090226 -0.718658 -0.689485
vn 0.104872 -0.839092 -0.533785
vn 0.400454 -0.741051 -0.538961
vn 0.270056 -0.500521 -0.822526
vn 0.071985 -0.570373 -0.818225
vn 0.090226 -0.718658 -0.689485
vn 0.341821 -0.632927 -0.694667
vn 0.188127 -0.349258 -0.917947
vn 0.050778 -0.400136 -0.915048
vn 0.071985 -0.570373 -0.818225
vn 0.270056 -0.500521 -0.822526
vn 0.099312 -0.185086 -0.977691
vn 0.027389 -0.214671 -0.976302
vn 0.050778 -0.400136 -0.915048
vn 0.188127 -0.349258 -0.917947
vn 0.007038 -0.014218 -0.999874
vn 0.002703 -0.021181 -0.999772
vn 0.027389 -0.214671 -0.976302
vn 0.099312 -0.185086 -0.977691
vn 0.764677 0.134977 -0.630119
vn 0.113041 0.178475 -0.977429
vn 0.009363 0.013561 -0.999864
vn 0.731124 0.003834 -0.682233
vn 0.795984 0.242388 -0.554668
vn 0.211485 0.337424 -0.917289
vn 0.113041 0.178475 -0.977429
vn 0.764677 0.134977 -0.630119
vn 0.824026 0.323282 -0.465263
vn 0.300647 0.482814 -0.822497
vn 0.211485 0.337424 -0.917289
vn 0.795984 0.242388 -0.554668
vn 0.848171 0.380452 -0.368596
vn 0.377701 0.609357 -0.697156
vn 0.300647 0.482814 -0.822497
vn 0.824026 0.323282 -0.465263
vn 0.867414 0.417172 -0.271219
vn 0.440263 0.712608 -0.546222
vn 0.377701 0.609357 -0.697156
vn 0.848171 0.380452 -0.368596
vn 0.881225 0.438274 -0.177082
vn 0.486382 0.788969 -0.375447
vn 0.440263 0.712608 -0.546222
vn 0.867414 0.417172 -0.271219
vn 0.889471 0.448605 -0.087156
vn 0.514636 0.835830 -0.191152
vn 0.486382 0.788969 -0.375447
vn 0.881225 0.438274 -0.177082
vn 0.892197 0.451648 0.000001
vn 0.524148 0.851627 0.000000
vn 0.514636 0.835830 -0.191152
vn 0.889471 0.448605 -0.087156
vn 0.889465 0.448614 0.087162
vn 0.514636 0.835830 0.191151
vn 0.524148 0.851627 0.000000
vn 0.892197 0.451648 0.000001
vn 0.881212 0.438296 0.177092
vn 0.486382 0.788969 0.375448
vn 0.514636 0.835830 0.191151
vn 0.889465 0.448614 0.087162
vn 0.867407 0.417183 0.271225
vn 0.440262 0.712607 0.546224
vn 0.486382 0.788969 0.375448
vn 0.881212 0.438296 0.177092
vn 0.848189 0.380436 0.368571
vn 0.377701 0.609357 0.697156
vn 0.440262 0.712607 0.546224
vn 0.867407 0.417183 0.271225
vn 0.824066 0.323247 0.465217
vn 0.300647 0.482813 0.822498
vn 0.377701 0.609357 0.697156
vn 0.848189 0.380436 0.368571
vn 0.796003 0.242370 0.554649
vn 0.211485 0.337424 0.917289
vn 0.300647 0.482813 0.822498
vn 0.824066 0.323247 0.465217
vn 0.764681 0.134959 0.630118
vn 0.113042 0.178474 0.977430
vn 0.211485 0.337424 0.917289
vn 0.796003 0.242370 0.554649
vn 0.731154 0.003834 0.682202
vn 0.009362 0.013560 0.999864
vn 0.113042 0.178474 0.977430
vn 0.764681 0.134959 0.630118
vn 0.700193 -0.140112 0.700070
vn -0.095043 -0.150258 0.984068
vn 0.009362 0.013560 0.999864
vn 0.731154 0.003834 0.682202
vn 0.671350 -0.288185 0.682817
vn -0.196529 -0.308439 0.930721
vn -0.095043 -0.150258 0.984068
vn 0.700193 -0.140112 0.700070
vn 0.645605 -0.430959 0.630451
vn -0.291265 -0.455245 0.841378
vn -0.196529 -0.308439 0.930721
vn 0.671350 -0.288185 0.682817
vn 0.623648 -0.559620 0.545792
vn -0.375429 -0.585047 0.718869
vn -0.291265 -0.455245 0.841378
vn 0.645605 -0.430959 0.630451
vn 0.606051 -0.666704 0.433829
vn -0.445437 -0.692602 0.567352
vn -0.375429 -0.585047 0.718869
vn 0.623648 -0.559620 0.545792
vn 0.593258 -0.746672 0.300874
vn -0.498112 -0.773312 0.392266
vn -0.445437 -0.692602 0.567352
vn 0.606051 -0.666704 0.433829
vn 0.585500 -0.795930 0.153902
vn -0.530868 -0.823400 0.200477
vn -0.498112 -0.773312 0.392266
vn 0.593258 -0.746672 0.300874
vn 0.582893 -0.812549 -0.000000
vn -0.541985 -0.840388 -0.000000
vn -0.530868 -0.823400 0.200477
vn 0.585500 -0.795930 0.153902
vn 0.585500 -0.795929 -0.153904
vn -0.530867 -0.823400 -0.200479
vn -0.541985 -0.840388 -0.000000
vn 0.582893 -0.812549 -0.000000
vn 0.593254 -0.746676 -0.300873
vn -0.498113 -0.773311 -0.392267
vn -0.530867 -0.823400 -0.200479
vn 0.585500 -0.795929 -0.153904
vn 0.606048 -0.666708 -0.433828
vn -0.445437 -0.692602 -0.567352
vn -0.498113 -0.773311 -0.392267
vn 0.593254 -0.746676 -0.300873
vn 0.623644 -0.559628 -0.545788
vn -0.375429 -0.585047 -0.718869
vn -0.445437 -0.692602 -0.567352
vn 0.606048 -0.666708 -0.433828
vn 0.645606 -0.430965 -0.630446
vn -0.291265 -0.455244 -0.841379
vn -0.375429 -0.585047 -0.718869
vn 0.623644 -0.559628 -0.545788
vn 0.671352 -0.288181 -0.682816
vn -0.196529 -0.308438 -0.930722
vn -0.291265 -0.455244 -0.841379
vn 0.645606 -0.430965 -0.630446
vn 0.700189 -0.140129 -0.700070
vn -0.095042 -0.150258 -0.984068
vn -0.196529 -0.308438 -0.930722
vn 0.671352 -0.288181 -0.682816
vn 0.731124 0.003834 -0.682233
vn 0.009363 0.013561 -0.999864
vn -0.095042 -0.150258 -0.984068
vn 0.700189 -0.140129 -0.700070
vn 0.011821 0.006734 -0.999908
vn 0.011904 0.001895 -0.999927
vn -0.182435 -0.020971 -0.982994
vn -0.158758 -0.091884 -0.983033
vn -0.158758 -0.091884 -0.983033
vn -0.182435 -0.020971 -0.982994
vn -0.370061 -0.043092 -0.928008
vn -0.323749 -0.186546 -0.927571
vn -0.323749 -0.186546 -0.927571
vn -0.370061 -0.043092 -0.928008
vn -0.543737 -0.063558 -0.836846
vn -0.476529 -0.273428 -0.835558
vn -0.476529 -0.273428 -0.835558
vn -0.543737 -0.063558 -0.836846
vn -0.696520 -0.081518 -0.712892
vn -0.610777 -0.349033 -0.710723
vn -0.610777 -0.349033 -0.710723
vn -0.696520 -0.081518 -0.712892
vn -0.822266 -0.096250 -0.560905
vn -0.721003 -0.410506 -0.558247
vn -0.721003 -0.410506 -0.558247
vn -0.822266 -0.096250 -0.560905
vn -0.915932 -0.107183 -0.386756
vn -0.802863 -0.455757 -0.384313
vn -0.802863 -0.455757 -0.384313
vn -0.915932 -0.107183 -0.386756
vn -0.973705 -0.113905 -0.197290
vn -0.853216 -0.483401 -0.195823
vn -0.853216 -0.483401 -0.195823
vn -0.973705 -0.113905 -0.197290
vn -0.993229 -0.116174 -0.000000
vn -0.870203 -0.492693 -0.000000
vn -0.870203 -0.492693 -0.000000
vn -0.993229 -0.116174 -0.000000
vn -0.973706 -0.113906 0.197289
vn -0.853216 -0.483401 0.195822
vn -0.853216 -0.483401 0.195822
vn -0.973706 -0.113906 0.197289
vn -0.915932 -0.107183 0.386756
vn -0.802863 -0.455757 0.384312
vn -0.802863 -0.455757 0.384312
vn -0.915932 -0.107183 0.386756
vn -0.822266 -0.096249 0.560905
vn -0.721003 -0.410506 0.558247
vn -0.721003 -0.410506 0.558247
vn -0.822266 -0.096249 0.560905
vn -0.696520 -0.081519 0.712892
vn -0.610777 -0.349034 0.710723
vn -0.610777 -0.349034 0.710723
vn -0.696520 -0.081519 0.712892
vn -0.543737 -0.063558 0.836846
vn -0.476530 -0.273428 0.835558
vn -0.476530 -0.273428 0.835558
vn -0.543737 -0.063558 0.836846
vn -0.370061 -0.043093 0.928007
vn -0.323749 -0.186547 0.927570
vn -0.323749 -0.186547 0.927570
vn -0.370061 -0.043093 0.928007
vn -0.182435 -0.020971 0.982994
vn -0.158759 -0.091885 0.983032
vn -0.158759 -0.091885 0.983032
vn -0.182435 -0.020971 0.982994
vn 0.011904 0.001894 0.999927
vn 0.011821 0.006732 0.999908
vn 0.011821 0.006732 0.999908
vn 0.011904 0.001894 0.999927
vn 0.205316 0.024538 0.978388
vn 0.181066 0.105184 0.977830
vn 0.181066 0.105184 0.977830
vn 0.205316 0.024538 0.978388
vn 0.390366 0.046042 0.919508
vn 0.342379 0.199465 0.918145
vn 0.342379 0.199465 0.918145
vn 0.390366 0.046042 0.919508
vn 0.560201 0.065593 0.825756
vn 0.489809 0.285929 0.823609
vn 0.489809 0.285929 0.823609
vn 0.560201 0.065593 0.825756
vn 0.708455 0.082486 0.700919
vn 0.617970 0.361270 0.698282
vn 0.617970 0.361270 0.698282
vn 0.708455 0.082486 0.700919
vn 0.829701 0.096166 0.549862
vn 0.722390 0.422749 0.547207
vn 0.722390 0.422749 0.547207
vn 0.829701 0.096166 0.549862
vn 0.919562 0.106217 0.378318
vn 0.799543 0.468217 0.376169
vn 0.799543 0.468217 0.376169
vn 0.919562 0.106217 0.378318
vn 0.974797 0.112358 0.192732
vn 0.846865 0.496121 0.191531
vn 0.846865 0.496121 0.191531
vn 0.974797 0.112358 0.192732
vn 0.993432 0.114423 0.000000
vn 0.862812 0.505525 0.000000
vn 0.862812 0.505525 0.000000
vn 0.993432 0.114423 0.000000
vn 0.974797 0.112358 -0.192732
vn 0.846865 0.496121 -0.191531
vn 0.846865 0.496121 -0.191531
vn 0.974797 0.112358 -0.192732
vn 0.919562 0.106217 -0.378318
vn 0.799544 0.468217 -0.376168
vn 0.799544 0.468217 -0.376168
vn 0.919562 0.106217 -0.378318
vn 0.829701 0.096166 -0.549862
vn 0.722391 0.422750 -0.547206
vn 0.722391 0.422750 -0.547206
vn 0.829701 0.096166 -0.549862
vn 0.708456 0.082487 -0.700918
vn 0.617971 0.361270 -0.698281
vn 0.617971 0.361270 -0.698281
vn 0.708456 0.082487 -0.700918
vn 0.560201 0.065593 -0.825756
vn 0.489809 0.285929 -0.823609
vn 0.489809 0.285929 -0.823609
vn 0.560201 0.065593 -0.825756
vn 0.390365 0.046042 -0.919508
vn 0.342379 0.199466 -0.918145
vn 0.342379 0.199466 -0.918145
vn 0.390365 0.046042 -0.919508
vn 0.205315 0.024539 -0.978388
vn 0.181066 0.105185 -0.977830
vn 0.181066 0.105185 -0.977830
vn 0.205315 0.024539 -0.978388
vn 0.011904 0.001895 -0.999927
vn 0.011821 0.006734 -0.999908
vn 0.011093 -0.003387 -0.999933
vn 0.012353 -0.011346 -0.999859
vn -0.133941 0.117061 -0.984051
vn -0.178154 0.047613 -0.982850
vn -0.178154 0.047613 -0.982850
vn -0.133941 0.117061 -0.984051
vn -0.275441 0.241445 -0.930504
vn -0.360844 0.096657 -0.927604
vn -0.360844 0.096657 -0.927604
vn -0.275441 0.241445 -0.930504
vn -0.406815 0.357072 -0.840834
vn -0.529877 0.141790 -0.836137
vn -0.529877 0.141790 -0.836137
vn -0.406815 0.357072 -0.840834
vn -0.522883 0.459389 -0.718022
vn -0.678463 0.181204 -0.711937
vn -0.678463 0.181204 -0.711937
vn -0.522883 0.459389 -0.718022
vn -0.618889 0.544205 -0.566407
vn -0.800633 0.213389 -0.559868
vn -0.800633 0.213389 -0.559868
vn -0.618889 0.544205 -0.566407
vn -0.690752 0.607886 -0.391583
vn -0.891543 0.237190 -0.385866
vn -0.891543 0.237190 -0.385866
vn -0.690752 0.607886 -0.391583
vn -0.735235 0.647511 -0.200395
vn -0.947567 0.251788 -0.196773
vn -0.947567 0.251788 -0.196773
vn -0.735235 0.647511 -0.200395
vn -0.750249 0.661155 -0.000685
vn -0.966490 0.256703 0.000000
vn -0.966490 0.256703 0.000000
vn -0.750249 0.661155 -0.000685
vn -0.735068 0.648087 0.199144
vn -0.947567 0.251787 0.196774
vn -0.947567 0.251787 0.196774
vn -0.735068 0.648087 0.199144
vn -0.690411 0.608878 0.390640
vn -0.891543 0.237189 0.385867
vn -0.891543 0.237189 0.385867
vn -0.690411 0.608878 0.390640
vn -0.618382 0.545355 0.565855
vn -0.800633 0.213389 0.559867
vn -0.800633 0.213389 0.559867
vn -0.618382 0.545355 0.565855
vn -0.522246 0.460429 0.717819
vn -0.678463 0.181203 0.711936
vn -0.678463 0.181203 0.711936
vn -0.522246 0.460429 0.717819
vn -0.406131 0.357800 0.840855
vn -0.529877 0.141789 0.836138
vn -0.529877 0.141789 0.836138
vn -0.406131 0.357800 0.840855
vn -0.274812 0.241756 0.930609
vn -0.360844 0.096657 0.927604
vn -0.360844 0.096657 0.927604
vn -0.274812 0.241756 0.930609
vn -0.133496 0.117003 0.984118
vn -0.178154 0.047613 0.982850
vn -0.178154 0.047613 0.982850
vn -0.133496 0.117003 0.984118
vn 0.012518 -0.011652 0.999854
vn 0.011093 -0.003388 0.999933
vn 0.011093 -0.003388 0.999933
vn 0.012518 -0.011652 0.999854
vn 0.157749 -0.139314 0.977603
vn 0.199400 -0.054236 0.978416
vn 0.199400 -0.054236 0.978416
vn 0.157749 -0.139314 0.977603
vn 0.296821 -0.261219 0.918511
vn 0.379489 -0.102877 0.919459
vn 0.379489 -0.102877 0.919459
vn 0.296821 -0.261219 0.918511
vn 0.424685 -0.372939 0.824960
vn 0.544676 -0.147438 0.825585
vn 0.544676 -0.147438 0.825585
vn 0.424685 -0.372939 0.824960
vn 0.536597 -0.470416 0.700551
vn 0.688783 -0.186228 0.700641
vn 0.688783 -0.186228 0.700641
vn 0.536597 -0.470416 0.700551
vn 0.628401 -0.550145 0.549957
vn 0.806566 -0.217853 0.549537
vn 0.806566 -0.217853 0.549537
vn 0.628401 -0.550145 0.549957
vn 0.696653 -0.609261 0.378781
vn 0.893814 -0.241221 0.378033
vn 0.893814 -0.241221 0.378033
vn 0.696653 -0.609261 0.378781
vn 0.738760 -0.645625 0.193397
vn 0.947423 -0.255553 0.192566
vn 0.947423 -0.255553 0.192566
vn 0.738760 -0.645625 0.193397
vn 0.753093 -0.657914 0.000723
vn 0.965506 -0.260382 -0.000001
vn 0.965506 -0.260382 -0.000001
vn 0.753093 -0.657914 0.000723
vn 0.739089 -0.645658 -0.192025
vn 0.947423 -0.255553 -0.192566
vn 0.947423 -0.255553 -0.192566
vn 0.739089 -0.645658 -0.192025
vn 0.697254 -0.609290 -0.377628
vn 0.893814 -0.241222 -0.378032
vn 0.893814 -0.241222 -0.378032
vn 0.697254 -0.609290 -0.377628
vn 0.629164 -0.550112 -0.549117
vn 0.806567 -0.217852 -0.549537
vn 0.806567 -0.217852 -0.549537
vn 0.629164 -0.550112 -0.549117
vn 0.537387 -0.470270 -0.700044
vn 0.688783 -0.186228 -0.700640
vn 0.688783 -0.186228 -0.700640
vn 0.537387 -0.470270 -0.700044
vn 0.425364 -0.372654 -0.824739
vn 0.544676 -0.147437 -0.825585
vn 0.544676 -0.147437 -0.825585
vn 0.425364 -0.372654 -0.824739
vn 0.297267 -0.260813 -0.918482
vn 0.379489 -0.102876 -0.919459
vn 0.379489 -0.102876 -0.919459
vn 0.297267 -0.260813 -0.918482
vn 0.157890 -0.138880 -0.977642
vn 0.199400 -0.054235 -0.978416
vn 0.199400 -0.054235 -0.978416
vn 0.157890 -0.138880 -0.977642
vn 0.012353 -0.011346 -0.999859
vn 0.011093 -0.003387 -0.999933
vn 0.025019 0.010555 -0.999631
vn 0.009002 0.009285 -0.999916
vn 0.140399 0.151200 -0.978482
vn 0.084482 0.196289 -0.976900
vn 0.084482 0.196289 -0.976900
vn 0.140399 0.151200 -0.978482
vn 0.266791 0.288069 -0.919695
vn 0.139933 0.374989 -0.916407
vn 0.139933 0.374989 -0.916407
vn 0.266791 0.288069 -0.919695
vn 0.383485 0.414749 -0.825180
vn 0.189225 0.539643 -0.820353
vn 0.189225 0.539643 -0.820353
vn 0.383485 0.414749 -0.825180
vn 0.485908 0.526154 -0.697893
vn 0.230552 0.683670 -0.692416
vn 0.230552 0.683670 -0.692416
vn 0.485908 0.526154 -0.697893
vn 0.569818 0.617540 -0.542174
vn 0.262573 0.801333 -0.537513
vn 0.262573 0.801333 -0.537513
vn 0.569818 0.617540 -0.542174
vn 0.631501 0.684715 -0.363829
vn 0.284386 0.887888 -0.361635
vn 0.284386 0.887888 -0.361635
vn 0.631501 0.684715 -0.363829
vn 0.668076 0.724416 -0.169987
vn 0.295482 0.939816 -0.171572
vn 0.295482 0.939816 -0.171572
vn 0.668076 0.724416 -0.169987
vn 0.677738 0.734643 0.031157
vn 0.295650 0.954960 0.025362
vn 0.295650 0.954960 0.025362
vn 0.677738 0.734643 0.031157
vn 0.660008 0.714908 0.230860
vn 0.284929 0.932597 0.221537
vn 0.284929 0.932597 0.221537
vn 0.660008 0.714908 0.230860
vn 0.615776 0.666311 0.420536
vn 0.263576 0.873507 0.409285
vn 0.263576 0.873507 0.409285
vn 0.615776 0.666311 0.420536
vn 0.547179 0.591361 0.592357
vn 0.232123 0.779998 0.581140
vn 0.232123 0.779998 0.581140
vn 0.547179 0.591361 0.592357
vn 0.457358 0.493636 0.739694
vn 0.191439 0.655830 0.730232
vn 0.191439 0.655830 0.730232
vn 0.457358 0.493636 0.739694
vn 0.350169 0.377452 0.857270
vn 0.142812 0.506124 0.850555
vn 0.142812 0.506124 0.850555
vn 0.350169 0.377452 0.857270
vn 0.229965 0.247601 0.941175
vn 0.087967 0.337088 0.937355
vn 0.087967 0.337088 0.937355
vn 0.229965 0.247601 0.941175
vn 0.101308 0.109003 0.988866
vn 0.028964 0.155537 0.987405
vn 0.028964 0.155537 0.987405
vn 0.101308 0.109003 0.988866
vn -0.030943 -0.033149 0.998971
vn -0.031815 -0.031197 0.999007
vn -0.031815 -0.031197 0.999007
vn -0.030943 -0.033149 0.998971
vn -0.161874 -0.173677 0.971408
vn -0.091886 -0.215887 0.972085
vn -0.091886 -0.215887 0.972085
vn -0.161874 -0.173677 0.971408
vn -0.286686 -0.307523 0.907326
vn -0.148789 -0.391571 0.908038
vn -0.148789 -0.391571 0.908038
vn -0.286686 -0.307523 0.907326
vn -0.400741 -0.429782 0.809132
vn -0.200192 -0.551742 0.809632
vn -0.200192 -0.551742 0.809632
vn -0.400741 -0.429782 0.809132
vn -0.499788 -0.535953 0.680416
vn -0.244048 -0.690623 0.680794
vn -0.244048 -0.690623 0.680794
vn -0.499788 -0.535953 0.680416
vn -0.580050 -0.622023 0.525955
vn -0.278635 -0.803216 0.526505
vn -0.278635 -0.803216 0.526505
vn -0.580050 -0.622023 0.525955
vn -0.638440 -0.684697 0.351544
vn -0.302620 -0.885498 0.352582
vn -0.302620 -0.885498 0.352582
vn -0.638440 -0.684697 0.351544
vn -0.672697 -0.721560 0.163796
vn -0.315089 -0.934518 0.165513
vn -0.315089 -0.934518 0.165513
vn -0.672697 -0.721560 0.163796
vn -0.681508 -0.731190 -0.030137
vn -0.315577 -0.948494 -0.027771
vn -0.315577 -0.948494 -0.027771
vn -0.681508 -0.731190 -0.030137
vn -0.664545 -0.713236 -0.222878
vn -0.304059 -0.926879 -0.220100
vn -0.304059 -0.926879 -0.220100
vn -0.664545 -0.713236 -0.222878
vn -0.622503 -0.668420 -0.407069
vn -0.280953 -0.870406 -0.404299
vn -0.280953 -0.870406 -0.404299
vn -0.622503 -0.668420 -0.407069
vn -0.557051 -0.598493 -0.575760
vn -0.247127 -0.781063 -0.573471
vn -0.247127 -0.781063 -0.573471
vn -0.557051 -0.598493 -0.575760
vn -0.470733 -0.506145 -0.722653
vn -0.203870 -0.662065 -0.721184
vn -0.203870 -0.662065 -0.721184
vn -0.470733 -0.506145 -0.722653
vn -0.366859 -0.394866 -0.842315
vn -0.152877 -0.517744 -0.841766
vn -0.152877 -0.517744 -0.841766
vn -0.366859 -0.394866 -0.842315
vn -0.249323 -0.268742 -0.930385
vn -0.096157 -0.353341 -0.930540
vn -0.096157 -0.353341 -0.930540
vn -0.249323 -0.268742 -0.930385
vn -0.122493 -0.132387 -0.983600
vn -0.036029 -0.174998 -0.983909
vn -0.036029 -0.174998 -0.983909
vn -0.122493 -0.132387 -0.983600
vn 0.009002 0.009285 -0.999916
vn 0.025019 0.010555 -0.999631
vn 0.017855 0.006908 -0.999817
vn 0.022514 0.002023 -0.999744
vn 0.217340 0.019397 -0.975903
vn 0.198992 0.080477 -0.976691
vn 0.198992 0.080477 -0.976691
vn 0.217340 0.019397 -0.975903
vn 0.403825 0.036198 -0.914120
vn 0.372821 0.150647 -0.915593
vn 0.372821 0.150647 -0.915593
vn 0.403825 0.036198 -0.914120
vn 0.574650 0.051760 -0.816761
vn 0.532526 0.214638 -0.818747
vn 0.532526 0.214638 -0.818747
vn 0.574650 0.051760 -0.816761
vn 0.723083 0.065435 -0.687655
vn 0.671727 0.269951 -0.689862
vn 0.671727 0.269951 -0.689862
vn 0.723083 0.065435 -0.687655
vn 0.843312 0.076626 -0.531934
vn 0.784807 0.314521 -0.533999
vn 0.784807 0.314521 -0.533999
vn 0.843312 0.076626 -0.531934
vn 0.930717 0.084835 -0.355764
vn 0.867221 0.346766 -0.357325
vn 0.867221 0.346766 -0.357325
vn 0.930717 0.084835 -0.355764
vn 0.982043 0.089685 -0.165974
vn 0.915700 0.365633 -0.166752
vn 0.915700 0.365633 -0.166752
vn 0.982043 0.089685 -0.165974
vn 0.995399 0.090951 0.030158
vn 0.928324 0.370535 0.030297
vn 0.928324 0.370535 0.030297
vn 0.995399 0.090951 0.030158
vn 0.970294 0.088574 0.225134
vn 0.904596 0.361320 0.226173
vn 0.904596 0.361320 0.226173
vn 0.970294 0.088574 0.225134
vn 0.907645 0.082663 0.411518
vn 0.845448 0.338268 0.413271
vn 0.845448 0.338268 0.413271
vn 0.907645 0.082663 0.411518
vn 0.809768 0.073492 0.582130
vn 0.753227 0.302109 0.584277
vn 0.753227 0.302109 0.584277
vn 0.809768 0.073492 0.582130
vn 0.680361 0.061483 0.730294
vn 0.631617 0.254062 0.732471
vn 0.631617 0.254062 0.732471
vn 0.680361 0.061483 0.730294
vn 0.524410 0.047165 0.850159
vn 0.485503 0.195850 0.852015
vn 0.485503 0.195850 0.852015
vn 0.524410 0.047165 0.850159
vn 0.348051 0.031154 0.936958
vn 0.320781 0.129692 0.938232
vn 0.320781 0.129692 0.938232
vn 0.348051 0.031154 0.936958
vn 0.158183 0.014103 0.987309
vn 0.143944 0.058161 0.987875
vn 0.143944 0.058161 0.987875
vn 0.158183 0.014103 0.987309
vn -0.037641 -0.003309 0.999286
vn -0.037991 -0.015846 0.999152
vn -0.037991 -0.015846 0.999152
vn -0.037641 -0.003309 0.999286
vn -0.231607 -0.020412 0.972595
vn -0.217859 -0.089295 0.971887
vn -0.217859 -0.089295 0.971887
vn -0.231607 -0.020412 0.972595
vn -0.416217 -0.036580 0.908529
vn -0.388826 -0.159263 0.907441
vn -0.388826 -0.159263 0.907441
vn -0.416217 -0.036580 0.908529
vn -0.584434 -0.051236 0.809822
vn -0.544491 -0.223016 0.808575
vn -0.544491 -0.223016 0.808575
vn -0.584434 -0.051236 0.809822
vn -0.729971 -0.063870 0.680487
vn -0.679127 -0.278144 0.679282
vn -0.679127 -0.278144 0.679282
vn -0.729971 -0.063870 0.680487
vn -0.847491 -0.074045 0.525620
vn -0.787842 -0.322620 0.524616
vn -0.787842 -0.322620 0.524616
vn -0.847491 -0.074045 0.525620
vn -0.932764 -0.081416 0.351173
vn -0.866741 -0.354865 0.350471
vn -0.866741 -0.354865 0.350471
vn -0.932764 -0.081416 0.351173
vn -0.982772 -0.085737 0.163731
vn -0.913018 -0.373763 0.163400
vn -0.913018 -0.373763 0.163400
vn -0.982772 -0.085737 0.163731
vn -0.995777 -0.086859 -0.029735
vn -0.925053 -0.378676 -0.029673
vn -0.925053 -0.378676 -0.029673
vn -0.995777 -0.086859 -0.029735
vn -0.971329 -0.084748 -0.222122
vn -0.902427 -0.369438 -0.221680
vn -0.902427 -0.369438 -0.221680
vn -0.971329 -0.084748 -0.222122
vn -0.910271 -0.079473 -0.406314
vn -0.845926 -0.346362 -0.405514
vn -0.845926 -0.346362 -0.405514
vn -0.910271 -0.079473 -0.406314
vn -0.814749 -0.071212 -0.575424
vn -0.757552 -0.310233 -0.574344
vn -0.757552 -0.310233 -0.574344
vn -0.814749 -0.071212 -0.575424
vn -0.688150 -0.060243 -0.723063
vn -0.640437 -0.262306 -0.721828
vn -0.640437 -0.262306 -0.721828
vn -0.688150 -0.060243 -0.723063
vn -0.535038 -0.046939 -0.843523
vn -0.498790 -0.204299 -0.842301
vn -0.498790 -0.204299 -0.842301
vn -0.535038 -0.046939 -0.843523
vn -0.361062 -0.031759 -0.932001
vn -0.337768 -0.138358 -0.931005
vn -0.337768 -0.138358 -0.931005
vn -0.361062 -0.031759 -0.932001
vn -0.172828 -0.015243 -0.984834
vn -0.163381 -0.067026 -0.984284
vn -0.163381 -0.067026 -0.984284
vn -0.172828 -0.015243 -0.984834
vn 0.022514 0.002023 -0.999744
vn 0.017855 0.006908 -0.999817
vn 0.016376 -0.003836 -0.999859
vn 0.014164 -0.010639 -0.999843
vn 0.169951 -0.129835 -0.976862
vn 0.204743 -0.050633 -0.977505
vn 0.204743 -0.050633 -0.977505
vn 0.169951 -0.129835 -0.976862
vn 0.319418 -0.244034 -0.915652
vn 0.385775 -0.095534 -0.917634
vn 0.385775 -0.095534 -0.917634
vn 0.319418 -0.244034 -0.915652
vn 0.456599 -0.348644 -0.818514
vn 0.552609 -0.136817 -0.822134
vn 0.552609 -0.136817 -0.822134
vn 0.456599 -0.348644 -0.818514
vn 0.575960 -0.439463 -0.689306
vn 0.698670 -0.172859 -0.694248
vn 0.698670 -0.172859 -0.694248
vn 0.575960 -0.439463 -0.689306
vn 0.672734 -0.512924 -0.533233
vn 0.817953 -0.202218 -0.538573
vn 0.817953 -0.202218 -0.538573
vn 0.672734 -0.512924 -0.533233
vn 0.743110 -0.566237 -0.356599
vn 0.905326 -0.223668 -0.361051
vn 0.905326 -0.223668 -0.361051
vn 0.743110 -0.566237 -0.356599
vn 0.784430 -0.597492 -0.166353
vn 0.956921 -0.236311 -0.168699
vn 0.956921 -0.236311 -0.168699
vn 0.784430 -0.597492 -0.166353
vn 0.795183 -0.605616 0.030228
vn 0.970385 -0.239610 0.030667
vn 0.970385 -0.239610 0.030667
vn 0.795183 -0.605616 0.030228
vn 0.774971 -0.590340 0.225651
vn 0.945089 -0.233414 0.228746
vn 0.945089 -0.233414 0.228746
vn 0.774971 -0.590340 0.225651
vn 0.724529 -0.552173 0.412507
vn 0.882202 -0.217994 0.417370
vn 0.882202 -0.217994 0.417370
vn 0.724529 -0.552173 0.412507
vn 0.645732 -0.492444 0.583549
vn 0.784575 -0.194010 0.588899
vn 0.784575 -0.194010 0.588899
vn 0.645732 -0.492444 0.583549
vn 0.541602 -0.413343 0.731993
vn 0.656517 -0.162469 0.736607
vn 0.656517 -0.162469 0.736607
vn 0.541602 -0.413343 0.731993
vn 0.416230 -0.317884 0.851882
vn 0.503420 -0.124657 0.855002
vn 0.503420 -0.124657 0.855002
vn 0.416230 -0.317884 0.851882
vn 0.274678 -0.209874 0.938352
vn 0.331529 -0.082089 0.939867
vn 0.331529 -0.082089 0.939867
vn 0.274678 -0.209874 0.938352
vn 0.122605 -0.093626 0.988030
vn 0.147483 -0.036414 0.988394
vn 0.147483 -0.036414 0.988394
vn 0.122605 -0.093626 0.988030
vn -0.033853 0.026124 0.999085
vn -0.041689 0.010598 0.999075
vn -0.041689 0.010598 0.999075
vn -0.033853 0.026124 0.999085
vn -0.188424 0.144511 0.971398
vn -0.228828 0.057125 0.971789
vn -0.228828 0.057125 0.971789
vn -0.188424 0.144511 0.971398
vn -0.335165 0.256921 0.906452
vn -0.407043 0.101412 0.907762
vn -0.407043 0.101412 0.907762
vn -0.335165 0.256921 0.906452
vn -0.468562 0.359082 0.807161
vn -0.569754 0.141802 0.809489
vn -0.569754 0.141802 0.809489
vn -0.468562 0.359082 0.807161
vn -0.583749 0.447254 0.677643
vn -0.710931 0.176786 0.680679
vn -0.710931 0.176786 0.680679
vn -0.583749 0.447254 0.677643
vn -0.676614 0.518292 0.523036
vn -0.825284 0.205076 0.526167
vn -0.825284 0.205076 0.526167
vn -0.676614 0.518292 0.523036
vn -0.743914 0.569746 0.349259
vn -0.908485 0.225629 0.351776
vn -0.908485 0.225629 0.351776
vn -0.743914 0.569746 0.349259
vn -0.783349 0.599886 0.162794
vn -0.957381 0.237690 0.164088
vn -0.957381 0.237690 0.164088
vn -0.783349 0.599886 0.162794
vn -0.793604 0.607716 -0.029562
vn -0.970109 0.240831 -0.029804
vn -0.970109 0.240831 -0.029804
vn -0.793604 0.607716 -0.029562
vn -0.774326 0.592991 -0.220865
vn -0.946185 0.234930 -0.222578
vn -0.946185 0.234930 -0.222578
vn -0.774326 0.592991 -0.220865
vn -0.726168 0.556182 -0.404155
vn -0.886519 0.220205 -0.406933
vn -0.886519 0.220205 -0.406933
vn -0.726168 0.556182 -0.404155
vn -0.650751 0.498512 -0.572721
vn -0.793386 0.197191 -0.575894
vn -0.793386 0.197191 -0.575894
vn -0.650751 0.498512 -0.572721
vn -0.550667 0.421937 -0.720232
vn -0.670316 0.166729 -0.723103
vn -0.670316 0.166729 -0.723103
vn -0.550667 0.421937 -0.720232
vn -0.429426 0.329117 -0.840997
vn -0.521933 0.129938 -0.843031
vn -0.521933 0.129938 -0.843031
vn -0.429426 0.329117 -0.840997
vn -0.291365 0.223371 -0.930168
vn -0.353771 0.088180 -0.931166
vn -0.353771 0.088180 -0.931166
vn -0.291365 0.223371 -0.930168
vn -0.141627 0.108663 -0.983938
vn -0.172120 0.043027 -0.984136
vn -0.172120 0.043027 -0.984136
vn -0.141627 0.108663 -0.983938
vn 0.014164 -0.010639 -0.999843
vn 0.016376 -0.003836 -0.999859
vn -0.838479 0.016610 0.544680
vn -0.999536 0.019789 -0.023141
vn -0.999625 0.015285 -0.022710
vn -0.836355 0.122857 0.534244
vn -0.836355 0.122857 0.534244
vn -0.999625 0.015285 -0.022710
vn -0.999711 0.010943 -0.021385
vn -0.834314 0.225014 0.503278
vn -0.834314 0.225014 0.503278
vn -0.999711 0.010943 -0.021385
vn -0.999791 0.006935 -0.019244
vn -0.832432 0.319206 0.452951
vn -0.832432 0.319206 0.452951
vn -0.999791 0.006935 -0.019244
vn -0.999860 0.003421 -0.016373
vn -0.830837 0.401699 0.385159
vn -0.830837 0.401699 0.385159
vn -0.999860 0.003421 -0.016373
vn -0.999917 0.000536 -0.012867
vn -0.829497 0.469430 0.302605
vn -0.829497 0.469430 0.302605
vn -0.999917 0.000536 -0.012867
vn -0.999960 -0.001581 -0.008857
vn -0.828501 0.519750 0.208436
vn -0.828501 0.519750 0.208436
vn -0.999960 -0.001581 -0.008857
vn -0.999986 -0.002885 -0.004516
vn -0.827899 0.550721 0.106253
vn -0.827899 0.550721 0.106253
vn -0.999986 -0.002885 -0.004516
vn -0.999995 -0.003339 -0.000000
vn -0.827718 0.561145 -0.000001
vn -0.827718 0.561145 -0.000001
vn -0.999995 -0.003339 -0.000000
vn -0.999986 -0.002899 0.004516
vn -0.827921 0.550686 -0.106260
vn -0.827921 0.550686 -0.106260
vn -0.999986 -0.002899 0.004516
vn -0.999960 -0.001593 0.008857
vn -0.828514 0.519731 -0.208433
vn -0.828514 0.519731 -0.208433
vn -0.999960 -0.001593 0.008857
vn -0.999917 0.000543 0.012859
vn -0.829499 0.469426 -0.302606
vn -0.829499 0.469426 -0.302606
vn -0.999917 0.000543 0.012859
vn -0.999860 0.003436 0.016360
vn -0.830836 0.401703 -0.385156
vn -0.830836 0.401703 -0.385156
vn -0.999860 0.003436 0.016360
vn -0.999791 0.006943 0.019240
vn -0.832431 0.319213 -0.452948
vn -0.832431 0.319213 -0.452948
vn -0.999791 0.006943 0.019240
vn -0.999711 0.010946 0.021385
vn -0.834314 0.225018 -0.503277
vn -0.834314 0.225018 -0.503277
vn -0.999711 0.010946 0.021385
vn -0.999625 0.015290 0.022710
vn -0.836355 0.122856 -0.534244
vn -0.836355 0.122856 -0.534244
vn -0.999625 0.015290 0.022710
vn -0.999536 0.019796 0.023141
vn -0.838480 0.016608 -0.544680
vn -0.838480 0.016608 -0.544680
vn -0.999536 0.019796 0.023141
vn -0.999447 0.024309 0.022685
vn -0.840554 -0.089638 -0.534260
vn -0.840554 -0.089638 -0.534260
vn -0.999447 0.024309 0.022685
vn -0.999361 0.028657 0.021375
vn -0.842578 -0.191806 -0.503263
vn -0.842578 -0.191806 -0.503263
vn -0.999361 0.028657 0.021375
vn -0.999281 0.032670 0.019246
vn -0.844444 -0.285959 -0.452926
vn -0.844444 -0.285959 -0.452926
vn -0.999281 0.032670 0.019246
vn -0.999212 0.036166 0.016366
vn -0.846094 -0.368461 -0.385178
vn -0.846094 -0.368461 -0.385178
vn -0.999212 0.036166 0.016366
vn -0.999155 0.039029 0.012852
vn -0.847426 -0.436223 -0.302619
vn -0.847426 -0.436223 -0.302619
vn -0.999155 0.039029 0.012852
vn -0.999113 0.041179 0.008851
vn -0.848425 -0.486549 -0.208435
vn -0.848425 -0.486549 -0.208435
vn -0.999113 0.041179 0.008851
vn -0.999087 0.042486 0.004507
vn -0.849050 -0.517514 -0.106269
vn -0.849050 -0.517514 -0.106269
vn -0.999087 0.042486 0.004507
vn -0.999079 0.042918 0.000000
vn -0.849268 -0.527961 -0.000001
vn -0.849268 -0.527961 -0.000001
vn -0.999079 0.042918 0.000000
vn -0.999087 0.042484 -0.004507
vn -0.849043 -0.517527 0.106264
vn -0.849043 -0.517527 0.106264
vn -0.999087 0.042484 -0.004507
vn -0.999113 0.041167 -0.008851
vn -0.848418 -0.486557 0.208443
vn -0.848418 -0.486557 0.208443
vn -0.999113 0.041167 -0.008851
vn -0.999156 0.039018 -0.012852
vn -0.847421 -0.436233 0.302619
vn -0.847421 -0.436233 0.302619
vn -0.999156 0.039018 -0.012852
vn -0.999212 0.036162 -0.016366
vn -0.846083 -0.368488 0.385176
vn -0.846083 -0.368488 0.385176
vn -0.999212 0.036162 -0.016366
vn -0.999281 0.032668 -0.019246
vn -0.844444 -0.285966 0.452923
vn -0.844444 -0.285966 0.452923
vn -0.999281 0.032668 -0.019246
vn -0.999361 0.028653 -0.021375
vn -0.842579 -0.191812 0.503259
vn -0.842579 -0.191812 0.503259
vn -0.999361 0.028653 -0.021375
vn -0.999447 0.024308 -0.022684
vn -0.840553 -0.089643 0.534261
vn -0.840553 -0.089643 0.534261
vn -0.999447 0.024308 -0.022684
vn -0.999536 0.019789 -0.023141
vn -0.838479 0.016610 0.544680
vn -0.000001 -0.000024 -1.000000
vn 0.627198 -0.012450 -0.778761
vn 0.624189 -0.164333 -0.763795
vn -0.003864 -0.195060 -0.980784
vn -0.003864 -0.195060 -0.980784
vn 0.624189 -0.164333 -0.763795
vn 0.621291 -0.310374 -0.719490
vn -0.007579 -0.382598 -0.923884
vn -0.007579 -0.382598 -0.923884
vn 0.621291 -0.310374 -0.719490
vn 0.618645 -0.444987 -0.647507
vn -0.011001 -0.555460 -0.831471
vn -0.011001 -0.555460 -0.831471
vn 0.618645 -0.444987 -0.647507
vn 0.616289 -0.562984 -0.550669
vn -0.014002 -0.706966 -0.707108
vn -0.014002 -0.706966 -0.707108
vn 0.616289 -0.562984 -0.550669
vn 0.614369 -0.659814 -0.432662
vn -0.016466 -0.831306 -0.555571
vn -0.016466 -0.831306 -0.555571
vn 0.614369 -0.659814 -0.432662
vn 0.612952 -0.731762 -0.298018
vn -0.018297 -0.923698 -0.382683
vn -0.018297 -0.923698 -0.382683
vn 0.612952 -0.731762 -0.298018
vn 0.612077 -0.776068 -0.151922
vn -0.019422 -0.980594 -0.195086
vn -0.019422 -0.980594 -0.195086
vn 0.612077 -0.776068 -0.151922
vn 0.611790 -0.791020 0.000001
vn -0.019801 -0.999804 0.000000
vn -0.019801 -0.999804 0.000000
vn 0.611790 -0.791020 0.000001
vn 0.612076 -0.776069 0.151922
vn -0.019422 -0.980594 0.195086
vn -0.019422 -0.980594 0.195086
vn 0.612076 -0.776069 0.151922
vn 0.612953 -0.731762 0.298016
vn -0.018295 -0.923699 0.382681
vn -0.018295 -0.923699 0.382681
vn 0.612953 -0.731762 0.298016
vn 0.614371 -0.659813 0.432661
vn -0.016464 -0.831307 0.555570
vn -0.016464 -0.831307 0.555570
vn 0.614371 -0.659813 0.432661
vn 0.616288 -0.562989 0.550666
vn -0.014002 -0.706968 0.707107
vn -0.014002 -0.706968 0.707107
vn 0.616288 -0.562989 0.550666
vn 0.618646 -0.444986 0.647506
vn -0.011002 -0.555461 0.831470
vn -0.011002 -0.555461 0.831470
vn 0.618646 -0.444986 0.647506
vn 0.621292 -0.310369 0.719491
vn -0.007579 -0.382597 0.923884
vn -0.007579 -0.382597 0.923884
vn 0.621292 -0.310369 0.719491
vn 0.624192 -0.164333 0.763792
vn -0.003864 -0.195061 0.980784
vn -0.003864 -0.195061 0.980784
vn 0.624192 -0.164333 0.763792
vn 0.627201 -0.012427 0.778759
vn 0.000000 0.000002 1.000000
vn 0.000000 0.000002 1.000000
vn 0.627201 -0.012427 0.778759
vn 0.630230 0.139477 0.763778
vn 0.003864 0.195062 0.980783
vn 0.003864 0.195062 0.980783
vn 0.630230 0.139477 0.763778
vn 0.633104 0.285530 0.719481
vn 0.007578 0.382596 0.923885
vn 0.007578 0.382596 0.923885
vn 0.633104 0.285530 0.719481
vn 0.635759 0.420151 0.647521
vn 0.011000 0.555463 0.831469
vn 0.011000 0.555463 0.831469
vn 0.635759 0.420151 0.647521
vn 0.638099 0.538133 0.550674
vn 0.013999 0.706970 0.707105
vn 0.013999 0.706970 0.707105
vn 0.638099 0.538133 0.550674
vn 0.640023 0.634967 0.432653
vn 0.016461 0.831307 0.555570
vn 0.016461 0.831307 0.555570
vn 0.640023 0.634967 0.432653
vn 0.641436 0.706927 0.298017
vn 0.018291 0.923699 0.382682
vn 0.018291 0.923699 0.382682
vn 0.641436 0.706927 0.298017
vn 0.642325 0.751223 0.151930
vn 0.019418 0.980593 0.195089
vn 0.019418 0.980593 0.195089
vn 0.642325 0.751223 0.151930
vn 0.642609 0.766194 0.000000
vn 0.019798 0.999804 0.000000
vn 0.019798 0.999804 0.000000
vn 0.642609 0.766194 0.000000
vn 0.642322 0.751226 -0.151929
vn 0.019418 0.980594 -0.195088
vn 0.019418 0.980594 -0.195088
vn 0.642322 0.751226 -0.151929
vn 0.641435 0.706928 -0.298017
vn 0.018291 0.923699 -0.382681
vn 0.018291 0.923699 -0.382681
vn 0.641435 0.706928 -0.298017
vn 0.640022 0.634968 -0.432652
vn 0.016461 0.831307 -0.555570
vn 0.016461 0.831307 -0.555570
vn 0.640022 0.634968 -0.432652
vn 0.638099 0.538132 -0.550676
vn 0.013999 0.706969 -0.707106
vn 0.013999 0.706969 -0.707106
vn 0.638099 0.538132 -0.550676
vn 0.635759 0.420148 -0.647522
vn 0.011000 0.555462 -0.831469
vn 0.011000 0.555462 -0.831469
vn 0.635759 0.420148 -0.647522
vn 0.633107 0.285554 -0.719468
vn 0.007578 0.382620 -0.923875
vn 0.007578 0.382620 -0.923875
vn 0.633107 0.285554 -0.719468
vn 0.630215 0.139483 -0.763789
vn 0.003864 0.195060 -0.980784
vn 0.621291 -0.310374 -0.719490
vn 0.956711 -0.127363 -0.261692
vn 0.955740 -0.176329 -0.235518
vn 0.618645 -0.444987 -0.647507
vn 0.624189 -0.164333 -0.763795
vn 0.957758 -0.074254 -0.277822
vn 0.956711 -0.127363 -0.261692
vn 0.621291 -0.310374 -0.719490
vn 0.618645 -0.444987 -0.647507
vn 0.955740 -0.176329 -0.235518
vn 0.954892 -0.219239 -0.200291
vn 0.616289 -0.562984 -0.550669
vn 0.616289 -0.562984 -0.550669
vn 0.954892 -0.219239 -0.200291
vn 0.954196 -0.254454 -0.157363
vn 0.614369 -0.659814 -0.432662
vn 0.614369 -0.659814 -0.432662
vn 0.954196 -0.254454 -0.157363
vn 0.953678 -0.280625 -0.108388
vn 0.612952 -0.731762 -0.298018
vn 0.612952 -0.731762 -0.298018
vn 0.953678 -0.280625 -0.108388
vn 0.953362 -0.296729 -0.055255
vn 0.612077 -0.776068 -0.151922
vn 0.612077 -0.776068 -0.151922
vn 0.953362 -0.296729 -0.055255
vn 0.953254 -0.302171 -0.000000
vn 0.611790 -0.791020 0.000001
vn 0.611790 -0.791020 0.000001
vn 0.953254 -0.302171 -0.000000
vn 0.953359 -0.296739 0.055254
vn 0.612076 -0.776069 0.151922
vn 0.612076 -0.776069 0.151922
vn 0.953359 -0.296739 0.055254
vn 0.953679 -0.280623 0.108388
vn 0.612953 -0.731762 0.298016
vn 0.612953 -0.731762 0.298016
vn 0.953679 -0.280623 0.108388
vn 0.954197 -0.254450 0.157365
vn 0.614371 -0.659813 0.432661
vn 0.614371 -0.659813 0.432661
vn 0.954197 -0.254450 0.157365
vn 0.954892 -0.219237 0.200292
vn 0.616288 -0.562989 0.550666
vn 0.616288 -0.562989 0.550666
vn 0.954892 -0.219237 0.200292
vn 0.955740 -0.176329 0.235520
vn 0.618646 -0.444986 0.647506
vn 0.618646 -0.444986 0.647506
vn 0.955740 -0.176329 0.235520
vn 0.956710 -0.127370 0.261692
vn 0.621292 -0.310369 0.719491
vn 0.621292 -0.310369 0.719491
vn 0.956710 -0.127370 0.261692
vn 0.957764 -0.074245 0.277804
vn 0.624192 -0.164333 0.763792
vn 0.624192 -0.164333 0.763792
vn 0.957764 -0.074245 0.277804
vn 0.958861 -0.019000 0.283239
vn 0.627201 -0.012427 0.778759
vn 0.627201 -0.012427 0.778759
vn 0.958861 -0.019000 0.283239
vn 0.959949 0.036252 0.277819
vn 0.630230 0.139477 0.763778
vn 0.630230 0.139477 0.763778
vn 0.959949 0.036252 0.277819
vn 0.960993 0.089406 0.261722
vn 0.633104 0.285530 0.719481
vn 0.633104 0.285530 0.719481
vn 0.960993 0.089406 0.261722
vn 0.961963 0.138366 0.235545
vn 0.635759 0.420151 0.647521
vn 0.635759 0.420151 0.647521
vn 0.961963 0.138366 0.235545
vn 0.962831 0.181229 0.200283
vn 0.638099 0.538133 0.550674
vn 0.638099 0.538133 0.550674
vn 0.962831 0.181229 0.200283
vn 0.963533 0.216442 0.157345
vn 0.640023 0.634967 0.432653
vn 0.640023 0.634967 0.432653
vn 0.963533 0.216442 0.157345
vn 0.964040 0.242649 0.108391
vn 0.641436 0.706927 0.298017
vn 0.641436 0.706927 0.298017
vn 0.964040 0.242649 0.108391
vn 0.964361 0.258753 0.055266
vn 0.642325 0.751223 0.151930
vn 0.642325 0.751223 0.151930
vn 0.964361 0.258753 0.055266
vn 0.964475 0.264173 0.000000
vn 0.642609 0.766194 0.000000
vn 0.642609 0.766194 0.000000
vn 0.964475 0.264173 0.000000
vn 0.964362 0.258750 -0.055266
vn 0.642322 0.751226 -0.151929
vn 0.642322 0.751226 -0.151929
vn 0.964362 0.258750 -0.055266
vn 0.964040 0.242647 -0.108392
vn 0.641435 0.706928 -0.298017
vn 0.641435 0.706928 -0.298017
vn 0.964040 0.242647 -0.108392
vn 0.963529 0.216455 -0.157351
vn 0.640022 0.634968 -0.432652
vn 0.640022 0.634968 -0.432652
vn 0.963529 0.216455 -0.157351
vn 0.962827 0.181241 -0.200289
vn 0.638099 0.538132 -0.550676
vn 0.638099 0.538132 -0.550676
vn 0.962827 0.181241 -0.200289
vn 0.961963 0.138368 -0.235546
vn 0.635759 0.420148 -0.647522
vn 0.635759 0.420148 -0.647522
vn 0.961963 0.138368 -0.235546
vn 0.960995 0.089415 -0.261714
vn 0.633107 0.285554 -0.719468
vn 0.633107 0.285554 -0.719468
vn 0.960995 0.089415 -0.261714
vn 0.959948 0.036274 -0.277822
vn 0.630215 0.139483 -0.763789
vn 0.630215 0.139483 -0.763789
vn 0.959948 0.036274 -0.277822
vn 0.958852 -0.018998 -0.283270
vn 0.627198 -0.012450 -0.778761
vn -0.744771 0.144390 -0.651512
vn -0.742267 0.268992 -0.613745
vn -0.793131 0.246455 -0.556958
vn -0.795385 0.133377 -0.591248
vn -0.758275 -0.537411 -0.369064
vn -0.756621 -0.454825 -0.469743
vn -0.806139 -0.410393 -0.426283
vn -0.807643 -0.485326 -0.334920
vn -0.740016 0.383781 -0.552348
vn -0.738015 0.484444 -0.469731
vn -0.789275 0.441979 -0.426262
vn -0.791085 0.350646 -0.501230
vn -0.337499 -0.177236 -0.924490
vn -0.341051 -0.354024 -0.870834
vn 0.321512 -0.367852 -0.872534
vn 0.325034 -0.190719 -0.926272
vn -0.754642 -0.354169 -0.552341
vn -0.752352 -0.239392 -0.613725
vn -0.802277 -0.214855 -0.556947
vn -0.804351 -0.319055 -0.501222
vn -0.318371 0.790192 -0.523675
vn -0.320706 0.672982 -0.666515
vn 0.341887 0.661165 -0.667813
vn 0.344229 0.778591 -0.524693
vn -0.736418 0.567012 -0.369034
vn -0.735186 0.628398 -0.254199
vn -0.786686 0.572628 -0.230700
vn -0.787801 0.516923 -0.334903
vn -0.749913 -0.114786 -0.651502
vn -0.747335 0.014812 -0.664282
vn -0.797711 0.015806 -0.602833
vn -0.800044 -0.101771 -0.591246
vn -0.333879 0.006611 -0.942593
vn -0.337499 -0.177236 -0.924490
vn 0.325034 -0.190719 -0.926272
vn 0.328702 -0.006512 -0.944411
vn -0.734404 0.666226 -0.129587
vn -0.734153 0.678985 0.000000
vn -0.785753 0.618540 0.000000
vn -0.785998 0.606941 -0.117596
vn -0.316651 0.877282 -0.360705
vn -0.318371 0.790192 -0.523675
vn 0.344229 0.778591 -0.524693
vn 0.345960 0.865842 -0.361426
vn -0.315601 0.930902 -0.183895
vn -0.316651 0.877282 -0.360705
vn 0.345960 0.865842 -0.361426
vn 0.347021 0.919582 -0.184245
vn -0.315219 0.949019 0.000003
vn -0.315601 0.930902 -0.183895
vn 0.347021 0.919582 -0.184245
vn 0.347384 0.937723 0.000002
vn -0.315590 0.930909 0.183881
vn -0.315219 0.949019 0.000003
vn 0.347384 0.937723 0.000002
vn 0.347028 0.919579 0.184246
vn -0.316646 0.877286 0.360701
vn -0.315590 0.930909 0.183881
vn 0.347028 0.919579 0.184246
vn 0.345967 0.865840 0.361424
vn -0.318368 0.790189 0.523682
vn -0.316646 0.877286 0.360701
vn 0.345967 0.865840 0.361424
vn 0.344232 0.778587 0.524696
vn -0.734153 0.678985 0.000000
vn -0.734404 0.666226 0.129587
vn -0.785998 0.606941 0.117596
vn -0.785753 0.618540 0.000000
vn -0.320708 0.672980 0.666517
vn -0.318368 0.790189 0.523682
vn 0.344232 0.778587 0.524696
vn 0.341887 0.661164 0.667814
vn -0.735185 0.628399 0.254200
vn -0.736419 0.567009 0.369036
vn -0.787802 0.516922 0.334903
vn -0.786686 0.572627 0.230700
vn -0.738019 0.484427 0.469743
vn -0.740017 0.383765 0.552358
vn -0.791086 0.350642 0.501232
vn -0.789278 0.441974 0.426263
vn -0.323561 0.530187 0.783716
vn -0.320708 0.672980 0.666517
vn 0.341887 0.661164 0.667814
vn 0.339053 0.518093 0.785253
vn -0.742279 0.268956 0.613746
vn -0.744739 0.144410 0.651544
vn -0.795379 0.133388 0.591253
vn -0.793129 0.246463 0.556958
vn -0.326759 0.367244 0.870839
vn -0.323561 0.530187 0.783716
vn 0.339053 0.518093 0.785253
vn 0.335831 0.354831 0.872532
vn -0.747342 0.014803 0.664274
vn -0.749883 -0.114799 0.651534
vn -0.800039 -0.101779 0.591251
vn -0.797702 0.015797 0.602844
vn -0.752365 -0.239334 0.613732
vn -0.754641 -0.354168 0.552342
vn -0.804352 -0.319054 0.501221
vn -0.802277 -0.214849 0.556948
vn -0.330224 0.190448 0.924490
vn -0.326759 0.367244 0.870839
vn 0.335831 0.354831 0.872532
vn 0.332339 0.177693 0.926270
vn -0.756620 -0.454829 0.469742
vn -0.758272 -0.537417 0.369062
vn -0.807641 -0.485329 0.334920
vn -0.806138 -0.410395 0.426284
vn -0.333892 0.006607 0.942588
vn -0.330224 0.190448 0.924490
vn 0.332339 0.177693 0.926270
vn 0.328702 -0.006511 0.944411
vn -0.759502 -0.598787 0.254185
vn -0.760252 -0.636572 0.129588
vn -0.809432 -0.575317 0.117603
vn -0.808750 -0.541022 0.230691
vn -0.760493 -0.649346 -0.000000
vn -0.760252 -0.636572 -0.129588
vn -0.809431 -0.575318 -0.117606
vn -0.809656 -0.586905 -0.000000
vn -0.337505 -0.177231 0.924489
vn -0.333892 0.006607 0.942588
vn 0.328702 -0.006511 0.944411
vn 0.325034 -0.190720 0.926272
vn -0.747335 0.014812 -0.664282
vn -0.744771 0.144390 -0.651512
vn -0.795385 0.133377 -0.591248
vn -0.797711 0.015806 -0.602833
vn -0.000001 -0.000027 -1.000000
vn -0.000001 -0.000024 -1.000000
vn -0.003864 -0.195060 -0.980784
vn -0.003864 -0.195061 -0.980784
vn -0.003864 -0.195061 -0.980784
vn -0.003864 -0.195060 -0.980784
vn -0.007579 -0.382598 -0.923884
vn -0.007578 -0.382598 -0.923884
vn -0.007578 -0.382598 -0.923884
vn -0.007579 -0.382598 -0.923884
vn -0.011001 -0.555460 -0.831471
vn -0.011003 -0.555459 -0.831471
vn -0.011003 -0.555459 -0.831471
vn -0.011001 -0.555460 -0.831471
vn -0.014002 -0.706966 -0.707108
vn -0.014003 -0.706964 -0.707111
vn -0.014003 -0.706964 -0.707111
vn -0.014002 -0.706966 -0.707108
vn -0.016466 -0.831306 -0.555571
vn -0.016466 -0.831306 -0.555572
vn -0.016466 -0.831306 -0.555572
vn -0.016466 -0.831306 -0.555571
vn -0.018297 -0.923698 -0.382683
vn -0.018296 -0.923699 -0.382683
vn -0.018296 -0.923699 -0.382683
vn -0.018297 -0.923698 -0.382683
vn -0.019422 -0.980594 -0.195086
vn -0.019424 -0.980594 -0.195087
vn -0.019424 -0.980594 -0.195087
vn -0.019422 -0.980594 -0.195086
vn -0.019801 -0.999804 0.000000
vn -0.019805 -0.999804 -0.000000
vn -0.019805 -0.999804 -0.000000
vn -0.019801 -0.999804 0.000000
vn -0.019422 -0.980594 0.195086
vn -0.019424 -0.980594 0.195085
vn -0.019424 -0.980594 0.195085
vn -0.019422 -0.980594 0.195086
vn -0.018295 -0.923699 0.382681
vn -0.018297 -0.923700 0.382681
vn -0.018297 -0.923700 0.382681
vn -0.018295 -0.923699 0.382681
vn -0.016464 -0.831307 0.555570
vn -0.016467 -0.831306 0.555571
vn -0.016467 -0.831306 0.555571
vn -0.016464 -0.831307 0.555570
vn -0.014002 -0.706968 0.707107
vn -0.014004 -0.706964 0.707111
vn -0.014004 -0.706964 0.707111
vn -0.014002 -0.706968 0.707107
vn -0.011002 -0.555461 0.831470
vn -0.011002 -0.555458 0.831472
vn -0.011002 -0.555458 0.831472
vn -0.011002 -0.555461 0.831470
vn -0.007579 -0.382597 0.923884
vn -0.007578 -0.382598 0.923884
vn -0.007578 -0.382598 0.923884
vn -0.007579 -0.382597 0.923884
vn -0.003864 -0.195061 0.980784
vn -0.003864 -0.195061 0.980783
vn -0.003864 -0.195061 0.980783
vn -0.003864 -0.195061 0.980784
vn 0.000000 0.000002 1.000000
vn -0.000000 -0.000000 1.000000
vn -0.000000 -0.000000 1.000000
vn 0.000000 0.000002 1.000000
vn 0.003864 0.195062 0.980783
vn 0.003864 0.195061 0.980784
vn 0.003864 0.195061 0.980784
vn 0.003864 0.195062 0.980783
vn 0.007578 0.382596 0.923885
vn 0.007579 0.382597 0.923885
vn 0.007579 0.382597 0.923885
vn 0.007578 0.382596 0.923885
vn 0.011000 0.555463 0.831469
vn 0.011003 0.555459 0.831471
vn 0.011003 0.555459 0.831471
vn 0.011000 0.555463 0.831469
vn 0.013999 0.706970 0.707105
vn 0.014004 0.706966 0.707109
vn 0.014004 0.706966 0.707109
vn 0.013999 0.706970 0.707105
vn 0.016461 0.831307 0.555570
vn 0.016468 0.831306 0.555571
vn 0.016468 0.831306 0.555571
vn 0.016461 0.831307 0.555570
vn 0.018291 0.923699 0.382682
vn 0.018298 0.923699 0.382682
vn 0.018298 0.923699 0.382682
vn 0.018291 0.923699 0.382682
vn 0.019418 0.980593 0.195089
vn 0.019423 0.980594 0.195087
vn 0.019423 0.980594 0.195087
vn 0.019418 0.980593 0.195089
vn 0.019798 0.999804 0.000000
vn 0.019804 0.999804 0.000000
vn 0.019804 0.999804 0.000000
vn 0.019798 0.999804 0.000000
vn 0.019418 0.980594 -0.195088
vn 0.019423 0.980594 -0.195087
vn 0.019423 0.980594 -0.195087
vn 0.019418 0.980594 -0.195088
vn 0.018291 0.923699 -0.382681
vn 0.018298 0.923699 -0.382682
vn 0.018298 0.923699 -0.382682
vn 0.018291 0.923699 -0.382681
vn 0.016461 0.831307 -0.555570
vn 0.016468 0.831306 -0.555571
vn 0.016468 0.831306 -0.555571
vn 0.016461 0.831307 -0.555570
vn 0.013999 0.706969 -0.707106
vn 0.014005 0.706967 -0.707108
vn 0.014005 0.706967 -0.707108
vn 0.013999 0.706969 -0.707106
vn 0.011000 0.555462 -0.831469
vn 0.011003 0.555460 -0.831470
vn 0.011003 0.555460 -0.831470
vn 0.011000 0.555462 -0.831469
vn 0.007578 0.382620 -0.923875
vn 0.007579 0.382621 -0.923874
vn 0.007579 0.382621 -0.923874
vn 0.007578 0.382620 -0.923875
vn 0.003864 0.195060 -0.980784
vn 0.003864 0.195061 -0.980784
vn 0.003864 0.195061 -0.980784
vn 0.003864 0.195060 -0.980784
vn -0.000001 -0.000024 -1.000000
vn -0.000001 -0.000027 -1.000000
vn 0.644274 0.136949 -0.752433
vn 0.160114 0.189558 -0.968727
vn 0.156299 -0.003097 -0.987705
vn 0.641315 -0.012700 -0.767173
vn 0.025597 0.194564 -0.980556
vn -0.994268 0.039408 -0.099388
vn -0.994662 0.019711 -0.101289
vn 0.021734 -0.000430 -0.999764
vn 0.647111 0.280841 -0.708785
vn 0.163787 0.374815 -0.912517
vn 0.160114 0.189558 -0.968727
vn 0.644274 0.136949 -0.752433
vn 0.649742 0.413449 -0.637884
vn 0.167170 0.545541 -0.821242
vn 0.163787 0.374815 -0.912517
vn 0.647111 0.280841 -0.708785
vn 0.652088 0.529645 -0.542455
vn 0.170129 0.695175 -0.698418
vn 0.167170 0.545541 -0.821242
vn 0.649742 0.413449 -0.637884
vn 0.653985 0.625025 -0.426201
vn 0.172557 0.817989 -0.548743
vn 0.170129 0.695175 -0.698418
vn 0.652088 0.529645 -0.542455
vn 0.655368 0.695922 -0.293573
vn 0.174365 0.909249 -0.377972
vn 0.172557 0.817989 -0.548743
vn 0.653985 0.625025 -0.426201
vn 0.656245 0.739555 -0.149666
vn 0.175480 0.965442 -0.192689
vn 0.174365 0.909249 -0.377972
vn 0.655368 0.695922 -0.293573
vn 0.656554 0.754279 0.000000
vn 0.175854 0.984416 0.000000
vn 0.175480 0.965442 -0.192689
vn 0.656245 0.739555 -0.149666
vn 0.656240 0.739560 0.149666
vn 0.175481 0.965441 0.192691
vn 0.175854 0.984416 0.000000
vn 0.656554 0.754279 0.000000
vn 0.655366 0.695922 0.293576
vn 0.174362 0.909247 0.377978
vn 0.175481 0.965441 0.192691
vn 0.656240 0.739560 0.149666
vn 0.653985 0.625030 0.426195
vn 0.172549 0.817990 0.548743
vn 0.174362 0.909247 0.377978
vn 0.655366 0.695922 0.293576
vn 0.652100 0.529640 0.542446
vn 0.170124 0.695180 0.698415
vn 0.172549 0.817990 0.548743
vn 0.653985 0.625030 0.426195
vn 0.649743 0.413447 0.637884
vn 0.167170 0.545542 0.821242
vn 0.170124 0.695180 0.698415
vn 0.652100 0.529640 0.542446
vn 0.647104 0.280840 0.708792
vn 0.163787 0.374813 0.912518
vn 0.167170 0.545542 0.821242
vn 0.649743 0.413447 0.637884
vn 0.644270 0.136919 0.752443
vn 0.160108 0.189547 0.968730
vn 0.163787 0.374813 0.912518
vn 0.647104 0.280840 0.708792
vn 0.641322 -0.012708 0.767167
vn 0.156286 -0.003098 0.987707
vn 0.160108 0.189547 0.968730
vn 0.644270 0.136919 0.752443
vn 0.638371 -0.162327 0.752418
vn 0.152475 -0.195739 0.968730
vn 0.156286 -0.003098 0.987707
vn 0.641322 -0.012708 0.767167
vn 0.635512 -0.306237 0.708762
vn 0.148814 -0.381005 0.912518
vn 0.152475 -0.195739 0.968730
vn 0.638371 -0.162327 0.752418
vn 0.632887 -0.438833 0.637871
vn 0.145434 -0.551736 0.821241
vn 0.148814 -0.381005 0.912518
vn 0.635512 -0.306237 0.708762
vn 0.630582 -0.555056 0.542474
vn 0.142466 -0.701369 0.698416
vn 0.145434 -0.551736 0.821241
vn 0.632887 -0.438833 0.637871
vn 0.628715 -0.650436 0.426205
vn 0.140030 -0.824179 0.548744
vn 0.142466 -0.701369 0.698416
vn 0.630582 -0.555056 0.542474
vn 0.627299 -0.721325 0.293575
vn 0.138221 -0.915441 0.377973
vn 0.140030 -0.824179 0.548744
vn 0.628715 -0.650436 0.426205
vn 0.626435 -0.764972 0.149659
vn 0.137110 -0.971634 0.192687
vn 0.138221 -0.915441 0.377973
vn 0.627299 -0.721325 0.293575
vn 0.626141 -0.779710 -0.000000
vn 0.136734 -0.990608 -0.000000
vn 0.137110 -0.971634 0.192687
vn 0.626435 -0.764972 0.149659
vn 0.626441 -0.764966 -0.149662
vn 0.137111 -0.971633 -0.192689
vn 0.136734 -0.990608 -0.000000
vn 0.626141 -0.779710 -0.000000
vn 0.627296 -0.721328 -0.293574
vn 0.138222 -0.915440 -0.377974
vn 0.137111 -0.971633 -0.192689
vn 0.626441 -0.764966 -0.149662
vn 0.628711 -0.650442 -0.426202
vn 0.140031 -0.824180 -0.548743
vn 0.138222 -0.915440 -0.377974
vn 0.627296 -0.721328 -0.293574
vn 0.630581 -0.555060 -0.542472
vn 0.142466 -0.701369 -0.698416
vn 0.140031 -0.824180 -0.548743
vn 0.628711 -0.650442 -0.426202
vn 0.495000 0.160104 -0.854015
vn 0.261879 0.183351 -0.947524
vn 0.258124 -0.005111 -0.966098
vn 0.491612 -0.009746 -0.870760
vn 0.635516 -0.306225 -0.708764
vn 0.148813 -0.381006 -0.912518
vn 0.145433 -0.551735 -0.821241
vn 0.632889 -0.438828 -0.637872
vn 0.641315 -0.012700 -0.767173
vn 0.156299 -0.003097 -0.987705
vn 0.152481 -0.195748 -0.968727
vn 0.638360 -0.162346 -0.752423
vn 0.644274 0.136949 -0.752433
vn 0.959948 0.036274 -0.277822
vn 0.960995 0.089415 -0.261714
vn 0.647111 0.280841 -0.708785
vn 0.647111 0.280841 -0.708785
vn 0.960995 0.089415 -0.261714
vn 0.961963 0.138368 -0.235546
vn 0.649742 0.413449 -0.637884
vn 0.649742 0.413449 -0.637884
vn 0.961963 0.138368 -0.235546
vn 0.962827 0.181241 -0.200289
vn 0.652088 0.529645 -0.542455
vn 0.652088 0.529645 -0.542455
vn 0.962827 0.181241 -0.200289
vn 0.963529 0.216455 -0.157351
vn 0.653985 0.625025 -0.426201
vn 0.653985 0.625025 -0.426201
vn 0.963529 0.216455 -0.157351
vn 0.964040 0.242647 -0.108392
vn 0.655368 0.695922 -0.293573
vn 0.655368 0.695922 -0.293573
vn 0.964040 0.242647 -0.108392
vn 0.964362 0.258750 -0.055266
vn 0.656245 0.739555 -0.149666
vn 0.656245 0.739555 -0.149666
vn 0.964362 0.258750 -0.055266
vn 0.964475 0.264173 0.000000
vn 0.656554 0.754279 0.000000
vn 0.656554 0.754279 0.000000
vn 0.964475 0.264173 0.000000
vn 0.964361 0.258753 0.055266
vn 0.656240 0.739560 0.149666
vn 0.656240 0.739560 0.149666
vn 0.964361 0.258753 0.055266
vn 0.964040 0.242649 0.108391
vn 0.655366 0.695922 0.293576
vn 0.655366 0.695922 0.293576
vn 0.964040 0.242649 0.108391
vn 0.963533 0.216442 0.157345
vn 0.653985 0.625030 0.426195
vn 0.653985 0.625030 0.426195
vn 0.963533 0.216442 0.157345
vn 0.962831 0.181229 0.200283
vn 0.652100 0.529640 0.542446
vn 0.652100 0.529640 0.542446
vn 0.962831 0.181229 0.200283
vn 0.961963 0.138366 0.235545
vn 0.649743 0.413447 0.637884
vn 0.649743 0.413447 0.637884
vn 0.961963 0.138366 0.235545
vn 0.960993 0.089406 0.261722
vn 0.647104 0.280840 0.708792
vn 0.647104 0.280840 0.708792
vn 0.960993 0.089406 0.261722
vn 0.959949 0.036252 0.277819
vn 0.644270 0.136919 0.752443
vn 0.644270 0.136919 0.752443
vn 0.959949 0.036252 0.277819
vn 0.958861 -0.019000 0.283239
vn 0.641322 -0.012708 0.767167
vn 0.641322 -0.012708 0.767167
vn 0.958861 -0.019000 0.283239
vn 0.957764 -0.074245 0.277804
vn 0.638371 -0.162327 0.752418
vn 0.638371 -0.162327 0.752418
vn 0.957764 -0.074245 0.277804
vn 0.956710 -0.127370 0.261692
vn 0.635512 -0.306237 0.708762
vn 0.635512 -0.306237 0.708762
vn 0.956710 -0.127370 0.261692
vn 0.955740 -0.176329 0.235520
vn 0.632887 -0.438833 0.637871
vn 0.632887 -0.438833 0.637871
vn 0.955740 -0.176329 0.235520
vn 0.954892 -0.219237 0.200292
vn 0.630582 -0.555056 0.542474
vn 0.630582 -0.555056 0.542474
vn 0.954892 -0.219237 0.200292
vn 0.954197 -0.254450 0.157365
vn 0.628715 -0.650436 0.426205
vn 0.628715 -0.650436 0.426205
vn 0.954197 -0.254450 0.157365
vn 0.953679 -0.280623 0.108388
vn 0.627299 -0.721325 0.293575
vn 0.627299 -0.721325 0.293575
vn 0.953679 -0.280623 0.108388
vn 0.953359 -0.296739 0.055254
vn 0.626435 -0.764972 0.149659
vn 0.626435 -0.764972 0.149659
vn 0.953359 -0.296739 0.055254
vn 0.953254 -0.302171 -0.000000
vn 0.626141 -0.779710 -0.000000
vn 0.626141 -0.779710 -0.000000
vn 0.953254 -0.302171 -0.000000
vn 0.953362 -0.296729 -0.055255
vn 0.626441 -0.764966 -0.149662
vn 0.626441 -0.764966 -0.149662
vn 0.953362 -0.296729 -0.055255
vn 0.953678 -0.280625 -0.108388
vn 0.627296 -0.721328 -0.293574
vn 0.627296 -0.721328 -0.293574
vn 0.953678 -0.280625 -0.108388
vn 0.954196 -0.254454 -0.157363
vn 0.628711 -0.650442 -0.426202
vn 0.628711 -0.650442 -0.426202
vn 0.954196 -0.254454 -0.157363
vn 0.954892 -0.219239 -0.200291
vn 0.630581 -0.555060 -0.542472
vn 0.630581 -0.555060 -0.542472
vn 0.954892 -0.219239 -0.200291
vn 0.955740 -0.176329 -0.235518
vn 0.632889 -0.438828 -0.637872
vn 0.632889 -0.438828 -0.637872
vn 0.955740 -0.176329 -0.235518
vn 0.956711 -0.127363 -0.261692
vn 0.635516 -0.306225 -0.708764
vn 0.635516 -0.306225 -0.708764
vn 0.956711 -0.127363 -0.261692
vn 0.957758 -0.074254 -0.277822
vn 0.638360 -0.162346 -0.752423
vn 0.638360 -0.162346 -0.752423
vn 0.957758 -0.074254 -0.277822
vn 0.958852 -0.018998 -0.283270
vn 0.641315 -0.012700 -0.767173
vn 0.627198 -0.012450 -0.778761
vn 0.958852 -0.018998 -0.283270
vn 0.957758 -0.074254 -0.277822
vn 0.624189 -0.164333 -0.763795
vn 0.491612 -0.009746 -0.870760
vn 0.258124 -0.005111 -0.966098
vn 0.254406 -0.193581 -0.947525
vn 0.488257 -0.179583 -0.854023
vn 0.638360 -0.162346 -0.752423
vn 0.152481 -0.195748 -0.968727
vn 0.148813 -0.381006 -0.912518
vn 0.635516 -0.306225 -0.708764
vn 0.485056 -0.342892 -0.804454
vn 0.250850 -0.374774 -0.892535
vn 0.247568 -0.541725 -0.803271
vn 0.482088 -0.493391 -0.723987
vn 0.482088 -0.493391 -0.723987
vn 0.247568 -0.541725 -0.803271
vn 0.244646 -0.688101 -0.683129
vn 0.479463 -0.625318 -0.615705
vn 0.479463 -0.625318 -0.615705
vn 0.244646 -0.688101 -0.683129
vn 0.242243 -0.808225 -0.536740
vn 0.477294 -0.733601 -0.483755
vn 0.477294 -0.733601 -0.483755
vn 0.242243 -0.808225 -0.536740
vn 0.240468 -0.897493 -0.369704
vn 0.475695 -0.814050 -0.333222
vn 0.475695 -0.814050 -0.333222
vn 0.240468 -0.897493 -0.369704
vn 0.239387 -0.952457 -0.188469
vn 0.474719 -0.863588 -0.169875
vn 0.474719 -0.863588 -0.169875
vn 0.239387 -0.952457 -0.188469
vn 0.239011 -0.971017 -0.000001
vn 0.474389 -0.880316 -0.000001
vn 0.474389 -0.880316 -0.000001
vn 0.239011 -0.971017 -0.000001
vn 0.239384 -0.952457 0.188470
vn 0.474718 -0.863589 0.169874
vn 0.474718 -0.863589 0.169874
vn 0.239384 -0.952457 0.188470
vn 0.240465 -0.897495 0.369701
vn 0.475694 -0.814052 0.333219
vn 0.475694 -0.814052 0.333219
vn 0.240465 -0.897495 0.369701
vn 0.242243 -0.808227 0.536738
vn 0.477294 -0.733602 0.483754
vn 0.477294 -0.733602 0.483754
vn 0.242243 -0.808227 0.536738
vn 0.244647 -0.688100 0.683130
vn 0.479462 -0.625317 0.615706
vn 0.479462 -0.625317 0.615706
vn 0.244647 -0.688100 0.683130
vn 0.247567 -0.541728 0.803270
vn 0.482087 -0.493392 0.723987
vn 0.482087 -0.493392 0.723987
vn 0.247567 -0.541728 0.803270
vn 0.250871 -0.374735 0.892545
vn 0.485071 -0.342881 0.804449
vn 0.485071 -0.342881 0.804449
vn 0.250871 -0.374735 0.892545
vn 0.254439 -0.193585 0.947516
vn 0.488289 -0.179581 0.854005
vn 0.488289 -0.179581 0.854005
vn 0.254439 -0.193585 0.947516
vn 0.258170 -0.005112 0.966086
vn 0.491642 -0.009736 0.870743
vn 0.491642 -0.009736 0.870743
vn 0.258170 -0.005112 0.966086
vn 0.261912 0.183347 0.947516
vn 0.495024 0.160096 0.854003
vn 0.495024 0.160096 0.854003
vn 0.261912 0.183347 0.947516
vn 0.265535 0.364489 0.892546
vn 0.498279 0.323394 0.804447
vn 0.498279 0.323394 0.804447
vn 0.265535 0.364489 0.892546
vn 0.268831 0.531489 0.803274
vn 0.501251 0.473908 0.723988
vn 0.501251 0.473908 0.723988
vn 0.268831 0.531489 0.803274
vn 0.271713 0.677875 0.683123
vn 0.503852 0.605840 0.615704
vn 0.503852 0.605840 0.615704
vn 0.271713 0.677875 0.683123
vn 0.274061 0.798005 0.536730
vn 0.505978 0.714128 0.483744
vn 0.505978 0.714128 0.483744
vn 0.274061 0.798005 0.536730
vn 0.275835 0.887260 0.369710
vn 0.507571 0.794565 0.333225
vn 0.507571 0.794565 0.333225
vn 0.275835 0.887260 0.369710
vn 0.276923 0.942227 0.188472
vn 0.508558 0.844104 0.169875
vn 0.508558 0.844104 0.169875
vn 0.276923 0.942227 0.188472
vn 0.277300 0.960783 -0.000000
vn 0.508889 0.860832 -0.000000
vn 0.508889 0.860832 -0.000000
vn 0.277300 0.960783 -0.000000
vn 0.276923 0.942227 -0.188471
vn 0.508558 0.844104 -0.169874
vn 0.508558 0.844104 -0.169874
vn 0.276923 0.942227 -0.188471
vn 0.275834 0.887260 -0.369710
vn 0.507570 0.794565 -0.333225
vn 0.507570 0.794565 -0.333225
vn 0.275834 0.887260 -0.369710
vn 0.274065 0.798001 -0.536734
vn 0.505981 0.714123 -0.483748
vn 0.505981 0.714123 -0.483748
vn 0.274065 0.798001 -0.536734
vn 0.271714 0.677874 -0.683124
vn 0.503852 0.605839 -0.615704
vn 0.503852 0.605839 -0.615704
vn 0.271714 0.677874 -0.683124
vn 0.268828 0.531492 -0.803273
vn 0.501251 0.473911 -0.723987
vn 0.501251 0.473911 -0.723987
vn 0.268828 0.531492 -0.803273
vn 0.265512 0.364535 -0.892534
vn 0.498266 0.323419 -0.804445
vn 0.498266 0.323419 -0.804445
vn 0.265512 0.364535 -0.892534
vn 0.261879 0.183351 -0.947524
vn 0.495000 0.160104 -0.854015
vn 0.632889 -0.438828 -0.637872
vn 0.145433 -0.551735 -0.821241
vn 0.142466 -0.701369 -0.698416
vn 0.630581 -0.555060 -0.542472
vn 0.424971 -0.184715 -0.886160
vn 0.421614 -0.354178 -0.834746
vn 0.267402 -0.373330 -0.888324
vn 0.270978 -0.192996 -0.943040
vn 0.270978 -0.192996 -0.943040
vn 0.267402 -0.373330 -0.888324
vn 0.134909 -0.381539 -0.914455
vn 0.138580 -0.195887 -0.970785
vn 0.138580 -0.195887 -0.970785
vn 0.134909 -0.381539 -0.914455
vn 0.148813 -0.381006 -0.912518
vn 0.152481 -0.195748 -0.968727
vn 0.428468 -0.008509 -0.903517
vn 0.424971 -0.184715 -0.886160
vn 0.270978 -0.192996 -0.943040
vn 0.274690 -0.005453 -0.961517
vn 0.274690 -0.005453 -0.961517
vn 0.270978 -0.192996 -0.943040
vn 0.138580 -0.195887 -0.970785
vn 0.142398 -0.002821 -0.989805
vn 0.142398 -0.002821 -0.989805
vn 0.138580 -0.195887 -0.970785
vn 0.152481 -0.195748 -0.968727
vn 0.156299 -0.003097 -0.987705
vn 0.421614 -0.354178 -0.834746
vn 0.418517 -0.510357 -0.751252
vn 0.264106 -0.539525 -0.799475
vn 0.267402 -0.373330 -0.888324
vn 0.267402 -0.373330 -0.888324
vn 0.264106 -0.539525 -0.799475
vn 0.131514 -0.552623 -0.822990
vn 0.134909 -0.381539 -0.914455
vn 0.134909 -0.381539 -0.914455
vn 0.131514 -0.552623 -0.822990
vn 0.145433 -0.551735 -0.821241
vn 0.148813 -0.381006 -0.912518
vn 0.418517 -0.510357 -0.751252
vn 0.415812 -0.647244 -0.638886
vn 0.261222 -0.685197 -0.679903
vn 0.264106 -0.539525 -0.799475
vn 0.264106 -0.539525 -0.799475
vn 0.261222 -0.685197 -0.679903
vn 0.128540 -0.702576 -0.699904
vn 0.131514 -0.552623 -0.822990
vn 0.131514 -0.552623 -0.822990
vn 0.128540 -0.702576 -0.699904
vn 0.142466 -0.701369 -0.698416
vn 0.145433 -0.551735 -0.821241
vn 0.415812 -0.647244 -0.638886
vn 0.413584 -0.759596 -0.501958
vn 0.258854 -0.804761 -0.534187
vn 0.261222 -0.685197 -0.679903
vn 0.261222 -0.685197 -0.679903
vn 0.258854 -0.804761 -0.534187
vn 0.126106 -0.825651 -0.549907
vn 0.128540 -0.702576 -0.699904
vn 0.128540 -0.702576 -0.699904
vn 0.126106 -0.825651 -0.549907
vn 0.140031 -0.824180 -0.548743
vn 0.142466 -0.701369 -0.698416
vn 0.413584 -0.759596 -0.501958
vn 0.411933 -0.843065 -0.345764
vn 0.257095 -0.893595 -0.367954
vn 0.258854 -0.804761 -0.534187
vn 0.258854 -0.804761 -0.534187
vn 0.257095 -0.893595 -0.367954
vn 0.124294 -0.917103 -0.378778
vn 0.126106 -0.825651 -0.549907
vn 0.126106 -0.825651 -0.549907
vn 0.124294 -0.917103 -0.378778
vn 0.138222 -0.915440 -0.377974
vn 0.140031 -0.824180 -0.548743
vn 0.411933 -0.843065 -0.345764
vn 0.410913 -0.894472 -0.176267
vn 0.256010 -0.948299 -0.187587
vn 0.257095 -0.893595 -0.367954
vn 0.257095 -0.893595 -0.367954
vn 0.256010 -0.948299 -0.187587
vn 0.123174 -0.973417 -0.193100
vn 0.124294 -0.917103 -0.378778
vn 0.124294 -0.917103 -0.378778
vn 0.123174 -0.973417 -0.193100
vn 0.137111 -0.971633 -0.192689
vn 0.138222 -0.915440 -0.377974
vn 0.410913 -0.894472 -0.176267
vn 0.410571 -0.911829 -0.000000
vn 0.255643 -0.966771 -0.000002
vn 0.256010 -0.948299 -0.187587
vn 0.256010 -0.948299 -0.187587
vn 0.255643 -0.966771 -0.000002
vn 0.122796 -0.992432 -0.000003
vn 0.123174 -0.973417 -0.193100
vn 0.123174 -0.973417 -0.193100
vn 0.122796 -0.992432 -0.000003
vn 0.136734 -0.990608 -0.000000
vn 0.137111 -0.971633 -0.192689
vn 0.410571 -0.911829 -0.000000
vn 0.410914 -0.894472 0.176266
vn 0.256012 -0.948299 0.187584
vn 0.255643 -0.966771 -0.000002
vn 0.255643 -0.966771 -0.000002
vn 0.256012 -0.948299 0.187584
vn 0.123174 -0.973418 0.193096
vn 0.122796 -0.992432 -0.000003
vn 0.122796 -0.992432 -0.000003
vn 0.123174 -0.973418 0.193096
vn 0.137110 -0.971634 0.192687
vn 0.136734 -0.990608 -0.000000
vn 0.410914 -0.894472 0.176266
vn 0.411933 -0.843066 0.345763
vn 0.257098 -0.893594 0.367955
vn 0.256012 -0.948299 0.187584
vn 0.256012 -0.948299 0.187584
vn 0.257098 -0.893594 0.367955
vn 0.124295 -0.917103 0.378778
vn 0.123174 -0.973418 0.193096
vn 0.123174 -0.973418 0.193096
vn 0.124295 -0.917103 0.378778
vn 0.138221 -0.915441 0.377973
vn 0.137110 -0.971634 0.192687
vn 0.411933 -0.843066 0.345763
vn 0.413584 -0.759596 0.501958
vn 0.258856 -0.804759 0.534188
vn 0.257098 -0.893594 0.367955
vn 0.257098 -0.893594 0.367955
vn 0.258856 -0.804759 0.534188
vn 0.126106 -0.825650 0.549909
vn 0.124295 -0.917103 0.378778
vn 0.124295 -0.917103 0.378778
vn 0.126106 -0.825650 0.549909
vn 0.140030 -0.824179 0.548744
vn 0.138221 -0.915441 0.377973
vn 0.413584 -0.759596 0.501958
vn 0.415812 -0.647244 0.638886
vn 0.261223 -0.685196 0.679904
vn 0.258856 -0.804759 0.534188
vn 0.258856 -0.804759 0.534188
vn 0.261223 -0.685196 0.679904
vn 0.128540 -0.702575 0.699904
vn 0.126106 -0.825650 0.549909
vn 0.126106 -0.825650 0.549909
vn 0.128540 -0.702575 0.699904
vn 0.142466 -0.701369 0.698416
vn 0.140030 -0.824179 0.548744
vn 0.415812 -0.647244 0.638886
vn 0.418518 -0.510357 0.751252
vn 0.264106 -0.539524 0.799476
vn 0.261223 -0.685196 0.679904
vn 0.261223 -0.685196 0.679904
vn 0.264106 -0.539524 0.799476
vn 0.131514 -0.552622 0.822990
vn 0.128540 -0.702575 0.699904
vn 0.128540 -0.702575 0.699904
vn 0.131514 -0.552622 0.822990
vn 0.145434 -0.551736 0.821241
vn 0.142466 -0.701369 0.698416
vn 0.418518 -0.510357 0.751252
vn 0.421613 -0.354178 0.834746
vn 0.267403 -0.373329 0.888325
vn 0.264106 -0.539524 0.799476
vn 0.264106 -0.539524 0.799476
vn 0.267403 -0.373329 0.888325
vn 0.134910 -0.381538 0.914455
vn 0.131514 -0.552622 0.822990
vn 0.131514 -0.552622 0.822990
vn 0.134910 -0.381538 0.914455
vn 0.148814 -0.381005 0.912518
vn 0.145434 -0.551736 0.821241
vn 0.421613 -0.354178 0.834746
vn 0.424968 -0.184708 0.886163
vn 0.270981 -0.192978 0.943042
vn 0.267403 -0.373329 0.888325
vn 0.267403 -0.373329 0.888325
vn 0.270981 -0.192978 0.943042
vn 0.138587 -0.195879 0.970786
vn 0.134910 -0.381538 0.914455
vn 0.134910 -0.381538 0.914455
vn 0.138587 -0.195879 0.970786
vn 0.152475 -0.195739 0.968730
vn 0.148814 -0.381005 0.912518
vn 0.424968 -0.184708 0.886163
vn 0.428459 -0.008490 0.903522
vn 0.274700 -0.005446 0.961515
vn 0.270981 -0.192978 0.943042
vn 0.270981 -0.192978 0.943042
vn 0.274700 -0.005446 0.961515
vn 0.142412 -0.002823 0.989804
vn 0.138587 -0.195879 0.970786
vn 0.138587 -0.195879 0.970786
vn 0.142412 -0.002823 0.989804
vn 0.156286 -0.003098 0.987707
vn 0.152475 -0.195739 0.968730
vn 0.428459 -0.008490 0.903522
vn 0.431952 0.167733 0.886162
vn 0.278410 0.182097 0.943042
vn 0.274700 -0.005446 0.961515
vn 0.274700 -0.005446 0.961515
vn 0.278410 0.182097 0.943042
vn 0.146234 0.190238 0.970786
vn 0.142412 -0.002823 0.989804
vn 0.142412 -0.002823 0.989804
vn 0.146234 0.190238 0.970786
vn 0.160108 0.189547 0.968730
vn 0.156286 -0.003098 0.987707
vn 0.431952 0.167733 0.886162
vn 0.435305 0.337209 0.834745
vn 0.281975 0.362454 0.888323
vn 0.278410 0.182097 0.943042
vn 0.278410 0.182097 0.943042
vn 0.281975 0.362454 0.888323
vn 0.149909 0.375898 0.914455
vn 0.146234 0.190238 0.970786
vn 0.146234 0.190238 0.970786
vn 0.149909 0.375898 0.914455
vn 0.163787 0.374813 0.912518
vn 0.160108 0.189547 0.968730
vn 0.435305 0.337209 0.834745
vn 0.438398 0.493383 0.751253
vn 0.285262 0.528643 0.799476
vn 0.281975 0.362454 0.888323
vn 0.281975 0.362454 0.888323
vn 0.285262 0.528643 0.799476
vn 0.153292 0.546978 0.822993
vn 0.149909 0.375898 0.914455
vn 0.149909 0.375898 0.914455
vn 0.153292 0.546978 0.822993
vn 0.167170 0.545542 0.821242
vn 0.163787 0.374813 0.912518
vn 0.438398 0.493383 0.751253
vn 0.441116 0.630263 0.638894
vn 0.288150 0.674311 0.679907
vn 0.285262 0.528643 0.799476
vn 0.285262 0.528643 0.799476
vn 0.288150 0.674311 0.679907
vn 0.156259 0.696932 0.699907
vn 0.153292 0.546978 0.822993
vn 0.153292 0.546978 0.822993
vn 0.156259 0.696932 0.699907
vn 0.170124 0.695180 0.698415
vn 0.167170 0.545542 0.821242
vn 0.441116 0.630263 0.638894
vn 0.443346 0.742620 0.501955
vn 0.290517 0.793878 0.534188
vn 0.288150 0.674311 0.679907
vn 0.288150 0.674311 0.679907
vn 0.290517 0.793878 0.534188
vn 0.158698 0.820010 0.549908
vn 0.156259 0.696932 0.699907
vn 0.156259 0.696932 0.699907
vn 0.158698 0.820010 0.549908
vn 0.172549 0.817990 0.548743
vn 0.170124 0.695180 0.698415
vn 0.443346 0.742620 0.501955
vn 0.444996 0.826091 0.345763
vn 0.292279 0.882713 0.367955
vn 0.290517 0.793878 0.534188
vn 0.290517 0.793878 0.534188
vn 0.292279 0.882713 0.367955
vn 0.160507 0.911462 0.378779
vn 0.158698 0.820010 0.549908
vn 0.158698 0.820010 0.549908
vn 0.160507 0.911462 0.378779
vn 0.174362 0.909247 0.377978
vn 0.172549 0.817990 0.548743
vn 0.444996 0.826091 0.345763
vn 0.446016 0.877496 0.176269
vn 0.293357 0.937419 0.187584
vn 0.292279 0.882713 0.367955
vn 0.292279 0.882713 0.367955
vn 0.293357 0.937419 0.187584
vn 0.161620 0.967777 0.193097
vn 0.160507 0.911462 0.378779
vn 0.160507 0.911462 0.378779
vn 0.161620 0.967777 0.193097
vn 0.175481 0.965441 0.192691
vn 0.174362 0.909247 0.377978
vn 0.446016 0.877496 0.176269
vn 0.446357 0.894855 0.000000
vn 0.293721 0.955891 0.000000
vn 0.293357 0.937419 0.187584
vn 0.293357 0.937419 0.187584
vn 0.293721 0.955891 0.000000
vn 0.161996 0.986791 0.000000
vn 0.161620 0.967777 0.193097
vn 0.161620 0.967777 0.193097
vn 0.161996 0.986791 0.000000
vn 0.175854 0.984416 0.000000
vn 0.175481 0.965441 0.192691
vn 0.446357 0.894855 0.000000
vn 0.446016 0.877496 -0.176268
vn 0.293356 0.937419 -0.187583
vn 0.293721 0.955891 0.000000
vn 0.293721 0.955891 0.000000
vn 0.293356 0.937419 -0.187583
vn 0.161620 0.967777 -0.193096
vn 0.161996 0.986791 0.000000
vn 0.161996 0.986791 0.000000
vn 0.161620 0.967777 -0.193096
vn 0.175480 0.965442 -0.192689
vn 0.175854 0.984416 0.000000
vn 0.446016 0.877496 -0.176268
vn 0.444995 0.826092 -0.345762
vn 0.292278 0.882714 -0.367953
vn 0.293356 0.937419 -0.187583
vn 0.293356 0.937419 -0.187583
vn 0.292278 0.882714 -0.367953
vn 0.160507 0.911463 -0.378779
vn 0.161620 0.967777 -0.193096
vn 0.161620 0.967777 -0.193096
vn 0.160507 0.911463 -0.378779
vn 0.174365 0.909249 -0.377972
vn 0.175480 0.965442 -0.192689
vn 0.444995 0.826092 -0.345762
vn 0.443345 0.742621 -0.501955
vn 0.290516 0.793880 -0.534186
vn 0.292278 0.882714 -0.367953
vn 0.292278 0.882714 -0.367953
vn 0.290516 0.793880 -0.534186
vn 0.158698 0.820011 -0.549906
vn 0.160507 0.911463 -0.378779
vn 0.160507 0.911463 -0.378779
vn 0.158698 0.820011 -0.549906
vn 0.172557 0.817989 -0.548743
vn 0.174365 0.909249 -0.377972
vn 0.443345 0.742621 -0.501955
vn 0.441115 0.630264 -0.638894
vn 0.288149 0.674313 -0.679906
vn 0.290516 0.793880 -0.534186
vn 0.290516 0.793880 -0.534186
vn 0.288149 0.674313 -0.679906
vn 0.156259 0.696933 -0.699905
vn 0.158698 0.820011 -0.549906
vn 0.158698 0.820011 -0.549906
vn 0.156259 0.696933 -0.699905
vn 0.170129 0.695175 -0.698418
vn 0.172557 0.817989 -0.548743
vn 0.441115 0.630264 -0.638894
vn 0.438398 0.493383 -0.751252
vn 0.285262 0.528643 -0.799476
vn 0.288149 0.674313 -0.679906
vn 0.288149 0.674313 -0.679906
vn 0.285262 0.528643 -0.799476
vn 0.153293 0.546978 -0.822993
vn 0.156259 0.696933 -0.699905
vn 0.156259 0.696933 -0.699905
vn 0.153293 0.546978 -0.822993
vn 0.167170 0.545541 -0.821242
vn 0.170129 0.695175 -0.698418
vn 0.438398 0.493383 -0.751252
vn 0.435306 0.337228 -0.834737
vn 0.281972 0.362465 -0.888319
vn 0.285262 0.528643 -0.799476
vn 0.285262 0.528643 -0.799476
vn 0.281972 0.362465 -0.888319
vn 0.149910 0.375899 -0.914455
vn 0.153293 0.546978 -0.822993
vn 0.153293 0.546978 -0.822993
vn 0.149910 0.375899 -0.914455
vn 0.163787 0.374815 -0.912517
vn 0.167170 0.545541 -0.821242
vn 0.435306 0.337228 -0.834737
vn 0.431955 0.167743 -0.886159
vn 0.278401 0.182116 -0.943041
vn 0.281972 0.362465 -0.888319
vn 0.281972 0.362465 -0.888319
vn 0.278401 0.182116 -0.943041
vn 0.146227 0.190248 -0.970785
vn 0.149910 0.375899 -0.914455
vn 0.149910 0.375899 -0.914455
vn 0.146227 0.190248 -0.970785
vn 0.160114 0.189558 -0.968727
vn 0.163787 0.374815 -0.912517
vn 0.431955 0.167743 -0.886159
vn 0.428468 -0.008509 -0.903517
vn 0.274690 -0.005453 -0.961517
vn 0.278401 0.182116 -0.943041
vn 0.278401 0.182116 -0.943041
vn 0.274690 -0.005453 -0.961517
vn 0.142398 -0.002821 -0.989805
vn 0.146227 0.190248 -0.970785
vn 0.146227 0.190248 -0.970785
vn 0.142398 -0.002821 -0.989805
vn 0.156299 -0.003097 -0.987705
vn 0.160114 0.189558 -0.968727
vn 0.488257 -0.179583 -0.854023
vn 0.254406 -0.193581 -0.947525
vn 0.250850 -0.374774 -0.892535
vn 0.485056 -0.342892 -0.804454
vn 0.029308 0.382080 -0.923665
vn -0.993900 0.058395 -0.093561
vn -0.994268 0.039408 -0.099388
vn 0.025597 0.194564 -0.980556
vn 0.032728 0.554891 -0.831279
vn -0.993552 0.075915 -0.084208
vn -0.993900 0.058395 -0.093561
vn 0.029308 0.382080 -0.923665
vn 0.035729 0.706367 -0.706943
vn -0.993244 0.091321 -0.071598
vn -0.993552 0.075915 -0.084208
vn 0.032728 0.554891 -0.831279
vn 0.038192 0.830687 -0.555428
vn -0.992994 0.103926 -0.056241
vn -0.993244 0.091321 -0.071598
vn 0.035729 0.706367 -0.706943
vn 0.040022 0.923055 -0.382581
vn -0.992805 0.113287 -0.038786
vn -0.992994 0.103926 -0.056241
vn 0.038192 0.830687 -0.555428
vn 0.041150 0.979931 -0.195044
vn -0.992689 0.119077 -0.019728
vn -0.992805 0.113287 -0.038786
vn 0.040022 0.923055 -0.382581
vn 0.041531 0.999137 0.000002
vn -0.992649 0.121029 0.000005
vn -0.992689 0.119077 -0.019728
vn 0.041150 0.979931 -0.195044
vn 0.041151 0.979931 0.195043
vn -0.992687 0.119087 0.019791
vn -0.992649 0.121029 0.000005
vn 0.041531 0.999137 0.000002
vn 0.040023 0.923055 0.382580
vn -0.992805 0.113287 0.038794
vn -0.992687 0.119087 0.019791
vn 0.041151 0.979931 0.195043
vn 0.038191 0.830677 0.555443
vn -0.992994 0.103893 0.056293
vn -0.992805 0.113287 0.038794
vn 0.040023 0.923055 0.382580
vn 0.035728 0.706372 0.706939
vn -0.993263 0.091233 0.071451
vn -0.992994 0.103893 0.056293
vn 0.038191 0.830677 0.555443
vn 0.032728 0.554909 0.831267
vn -0.993552 0.075997 0.084142
vn -0.993263 0.091233 0.071451
vn 0.035728 0.706372 0.706939
vn 0.029308 0.382080 0.923664
vn -0.993900 0.058398 0.093558
vn -0.993552 0.075997 0.084142
vn 0.032728 0.554909 0.831267
vn 0.025597 0.194563 0.980556
vn -0.994268 0.039416 0.099384
vn -0.993900 0.058398 0.093558
vn 0.029308 0.382080 0.923664
vn 0.021735 -0.000431 0.999764
vn -0.994662 0.019698 0.101290
vn -0.994268 0.039416 0.099384
vn 0.025597 0.194563 0.980556
vn 0.017873 -0.195423 0.980556
vn -0.995050 -0.000033 0.099379
vn -0.994662 0.019698 0.101290
vn 0.021735 -0.000431 0.999764
vn 0.014156 -0.382941 0.923664
vn -0.995434 -0.019084 0.093525
vn -0.995050 -0.000033 0.099379
vn 0.017873 -0.195423 0.980556
vn 0.010730 -0.555772 0.831265
vn -0.995780 -0.036608 0.084152
vn -0.995434 -0.019084 0.093525
vn 0.014156 -0.382941 0.923664
vn 0.007730 -0.707231 0.706940
vn -0.996080 -0.051924 0.071617
vn -0.995780 -0.036608 0.084152
vn 0.010730 -0.555772 0.831265
vn 0.005270 -0.831536 0.555446
vn -0.996348 -0.064372 0.056091
vn -0.996080 -0.051924 0.071617
vn 0.007730 -0.707231 0.706940
vn 0.003442 -0.923915 0.382582
vn -0.996511 -0.073912 0.038761
vn -0.996348 -0.064372 0.056091
vn 0.005270 -0.831536 0.555446
vn 0.002316 -0.980793 0.195040
vn -0.996624 -0.079690 0.019777
vn -0.996511 -0.073912 0.038761
vn 0.003442 -0.923915 0.382582
vn 0.001935 -0.999998 0.000001
vn -0.996662 -0.081638 0.000001
vn -0.996624 -0.079690 0.019777
vn 0.002316 -0.980793 0.195040
vn 0.002315 -0.980792 -0.195042
vn -0.996626 -0.079678 -0.019718
vn -0.996662 -0.081638 0.000001
vn 0.001935 -0.999998 0.000001
vn 0.003441 -0.923913 -0.382587
vn -0.996512 -0.073898 -0.038772
vn -0.996626 -0.079678 -0.019718
vn 0.002315 -0.980792 -0.195042
vn 0.005269 -0.831545 -0.555432
vn -0.996329 -0.064545 -0.056242
vn -0.996512 -0.073898 -0.038772
vn 0.003441 -0.923913 -0.382587
vn 0.007730 -0.707227 -0.706944
vn -0.996080 -0.051927 -0.071605
vn -0.996329 -0.064545 -0.056242
vn 0.005269 -0.831545 -0.555432
vn 0.010730 -0.555755 -0.831277
vn -0.995779 -0.036575 -0.084184
vn -0.996080 -0.051927 -0.071605
vn 0.007730 -0.707227 -0.706944
vn 0.014156 -0.382941 -0.923664
vn -0.995434 -0.019080 -0.093522
vn -0.995779 -0.036575 -0.084184
vn 0.010730 -0.555755 -0.831277
vn 0.017873 -0.195421 -0.980557
vn -0.995049 -0.000022 -0.099382
vn -0.995434 -0.019080 -0.093522
vn 0.014156 -0.382941 -0.923664
vn 0.021734 -0.000430 -0.999764
vn -0.994662 0.019711 -0.101289
vn -0.995049 -0.000022 -0.099382
vn 0.017873 -0.195421 -0.980557
vn -0.343255 0.939239 0.002608
vn 0.646891 0.761321 0.043844
vn 0.642729 0.742856 0.187255
vn -0.339241 0.919250 0.199736
vn -0.339241 0.919250 0.199736
vn 0.642729 0.742856 0.187255
vn 0.641970 0.695117 0.323555
vn -0.322386 0.863013 0.388943
vn -0.322386 0.863013 0.388943
vn 0.641970 0.695117 0.323555
vn 0.644659 0.620428 0.446637
vn -0.293182 0.772849 0.562804
vn -0.293182 0.772849 0.562804
vn 0.644659 0.620428 0.446637
vn 0.650643 0.522530 0.551023
vn -0.252532 0.652492 0.714480
vn -0.252532 0.652492 0.714480
vn 0.650643 0.522530 0.551023
vn 0.659817 0.406192 0.632178
vn -0.201786 0.506853 0.838083
vn -0.201786 0.506853 0.838083
vn 0.659817 0.406192 0.632178
vn 0.671719 0.277191 0.686992
vn -0.142775 0.341812 0.928859
vn -0.142775 0.341812 0.928859
vn 0.671719 0.277191 0.686992
vn 0.685782 0.141914 0.713837
vn -0.077807 0.164048 0.983379
vn -0.077807 0.164048 0.983379
vn 0.685782 0.141914 0.713837
vn 0.701281 0.006683 0.712854
vn -0.009495 -0.019419 0.999766
vn -0.009495 -0.019419 0.999766
vn 0.701281 0.006683 0.712854
vn 0.717614 -0.122774 0.685534
vn 0.059372 -0.201524 0.977683
vn 0.059372 -0.201524 0.977683
vn 0.717614 -0.122774 0.685534
vn 0.734002 -0.241574 0.634731
vn 0.125976 -0.375303 0.918302
vn 0.125976 -0.375303 0.918302
vn 0.734002 -0.241574 0.634731
vn 0.749811 -0.346055 0.563941
vn 0.187681 -0.534280 0.824209
vn 0.187681 -0.534280 0.824209
vn 0.749811 -0.346055 0.563941
vn 0.764491 -0.433645 0.476975
vn 0.242134 -0.672655 0.699219
vn 0.242134 -0.672655 0.699219
vn 0.764491 -0.433645 0.476975
vn 0.777590 -0.502816 0.377532
vn 0.287344 -0.785423 0.548219
vn 0.287344 -0.785423 0.548219
vn 0.777590 -0.502816 0.377532
vn 0.788737 -0.552748 0.269006
vn 0.321717 -0.868576 0.376927
vn 0.321717 -0.868576 0.376927
vn 0.788737 -0.552748 0.269006
vn 0.797547 -0.583142 0.154481
vn 0.344079 -0.919155 0.191737
vn 0.344079 -0.919155 0.191737
vn 0.797547 -0.583142 0.154481
vn 0.803913 -0.593618 0.036633
vn 0.353672 -0.935369 -0.000496
vn 0.353672 -0.935369 -0.000496
vn 0.803913 -0.593618 0.036633
vn 0.807668 -0.583916 -0.081940
vn 0.350153 -0.916653 -0.192719
vn 0.350153 -0.916653 -0.192719
vn 0.807668 -0.583916 -0.081940
vn 0.808691 -0.553738 -0.198477
vn 0.333613 -0.863664 -0.377871
vn 0.333613 -0.863664 -0.377871
vn 0.808691 -0.553738 -0.198477
vn 0.806835 -0.502954 -0.309926
vn 0.304562 -0.778277 -0.549114
vn 0.304562 -0.778277 -0.549114
vn 0.806835 -0.502954 -0.309926
vn 0.802104 -0.431677 -0.412655
vn 0.263950 -0.663537 -0.700035
vn 0.263950 -0.663537 -0.700035
vn 0.802104 -0.431677 -0.412655
vn 0.794627 -0.340680 -0.502499
vn 0.213165 -0.523535 -0.824907
vn 0.213165 -0.523535 -0.824907
vn 0.794627 -0.340680 -0.502499
vn 0.784470 -0.231800 -0.575219
vn 0.154017 -0.363288 -0.918858
vn 0.154017 -0.363288 -0.918858
vn 0.784470 -0.231800 -0.575219
vn 0.771946 -0.108143 -0.626421
vn 0.088766 -0.188686 -0.978018
vn 0.088766 -0.188686 -0.978018
vn 0.771946 -0.108143 -0.626421
vn 0.757439 0.025762 -0.652397
vn 0.020009 -0.006244 -0.999780
vn -0.073524 0.001457 -0.997292
vn 0.328702 -0.006512 -0.944411
vn 0.325034 -0.190719 -0.926272
vn -0.077380 -0.193058 -0.978131
vn -0.077380 -0.193058 -0.978131
vn 0.325034 -0.190719 -0.926272
vn 0.321512 -0.367852 -0.872534
vn -0.081086 -0.380124 -0.921374
vn -0.081086 -0.380124 -0.921374
vn 0.321512 -0.367852 -0.872534
vn 0.318257 -0.531116 -0.785257
vn -0.084499 -0.552510 -0.829212
vn -0.084499 -0.552510 -0.829212
vn 0.318257 -0.531116 -0.785257
vn 0.315433 -0.674188 -0.667812
vn -0.087492 -0.703592 -0.705197
vn -0.087492 -0.703592 -0.705197
vn 0.315433 -0.674188 -0.667812
vn 0.313131 -0.791612 -0.524690
vn -0.089950 -0.827594 -0.554074
vn -0.089950 -0.827594 -0.554074
vn 0.313131 -0.791612 -0.524690
vn 0.311409 -0.878862 -0.361422
vn -0.091771 -0.919736 -0.381659
vn -0.091771 -0.919736 -0.381659
vn 0.311409 -0.878862 -0.361422
vn 0.310349 -0.932597 -0.184245
vn -0.092894 -0.976482 -0.194560
vn -0.092894 -0.976482 -0.194560
vn 0.310349 -0.932597 -0.184245
vn 0.309981 -0.950743 0.000001
vn -0.093273 -0.995641 -0.000000
vn -0.093273 -0.995641 -0.000000
vn 0.309981 -0.950743 0.000001
vn 0.310356 -0.932594 0.184246
vn -0.092894 -0.976483 0.194557
vn -0.092894 -0.976483 0.194557
vn 0.310356 -0.932594 0.184246
vn 0.311415 -0.878860 0.361423
vn -0.091770 -0.919736 0.381660
vn -0.091770 -0.919736 0.381660
vn 0.311415 -0.878860 0.361423
vn 0.313122 -0.791614 0.524693
vn -0.089949 -0.827591 0.554077
vn -0.089949 -0.827591 0.554077
vn 0.313122 -0.791614 0.524693
vn 0.315430 -0.674193 0.667808
vn -0.087491 -0.703592 0.705198
vn -0.087491 -0.703592 0.705198
vn 0.315430 -0.674193 0.667808
vn 0.318258 -0.531117 0.785256
vn -0.084500 -0.552510 0.829212
vn -0.084500 -0.552510 0.829212
vn 0.318258 -0.531117 0.785256
vn 0.321512 -0.367854 0.872533
vn -0.081086 -0.380127 0.921373
vn -0.081086 -0.380127 0.921373
vn 0.321512 -0.367854 0.872533
vn 0.325034 -0.190720 0.926272
vn -0.077380 -0.193060 0.978131
vn -0.077380 -0.193060 0.978131
vn 0.325034 -0.190720 0.926272
vn 0.328702 -0.006511 0.944411
vn -0.073524 0.001457 0.997292
vn -0.073524 0.001457 0.997292
vn 0.328702 -0.006511 0.944411
vn 0.332339 0.177693 0.926270
vn -0.069674 0.195975 0.978131
vn -0.069674 0.195975 0.978131
vn 0.332339 0.177693 0.926270
vn 0.335831 0.354831 0.872532
vn -0.065963 0.383038 0.921374
vn -0.065963 0.383038 0.921374
vn 0.335831 0.354831 0.872532
vn 0.339053 0.518093 0.785253
vn -0.062563 0.555417 0.829215
vn -0.062563 0.555417 0.829215
vn 0.339053 0.518093 0.785253
vn 0.341887 0.661164 0.667814
vn -0.059561 0.706504 0.705198
vn -0.059561 0.706504 0.705198
vn 0.341887 0.661164 0.667814
vn 0.344232 0.778587 0.524696
vn -0.057104 0.830509 0.554070
vn -0.057104 0.830509 0.554070
vn 0.344232 0.778587 0.524696
vn 0.345967 0.865840 0.361424
vn -0.055285 0.922649 0.381657
vn -0.055285 0.922649 0.381657
vn 0.345967 0.865840 0.361424
vn 0.347028 0.919579 0.184246
vn -0.054157 0.979395 0.194556
vn -0.054157 0.979395 0.194556
vn 0.347028 0.919579 0.184246
vn 0.347384 0.937723 0.000002
vn -0.053783 0.998553 0.000000
vn -0.053783 0.998553 0.000000
vn 0.347384 0.937723 0.000002
vn 0.347021 0.919582 -0.184245
vn -0.054157 0.979395 -0.194555
vn -0.054157 0.979395 -0.194555
vn 0.347021 0.919582 -0.184245
vn 0.345960 0.865842 -0.361426
vn -0.055285 0.922650 -0.381656
vn -0.055285 0.922650 -0.381656
vn 0.345960 0.865842 -0.361426
vn 0.344229 0.778591 -0.524693
vn -0.057104 0.830509 -0.554070
vn -0.057104 0.830509 -0.554070
vn 0.344229 0.778591 -0.524693
vn 0.341887 0.661165 -0.667813
vn -0.059562 0.706504 -0.705198
vn -0.059562 0.706504 -0.705198
vn 0.341887 0.661165 -0.667813
vn 0.339054 0.518093 -0.785253
vn -0.062563 0.555418 -0.829215
vn -0.062563 0.555418 -0.829215
vn 0.339054 0.518093 -0.785253
vn 0.335832 0.354835 -0.872530
vn -0.065963 0.383039 -0.921374
vn -0.065963 0.383039 -0.921374
vn 0.335832 0.354835 -0.872530
vn 0.332339 0.177695 -0.926269
vn -0.069674 0.195976 -0.978130
vn -0.069674 0.195976 -0.978130
vn 0.332339 0.177695 -0.926269
vn 0.328702 -0.006512 -0.944411
vn -0.073524 0.001457 -0.997292
vn -0.320706 0.672982 -0.666515
vn -0.323562 0.530183 -0.783717
vn 0.339054 0.518093 -0.785253
vn 0.341887 0.661165 -0.667813
vn -0.760252 -0.636572 -0.129588
vn -0.759506 -0.598782 -0.254187
vn -0.808754 -0.541015 -0.230693
vn -0.809431 -0.575318 -0.117606
vn -0.341051 -0.354024 -0.870834
vn -0.344293 -0.516960 -0.783718
vn 0.318257 -0.531116 -0.785257
vn 0.321512 -0.367852 -0.872534
vn -0.760252 -0.636572 0.129588
vn -0.760493 -0.649346 -0.000000
vn -0.809656 -0.586905 -0.000000
vn -0.809432 -0.575317 0.117603
vn -0.323562 0.530183 -0.783717
vn -0.326757 0.367252 -0.870837
vn 0.335832 0.354835 -0.872530
vn 0.339054 0.518093 -0.785253
vn -0.344293 -0.516960 -0.783718
vn -0.347111 -0.659743 -0.666524
vn 0.315433 -0.674188 -0.667812
vn 0.318257 -0.531116 -0.785257
vn -0.758272 -0.537417 0.369062
vn -0.759502 -0.598787 0.254185
vn -0.808750 -0.541022 0.230691
vn -0.807641 -0.485329 0.334920
vn -0.326757 0.367252 -0.870837
vn -0.330217 0.190463 -0.924489
vn 0.332339 0.177695 -0.926269
vn 0.335832 0.354835 -0.872530
vn -0.754641 -0.354168 0.552342
vn -0.756620 -0.454829 0.469742
vn -0.806138 -0.410395 0.426284
vn -0.804352 -0.319054 0.501221
vn -0.347111 -0.659743 -0.666524
vn -0.349412 -0.776961 -0.523683
vn 0.313131 -0.791612 -0.524690
vn 0.315433 -0.674188 -0.667812
vn -0.749883 -0.114799 0.651534
vn -0.752365 -0.239334 0.613732
vn -0.802277 -0.214849 0.556948
vn -0.800039 -0.101779 0.591251
vn -0.330217 0.190463 -0.924489
vn -0.333879 0.006611 -0.942593
vn 0.328702 -0.006512 -0.944411
vn 0.332339 0.177695 -0.926269
vn -0.349412 -0.776961 -0.523683
vn -0.351101 -0.864071 -0.360706
vn 0.311409 -0.878862 -0.361422
vn 0.313131 -0.791612 -0.524690
vn -0.744739 0.144410 0.651544
vn -0.747342 0.014803 0.664274
vn -0.797702 0.015797 0.602844
vn -0.795379 0.133388 0.591253
vn -0.740017 0.383765 0.552358
vn -0.742279 0.268956 0.613746
vn -0.793129 0.246463 0.556958
vn -0.791086 0.350642 0.501232
vn -0.351101 -0.864071 -0.360706
vn -0.352215 -0.917674 -0.183899
vn 0.310349 -0.932597 -0.184245
vn 0.311409 -0.878862 -0.361422
vn -0.736419 0.567009 0.369036
vn -0.738019 0.484427 0.469743
vn -0.789278 0.441974 0.426263
vn -0.787802 0.516922 0.334903
vn -0.734404 0.666226 0.129587
vn -0.735185 0.628399 0.254200
vn -0.786686 0.572627 0.230700
vn -0.785998 0.606941 0.117596
vn -0.352215 -0.917674 -0.183899
vn -0.352542 -0.935796 0.000003
vn 0.309981 -0.950743 0.000001
vn 0.310349 -0.932597 -0.184245
vn -0.352542 -0.935796 0.000003
vn -0.352202 -0.917682 0.183883
vn 0.310356 -0.932594 0.184246
vn 0.309981 -0.950743 0.000001
vn -0.352202 -0.917682 0.183883
vn -0.351103 -0.864072 0.360703
vn 0.311415 -0.878860 0.361423
vn 0.310356 -0.932594 0.184246
vn -0.351103 -0.864072 0.360703
vn -0.349416 -0.776962 0.523678
vn 0.313122 -0.791614 0.524693
vn 0.311415 -0.878860 0.361423
vn -0.349416 -0.776962 0.523678
vn -0.347115 -0.659749 0.666515
vn 0.315430 -0.674193 0.667808
vn 0.313122 -0.791614 0.524693
vn -0.347115 -0.659749 0.666515
vn -0.344294 -0.516958 0.783719
vn 0.318258 -0.531117 0.785256
vn 0.315430 -0.674193 0.667808
vn -0.344294 -0.516958 0.783719
vn -0.341052 -0.354015 0.870837
vn 0.321512 -0.367854 0.872533
vn 0.318258 -0.531117 0.785256
vn -0.735186 0.628398 -0.254199
vn -0.734404 0.666226 -0.129587
vn -0.785998 0.606941 -0.117596
vn -0.786686 0.572628 -0.230700
vn -0.752352 -0.239392 -0.613725
vn -0.749913 -0.114786 -0.651502
vn -0.800044 -0.101771 -0.591246
vn -0.802277 -0.214855 -0.556947
vn -0.738015 0.484444 -0.469731
vn -0.736418 0.567012 -0.369034
vn -0.787801 0.516923 -0.334903
vn -0.789275 0.441979 -0.426262
vn -0.341052 -0.354015 0.870837
vn -0.337505 -0.177231 0.924489
vn 0.325034 -0.190720 0.926272
vn 0.321512 -0.367854 0.872533
vn -0.756621 -0.454825 -0.469743
vn -0.754642 -0.354169 -0.552341
vn -0.804351 -0.319055 -0.501222
vn -0.806139 -0.410393 -0.426283
vn -0.742267 0.268992 -0.613745
vn -0.740016 0.383781 -0.552348
vn -0.791085 0.350646 -0.501230
vn -0.793131 0.246455 -0.556958
vn -0.759506 -0.598782 -0.254187
vn -0.758275 -0.537411 -0.369064
vn -0.807643 -0.485326 -0.334920
vn -0.808754 -0.541015 -0.230693
vn -0.795385 0.133377 -0.591248
vn -0.069674 0.195976 -0.978130
vn -0.073524 0.001457 -0.997292
vn -0.797711 0.015806 -0.602833
vn -0.793131 0.246455 -0.556958
vn -0.065963 0.383039 -0.921374
vn -0.069674 0.195976 -0.978130
vn -0.795385 0.133377 -0.591248
vn -0.791085 0.350646 -0.501230
vn -0.062563 0.555418 -0.829215
vn -0.065963 0.383039 -0.921374
vn -0.793131 0.246455 -0.556958
vn -0.789275 0.441979 -0.426262
vn -0.059562 0.706504 -0.705198
vn -0.062563 0.555418 -0.829215
vn -0.791085 0.350646 -0.501230
vn -0.787801 0.516923 -0.334903
vn -0.057104 0.830509 -0.554070
vn -0.059562 0.706504 -0.705198
vn -0.789275 0.441979 -0.426262
vn -0.786686 0.572628 -0.230700
vn -0.055285 0.922650 -0.381656
vn -0.057104 0.830509 -0.554070
vn -0.787801 0.516923 -0.334903
vn -0.785998 0.606941 -0.117596
vn -0.054157 0.979395 -0.194555
vn -0.055285 0.922650 -0.381656
vn -0.786686 0.572628 -0.230700
vn -0.785753 0.618540 0.000000
vn -0.053783 0.998553 0.000000
vn -0.054157 0.979395 -0.194555
vn -0.785998 0.606941 -0.117596
vn -0.785998 0.606941 0.117596
vn -0.054157 0.979395 0.194556
vn -0.053783 0.998553 0.000000
vn -0.785753 0.618540 0.000000
vn -0.786686 0.572627 0.230700
vn -0.055285 0.922649 0.381657
vn -0.054157 0.979395 0.194556
vn -0.785998 0.606941 0.117596
vn -0.787802 0.516922 0.334903
vn -0.057104 0.830509 0.554070
vn -0.055285 0.922649 0.381657
vn -0.786686 0.572627 0.230700
vn -0.789278 0.441974 0.426263
vn -0.059561 0.706504 0.705198
vn -0.057104 0.830509 0.554070
vn -0.787802 0.516922 0.334903
vn -0.791086 0.350642 0.501232
vn -0.062563 0.555417 0.829215
vn -0.059561 0.706504 0.705198
vn -0.789278 0.441974 0.426263
vn -0.793129 0.246463 0.556958
vn -0.065963 0.383038 0.921374
vn -0.062563 0.555417 0.829215
vn -0.791086 0.350642 0.501232
vn -0.795379 0.133388 0.591253
vn -0.069674 0.195975 0.978131
vn -0.065963 0.383038 0.921374
vn -0.793129 0.246463 0.556958
vn -0.797702 0.015797 0.602844
vn -0.073524 0.001457 0.997292
vn -0.069674 0.195975 0.978131
vn -0.795379 0.133388 0.591253
vn -0.800039 -0.101779 0.591251
vn -0.077380 -0.193060 0.978131
vn -0.073524 0.001457 0.997292
vn -0.797702 0.015797 0.602844
vn -0.802277 -0.214849 0.556948
vn -0.081086 -0.380127 0.921373
vn -0.077380 -0.193060 0.978131
vn -0.800039 -0.101779 0.591251
vn -0.804352 -0.319054 0.501221
vn -0.084500 -0.552510 0.829212
vn -0.081086 -0.380127 0.921373
vn -0.802277 -0.214849 0.556948
vn -0.806138 -0.410395 0.426284
vn -0.087491 -0.703592 0.705198
vn -0.084500 -0.552510 0.829212
vn -0.804352 -0.319054 0.501221
vn -0.807641 -0.485329 0.334920
vn -0.089949 -0.827591 0.554077
vn -0.087491 -0.703592 0.705198
vn -0.806138 -0.410395 0.426284
vn -0.808750 -0.541022 0.230691
vn -0.091770 -0.919736 0.381660
vn -0.089949 -0.827591 0.554077
vn -0.807641 -0.485329 0.334920
vn -0.809432 -0.575317 0.117603
vn -0.092894 -0.976483 0.194557
vn -0.091770 -0.919736 0.381660
vn -0.808750 -0.541022 0.230691
vn -0.809656 -0.586905 -0.000000
vn -0.093273 -0.995641 -0.000000
vn -0.092894 -0.976483 0.194557
vn -0.809432 -0.575317 0.117603
vn -0.809431 -0.575318 -0.117606
vn -0.092894 -0.976482 -0.194560
vn -0.093273 -0.995641 -0.000000
vn -0.809656 -0.586905 -0.000000
vn -0.808754 -0.541015 -0.230693
vn -0.091771 -0.919736 -0.381659
vn -0.092894 -0.976482 -0.194560
vn -0.809431 -0.575318 -0.117606
vn -0.807643 -0.485326 -0.334920
vn -0.089950 -0.827594 -0.554074
vn -0.091771 -0.919736 -0.381659
vn -0.808754 -0.541015 -0.230693
vn -0.806139 -0.410393 -0.426283
vn -0.087492 -0.703592 -0.705197
vn -0.089950 -0.827594 -0.554074
vn -0.807643 -0.485326 -0.334920
vn -0.804351 -0.319055 -0.501222
vn -0.084499 -0.552510 -0.829212
vn -0.087492 -0.703592 -0.705197
vn -0.806139 -0.410393 -0.426283
vn -0.802277 -0.214855 -0.556947
vn -0.081086 -0.380124 -0.921374
vn -0.084499 -0.552510 -0.829212
vn -0.804351 -0.319055 -0.501222
vn -0.800044 -0.101771 -0.591246
vn -0.077380 -0.193058 -0.978131
vn -0.081086 -0.380124 -0.921374
vn -0.802277 -0.214855 -0.556947
vn -0.797711 0.015806 -0.602833
vn -0.073524 0.001457 -0.997292
vn -0.077380 -0.193058 -0.978131
vn -0.800044 -0.101771 -0.591246
vn -0.333879 0.006611 -0.942593
vn -0.520160 0.010305 -0.854007
vn -0.523456 -0.156277 -0.837599
vn -0.337499 -0.177236 -0.924490
vn -0.337499 -0.177236 -0.924490
vn -0.523456 -0.156277 -0.837599
vn -0.526652 -0.316449 -0.788985
vn -0.341051 -0.354024 -0.870834
vn -0.341051 -0.354024 -0.870834
vn -0.526652 -0.316449 -0.788985
vn -0.529552 -0.464058 -0.710088
vn -0.344293 -0.516960 -0.783718
vn -0.344293 -0.516960 -0.783718
vn -0.529552 -0.464058 -0.710088
vn -0.532133 -0.593429 -0.603884
vn -0.347111 -0.659743 -0.666524
vn -0.347111 -0.659743 -0.666524
vn -0.532133 -0.593429 -0.603884
vn -0.534230 -0.699631 -0.474462
vn -0.349412 -0.776961 -0.523683
vn -0.349412 -0.776961 -0.523683
vn -0.534230 -0.699631 -0.474462
vn -0.535793 -0.778540 -0.326806
vn -0.351101 -0.864071 -0.360706
vn -0.351101 -0.864071 -0.360706
vn -0.535793 -0.778540 -0.326806
vn -0.536760 -0.827121 -0.166611
vn -0.352215 -0.917674 -0.183899
vn -0.352215 -0.917674 -0.183899
vn -0.536760 -0.827121 -0.166611
vn -0.537094 -0.843522 0.000000
vn -0.352542 -0.935796 0.000003
vn -0.352542 -0.935796 0.000003
vn -0.537094 -0.843522 0.000000
vn -0.536758 -0.827123 0.166610
vn -0.352202 -0.917682 0.183883
vn -0.352202 -0.917682 0.183883
vn -0.536758 -0.827123 0.166610
vn -0.535794 -0.778540 0.326804
vn -0.351103 -0.864072 0.360703
vn -0.351103 -0.864072 0.360703
vn -0.535794 -0.778540 0.326804
vn -0.534228 -0.699634 0.474461
vn -0.349416 -0.776962 0.523678
vn -0.349416 -0.776962 0.523678
vn -0.534228 -0.699634 0.474461
vn -0.532132 -0.593431 0.603883
vn -0.347115 -0.659749 0.666515
vn -0.347115 -0.659749 0.666515
vn -0.532132 -0.593431 0.603883
vn -0.529552 -0.464056 0.710089
vn -0.344294 -0.516958 0.783719
vn -0.344294 -0.516958 0.783719
vn -0.529552 -0.464056 0.710089
vn -0.526653 -0.316442 0.788987
vn -0.341052 -0.354015 0.870837
vn -0.341052 -0.354015 0.870837
vn -0.526653 -0.316442 0.788987
vn -0.523456 -0.156272 0.837600
vn -0.337505 -0.177231 0.924489
vn -0.337505 -0.177231 0.924489
vn -0.523456 -0.156272 0.837600
vn -0.520182 0.010300 0.853993
vn -0.333892 0.006607 0.942588
vn -0.333892 0.006607 0.942588
vn -0.520182 0.010300 0.853993
vn -0.516872 0.176875 0.837591
vn -0.330224 0.190448 0.924490
vn -0.330224 0.190448 0.924490
vn -0.516872 0.176875 0.837591
vn -0.513704 0.337052 0.788990
vn -0.326759 0.367244 0.870839
vn -0.326759 0.367244 0.870839
vn -0.513704 0.337052 0.788990
vn -0.510778 0.484660 0.710078
vn -0.323561 0.530187 0.783716
vn -0.323561 0.530187 0.783716
vn -0.510778 0.484660 0.710078
vn -0.508212 0.614042 0.603881
vn -0.320708 0.672980 0.666517
vn -0.320708 0.672980 0.666517
vn -0.508212 0.614042 0.603881
vn -0.506112 0.720239 0.474454
vn -0.318368 0.790189 0.523682
vn -0.318368 0.790189 0.523682
vn -0.506112 0.720239 0.474454
vn -0.504549 0.799145 0.326800
vn -0.316646 0.877286 0.360701
vn -0.316646 0.877286 0.360701
vn -0.504549 0.799145 0.326800
vn -0.503586 0.847728 0.166607
vn -0.315590 0.930909 0.183881
vn -0.315590 0.930909 0.183881
vn -0.503586 0.847728 0.166607
vn -0.503261 0.864135 0.000001
vn -0.315219 0.949019 0.000003
vn -0.315219 0.949019 0.000003
vn -0.503261 0.864135 0.000001
vn -0.503587 0.847728 -0.166607
vn -0.315601 0.930902 -0.183895
vn -0.315601 0.930902 -0.183895
vn -0.503587 0.847728 -0.166607
vn -0.504550 0.799143 -0.326803
vn -0.316651 0.877282 -0.360705
vn -0.316651 0.877282 -0.360705
vn -0.504550 0.799143 -0.326803
vn -0.506111 0.720240 -0.474453
vn -0.318371 0.790192 -0.523675
vn -0.318371 0.790192 -0.523675
vn -0.506111 0.720240 -0.474453
vn -0.508211 0.614045 -0.603880
vn -0.320706 0.672982 -0.666515
vn -0.320706 0.672982 -0.666515
vn -0.508211 0.614045 -0.603880
vn -0.510779 0.484659 -0.710078
vn -0.323562 0.530183 -0.783717
vn -0.323562 0.530183 -0.783717
vn -0.510779 0.484659 -0.710078
vn -0.513703 0.337054 -0.788989
vn -0.326757 0.367252 -0.870837
vn -0.326757 0.367252 -0.870837
vn -0.513703 0.337054 -0.788989
vn -0.516872 0.176885 -0.837589
vn -0.330217 0.190463 -0.924489
vn -0.330217 0.190463 -0.924489
vn -0.516872 0.176885 -0.837589
vn -0.520160 0.010305 -0.854007
vn -0.333879 0.006611 -0.942593
vn -0.994268 0.039408 -0.099388
vn -0.840553 -0.089643 0.534261
vn -0.838479 0.016610 0.544680
vn -0.994662 0.019711 -0.101289
vn -0.993900 0.058395 -0.093561
vn -0.842579 -0.191812 0.503259
vn -0.840553 -0.089643 0.534261
vn -0.994268 0.039408 -0.099388
vn -0.993552 0.075915 -0.084208
vn -0.844444 -0.285966 0.452923
vn -0.842579 -0.191812 0.503259
vn -0.993900 0.058395 -0.093561
vn -0.993244 0.091321 -0.071598
vn -0.846083 -0.368488 0.385176
vn -0.844444 -0.285966 0.452923
vn -0.993552 0.075915 -0.084208
vn -0.992994 0.103926 -0.056241
vn -0.847421 -0.436233 0.302619
vn -0.846083 -0.368488 0.385176
vn -0.993244 0.091321 -0.071598
vn -0.992805 0.113287 -0.038786
vn -0.848418 -0.486557 0.208443
vn -0.847421 -0.436233 0.302619
vn -0.992994 0.103926 -0.056241
vn -0.992689 0.119077 -0.019728
vn -0.849043 -0.517527 0.106264
vn -0.848418 -0.486557 0.208443
vn -0.992805 0.113287 -0.038786
vn -0.992649 0.121029 0.000005
vn -0.849268 -0.527961 -0.000001
vn -0.849043 -0.517527 0.106264
vn -0.992689 0.119077 -0.019728
vn -0.992687 0.119087 0.019791
vn -0.849050 -0.517514 -0.106269
vn -0.849268 -0.527961 -0.000001
vn -0.992649 0.121029 0.000005
vn -0.992805 0.113287 0.038794
vn -0.848425 -0.486549 -0.208435
vn -0.849050 -0.517514 -0.106269
vn -0.992687 0.119087 0.019791
vn -0.992994 0.103893 0.056293
vn -0.847426 -0.436223 -0.302619
vn -0.848425 -0.486549 -0.208435
vn -0.992805 0.113287 0.038794
vn -0.993263 0.091233 0.071451
vn -0.846094 -0.368461 -0.385178
vn -0.847426 -0.436223 -0.302619
vn -0.992994 0.103893 0.056293
vn -0.993552 0.075997 0.084142
vn -0.844444 -0.285959 -0.452926
vn -0.846094 -0.368461 -0.385178
vn -0.993263 0.091233 0.071451
vn -0.993900 0.058398 0.093558
vn -0.842578 -0.191806 -0.503263
vn -0.844444 -0.285959 -0.452926
vn -0.993552 0.075997 0.084142
vn -0.994268 0.039416 0.099384
vn -0.840554 -0.089638 -0.534260
vn -0.842578 -0.191806 -0.503263
vn -0.993900 0.058398 0.093558
vn -0.994662 0.019698 0.101290
vn -0.838480 0.016608 -0.544680
vn -0.840554 -0.089638 -0.534260
vn -0.994268 0.039416 0.099384
vn -0.995050 -0.000033 0.099379
vn -0.836355 0.122856 -0.534244
vn -0.838480 0.016608 -0.544680
vn -0.994662 0.019698 0.101290
vn -0.995434 -0.019084 0.093525
vn -0.834314 0.225018 -0.503277
vn -0.836355 0.122856 -0.534244
vn -0.995050 -0.000033 0.099379
vn -0.995780 -0.036608 0.084152
vn -0.832431 0.319213 -0.452948
vn -0.834314 0.225018 -0.503277
vn -0.995434 -0.019084 0.093525
vn -0.996080 -0.051924 0.071617
vn -0.830836 0.401703 -0.385156
vn -0.832431 0.319213 -0.452948
vn -0.995780 -0.036608 0.084152
vn -0.996348 -0.064372 0.056091
vn -0.829499 0.469426 -0.302606
vn -0.830836 0.401703 -0.385156
vn -0.996080 -0.051924 0.071617
vn -0.996511 -0.073912 0.038761
vn -0.828514 0.519731 -0.208433
vn -0.829499 0.469426 -0.302606
vn -0.996348 -0.064372 0.056091
vn -0.996624 -0.079690 0.019777
vn -0.827921 0.550686 -0.106260
vn -0.828514 0.519731 -0.208433
vn -0.996511 -0.073912 0.038761
vn -0.996662 -0.081638 0.000001
vn -0.827718 0.561145 -0.000001
vn -0.827921 0.550686 -0.106260
vn -0.996624 -0.079690 0.019777
vn -0.996626 -0.079678 -0.019718
vn -0.827899 0.550721 0.106253
vn -0.827718 0.561145 -0.000001
vn -0.996662 -0.081638 0.000001
vn -0.996512 -0.073898 -0.038772
vn -0.828501 0.519750 0.208436
vn -0.827899 0.550721 0.106253
vn -0.996626 -0.079678 -0.019718
vn -0.996329 -0.064545 -0.056242
vn -0.829497 0.469430 0.302605
vn -0.828501 0.519750 0.208436
vn -0.996512 -0.073898 -0.038772
vn -0.996080 -0.051927 -0.071605
vn -0.830837 0.401699 0.385159
vn -0.829497 0.469430 0.302605
vn -0.996329 -0.064545 -0.056242
vn -0.995779 -0.036575 -0.084184
vn -0.832432 0.319206 0.452951
vn -0.830837 0.401699 0.385159
vn -0.996080 -0.051927 -0.071605
vn -0.995434 -0.019080 -0.093522
vn -0.834314 0.225014 0.503278
vn -0.832432 0.319206 0.452951
vn -0.995779 -0.036575 -0.084184
vn -0.995049 -0.000022 -0.099382
vn -0.836355 0.122857 0.534244
vn -0.834314 0.225014 0.503278
vn -0.995434 -0.019080 -0.093522
vn -0.994662 0.019711 -0.101289
vn -0.838479 0.016610 0.544680
vn -0.836355 0.122857 0.534244
vn -0.995049 -0.000022 -0.099382
vn 0.038771 -0.000768 -0.999248
vn 0.021734 -0.000431 -0.999764
vn 0.017869 -0.195433 -0.980554
vn 0.034908 -0.195687 -0.980045
vn 0.021734 -0.000431 -0.999764
vn 0.021734 -0.000430 -0.999764
vn 0.017873 -0.195421 -0.980557
vn 0.017869 -0.195433 -0.980554
vn 0.034908 -0.195687 -0.980045
vn 0.017869 -0.195433 -0.980554
vn 0.014152 -0.382953 -0.923660
vn 0.031195 -0.383093 -0.923183
vn 0.017869 -0.195433 -0.980554
vn 0.017873 -0.195421 -0.980557
vn 0.014156 -0.382941 -0.923664
vn 0.014152 -0.382953 -0.923660
vn 0.031195 -0.383093 -0.923183
vn 0.014152 -0.382953 -0.923660
vn 0.010729 -0.555759 -0.831275
vn 0.027777 -0.555805 -0.830849
vn 0.014152 -0.382953 -0.923660
vn 0.014156 -0.382941 -0.923664
vn 0.010730 -0.555755 -0.831277
vn 0.010729 -0.555759 -0.831275
vn 0.027777 -0.555805 -0.830849
vn 0.010729 -0.555759 -0.831275
vn 0.007729 -0.707229 -0.706942
vn 0.024781 -0.707200 -0.706579
vn 0.010729 -0.555759 -0.831275
vn 0.010730 -0.555755 -0.831277
vn 0.007730 -0.707227 -0.706944
vn 0.007729 -0.707229 -0.706942
vn 0.024781 -0.707200 -0.706579
vn 0.007729 -0.707229 -0.706942
vn 0.005268 -0.831543 -0.555435
vn 0.022320 -0.831451 -0.555149
vn 0.007729 -0.707229 -0.706942
vn 0.007730 -0.707227 -0.706944
vn 0.005269 -0.831545 -0.555432
vn 0.005268 -0.831543 -0.555435
vn 0.022320 -0.831451 -0.555149
vn 0.005268 -0.831543 -0.555435
vn 0.003440 -0.923911 -0.382592
vn 0.020491 -0.923771 -0.382398
vn 0.005268 -0.831543 -0.555435
vn 0.005269 -0.831545 -0.555432
vn 0.003441 -0.923913 -0.382587
vn 0.003440 -0.923911 -0.382592
vn 0.020491 -0.923771 -0.382398
vn 0.003440 -0.923911 -0.382592
vn 0.002315 -0.980792 -0.195044
vn 0.019364 -0.980623 -0.194946
vn 0.003440 -0.923911 -0.382592
vn 0.003441 -0.923913 -0.382587
vn 0.002315 -0.980792 -0.195042
vn 0.002315 -0.980792 -0.195044
vn 0.019364 -0.980623 -0.194946
vn 0.002315 -0.980792 -0.195044
vn 0.001934 -0.999998 -0.000000
vn 0.018984 -0.999820 -0.000000
vn 0.002315 -0.980792 -0.195044
vn 0.002315 -0.980792 -0.195042
vn 0.001935 -0.999998 0.000001
vn 0.001934 -0.999998 -0.000000
vn 0.018984 -0.999820 -0.000000
vn 0.001934 -0.999998 -0.000000
vn 0.002315 -0.980792 0.195044
vn 0.019364 -0.980623 0.194945
vn 0.001934 -0.999998 -0.000000
vn 0.001935 -0.999998 0.000001
vn 0.002316 -0.980793 0.195040
vn 0.002315 -0.980792 0.195044
vn 0.019364 -0.980623 0.194945
vn 0.002315 -0.980792 0.195044
vn 0.003440 -0.923912 0.382590
vn 0.020491 -0.923771 0.382397
vn 0.002315 -0.980792 0.195044
vn 0.002316 -0.980793 0.195040
vn 0.003442 -0.923915 0.382582
vn 0.003440 -0.923912 0.382590
vn 0.020491 -0.923771 0.382397
vn 0.003440 -0.923912 0.382590
vn 0.005270 -0.831539 0.555441
vn 0.022320 -0.831451 0.555149
vn 0.003440 -0.923912 0.382590
vn 0.003442 -0.923915 0.382582
vn 0.005270 -0.831536 0.555446
vn 0.005270 -0.831539 0.555441
vn 0.022320 -0.831451 0.555149
vn 0.005270 -0.831539 0.555441
vn 0.007733 -0.707230 0.706941
vn 0.024781 -0.707199 0.706580
vn 0.005270 -0.831539 0.555441
vn 0.005270 -0.831536 0.555446
vn 0.007730 -0.707231 0.706940
vn 0.007733 -0.707230 0.706941
vn 0.024781 -0.707199 0.706580
vn 0.007733 -0.707230 0.706941
vn 0.010731 -0.555767 0.831269
vn 0.027777 -0.555806 0.830848
vn 0.007733 -0.707230 0.706941
vn 0.007730 -0.707231 0.706940
vn 0.010730 -0.555772 0.831265
vn 0.010731 -0.555767 0.831269
vn 0.027777 -0.555806 0.830848
vn 0.010731 -0.555767 0.831269
vn 0.014152 -0.382953 0.923660
vn 0.031195 -0.383093 0.923183
vn 0.010731 -0.555767 0.831269
vn 0.010730 -0.555772 0.831265
vn 0.014156 -0.382941 0.923664
vn 0.014152 -0.382953 0.923660
vn 0.031195 -0.383093 0.923183
vn 0.014152 -0.382953 0.923660
vn 0.017869 -0.195434 0.980554
vn 0.034908 -0.195687 0.980045
vn 0.014152 -0.382953 0.923660
vn 0.014156 -0.382941 0.923664
vn 0.017873 -0.195423 0.980556
vn 0.017869 -0.195434 0.980554
vn 0.034908 -0.195687 0.980045
vn 0.017869 -0.195434 0.980554
vn 0.021735 -0.000431 0.999764
vn 0.038771 -0.000768 0.999248
vn 0.017869 -0.195434 0.980554
vn 0.017873 -0.195423 0.980556
vn 0.021735 -0.000431 0.999764
vn 0.021735 -0.000431 0.999764
vn 0.038771 -0.000768 0.999248
vn 0.021735 -0.000431 0.999764
vn 0.025594 0.194574 0.980554
vn 0.042630 0.194151 0.980045
vn 0.021735 -0.000431 0.999764
vn 0.021735 -0.000431 0.999764
vn 0.025597 0.194563 0.980556
vn 0.025594 0.194574 0.980554
vn 0.042630 0.194151 0.980045
vn 0.025594 0.194574 0.980554
vn 0.029306 0.382092 0.923660
vn 0.046341 0.381556 0.923183
vn 0.025594 0.194574 0.980554
vn 0.025597 0.194563 0.980556
vn 0.029308 0.382080 0.923664
vn 0.029306 0.382092 0.923660
vn 0.046341 0.381556 0.923183
vn 0.029306 0.382092 0.923660
vn 0.032731 0.554904 0.831271
vn 0.049765 0.554269 0.830849
vn 0.029306 0.382092 0.923660
vn 0.029308 0.382080 0.923664
vn 0.032728 0.554909 0.831267
vn 0.032731 0.554904 0.831271
vn 0.049765 0.554269 0.830849
vn 0.032731 0.554904 0.831271
vn 0.035733 0.706371 0.706939
vn 0.052767 0.705662 0.706581
vn 0.032731 0.554904 0.831271
vn 0.032728 0.554909 0.831267
vn 0.035728 0.706372 0.706939
vn 0.035733 0.706371 0.706939
vn 0.052767 0.705662 0.706581
vn 0.035733 0.706371 0.706939
vn 0.038195 0.830680 0.555438
vn 0.055229 0.829915 0.555149
vn 0.035733 0.706371 0.706939
vn 0.035728 0.706372 0.706939
vn 0.038191 0.830677 0.555443
vn 0.038195 0.830680 0.555438
vn 0.055229 0.829915 0.555149
vn 0.038195 0.830680 0.555438
vn 0.040025 0.923051 0.382590
vn 0.057058 0.922236 0.382395
vn 0.038195 0.830680 0.555438
vn 0.038191 0.830677 0.555443
vn 0.040023 0.923055 0.382580
vn 0.040025 0.923051 0.382590
vn 0.057058 0.922236 0.382395
vn 0.040025 0.923051 0.382590
vn 0.041152 0.979930 0.195047
vn 0.058183 0.979087 0.194947
vn 0.040025 0.923051 0.382590
vn 0.040023 0.923055 0.382580
vn 0.041151 0.979931 0.195043
vn 0.041152 0.979930 0.195047
vn 0.058183 0.979087 0.194947
vn 0.041152 0.979930 0.195047
vn 0.041532 0.999137 0.000000
vn 0.058563 0.998284 0.000000
vn 0.041152 0.979930 0.195047
vn 0.041151 0.979931 0.195043
vn 0.041531 0.999137 0.000002
vn 0.041532 0.999137 0.000000
vn 0.058563 0.998284 0.000000
vn 0.041532 0.999137 0.000000
vn 0.041152 0.979930 -0.195047
vn 0.058183 0.979087 -0.194946
vn 0.041532 0.999137 0.000000
vn 0.041531 0.999137 0.000002
vn 0.041150 0.979931 -0.195044
vn 0.041152 0.979930 -0.195047
vn 0.058183 0.979087 -0.194946
vn 0.041152 0.979930 -0.195047
vn 0.040025 0.923052 -0.382587
vn 0.057058 0.922236 -0.382394
vn 0.041152 0.979930 -0.195047
vn 0.041150 0.979931 -0.195044
vn 0.040022 0.923055 -0.382581
vn 0.040025 0.923052 -0.382587
vn 0.057058 0.922236 -0.382394
vn 0.040025 0.923052 -0.382587
vn 0.038193 0.830686 -0.555430
vn 0.055228 0.829916 -0.555148
vn 0.040025 0.923052 -0.382587
vn 0.040022 0.923055 -0.382581
vn 0.038192 0.830687 -0.555428
vn 0.038193 0.830686 -0.555430
vn 0.055228 0.829916 -0.555148
vn 0.038193 0.830686 -0.555430
vn 0.035729 0.706369 -0.706942
vn 0.052767 0.705662 -0.706581
vn 0.038193 0.830686 -0.555430
vn 0.038192 0.830687 -0.555428
vn 0.035729 0.706367 -0.706943
vn 0.035729 0.706369 -0.706942
vn 0.052767 0.705662 -0.706581
vn 0.035729 0.706369 -0.706942
vn 0.032728 0.554896 -0.831276
vn 0.049765 0.554269 -0.830848
vn 0.035729 0.706369 -0.706942
vn 0.035729 0.706367 -0.706943
vn 0.032728 0.554891 -0.831279
vn 0.032728 0.554896 -0.831276
vn 0.049765 0.554269 -0.830848
vn 0.032728 0.554896 -0.831276
vn 0.029306 0.382092 -0.923660
vn 0.046341 0.381555 -0.923184
vn 0.032728 0.554896 -0.831276
vn 0.032728 0.554891 -0.831279
vn 0.029308 0.382080 -0.923665
vn 0.029306 0.382092 -0.923660
vn 0.046341 0.381555 -0.923184
vn 0.029306 0.382092 -0.923660
vn 0.025594 0.194574 -0.980554
vn 0.042630 0.194151 -0.980045
vn 0.029306 0.382092 -0.923660
vn 0.029308 0.382080 -0.923665
vn 0.025597 0.194564 -0.980556
vn 0.025594 0.194574 -0.980554
vn 0.042630 0.194151 -0.980045
vn 0.025594 0.194574 -0.980554
vn 0.021734 -0.000431 -0.999764
vn 0.038771 -0.000768 -0.999248
vn 0.025594 0.194574 -0.980554
vn 0.025597 0.194564 -0.980556
vn 0.021734 -0.000430 -0.999764
vn 0.021734 -0.000431 -0.999764
vn 0.000034 -0.000067 -1.000000
vn -0.728892 -0.000619 -0.684629
vn -0.735558 -0.134016 -0.664074
vn -0.000539 -0.196100 -0.980584
vn -0.000539 -0.196100 -0.980584
vn -0.735558 -0.134016 -0.664074
vn -0.738831 -0.260583 -0.621470
vn -0.000868 -0.384327 -0.923196
vn -0.000868 -0.384327 -0.923196
vn -0.738831 -0.260583 -0.621470
vn -0.739119 -0.377204 -0.558051
vn -0.000983 -0.557503 -0.830174
vn -0.000983 -0.557503 -0.830174
vn -0.739119 -0.377204 -0.558051
vn -0.737287 -0.480380 -0.475019
vn -0.000936 -0.708890 -0.705319
vn -0.000936 -0.708890 -0.705319
vn -0.737287 -0.480380 -0.475019
vn -0.734395 -0.566237 -0.374218
vn -0.000797 -0.832754 -0.553643
vn -0.000797 -0.832754 -0.553643
vn -0.734395 -0.566237 -0.374218
vn -0.731385 -0.631050 -0.258556
vn -0.000635 -0.924557 -0.381042
vn -0.000635 -0.924557 -0.381042
vn -0.731385 -0.631050 -0.258556
vn -0.729200 -0.671427 -0.132111
vn -0.000512 -0.980973 -0.194147
vn -0.000512 -0.980973 -0.194147
vn -0.729200 -0.671427 -0.132111
vn -0.728431 -0.685120 -0.000000
vn -0.000466 -1.000000 -0.000000
vn -0.000466 -1.000000 -0.000000
vn -0.728431 -0.685120 -0.000000
vn -0.729200 -0.671427 0.132111
vn -0.000512 -0.980973 0.194146
vn -0.000512 -0.980973 0.194146
vn -0.729200 -0.671427 0.132111
vn -0.731385 -0.631050 0.258556
vn -0.000635 -0.924558 0.381042
vn -0.000635 -0.924558 0.381042
vn -0.731385 -0.631050 0.258556
vn -0.734392 -0.566243 0.374216
vn -0.000797 -0.832754 0.553642
vn -0.000797 -0.832754 0.553642
vn -0.734392 -0.566243 0.374216
vn -0.737286 -0.480383 0.475018
vn -0.000936 -0.708890 0.705318
vn -0.000936 -0.708890 0.705318
vn -0.737286 -0.480383 0.475018
vn -0.739121 -0.377198 0.558053
vn -0.000983 -0.557505 0.830173
vn -0.000983 -0.557505 0.830173
vn -0.739121 -0.377198 0.558053
vn -0.738832 -0.260582 0.621470
vn -0.000868 -0.384328 0.923196
vn -0.000868 -0.384328 0.923196
vn -0.738832 -0.260582 0.621470
vn -0.735565 -0.134051 0.664059
vn -0.000539 -0.196100 0.980584
vn -0.000539 -0.196100 0.980584
vn -0.735565 -0.134051 0.664059
vn -0.728876 -0.000622 0.684646
vn 0.000034 -0.000068 1.000000
vn 0.000034 -0.000068 1.000000
vn -0.728876 -0.000622 0.684646
vn -0.718584 0.136438 0.681925
vn 0.000845 0.195956 0.980612
vn 0.000845 0.195956 0.980612
vn -0.718584 0.136438 0.681925
vn -0.705190 0.273166 0.654284
vn 0.001851 0.384165 0.923263
vn 0.001851 0.384165 0.923263
vn -0.705190 0.273166 0.654284
vn -0.689643 0.404729 0.600489
vn 0.002978 0.557329 0.830286
vn 0.002978 0.557329 0.830286
vn -0.689643 0.404729 0.600489
vn -0.673392 0.525131 0.520367
vn 0.004122 0.708722 0.705476
vn 0.004122 0.708722 0.705476
vn -0.673392 0.525131 0.520367
vn -0.658184 0.627760 0.415585
vn 0.005172 0.832621 0.553819
vn 0.005172 0.832621 0.553819
vn -0.658184 0.627760 0.415585
vn -0.645793 0.706357 0.289847
vn 0.006016 0.924474 0.381199
vn 0.006016 0.924474 0.381199
vn -0.645793 0.706357 0.289847
vn -0.637785 0.755685 0.148901
vn 0.006564 0.980932 0.194239
vn 0.006564 0.980932 0.194239
vn -0.637785 0.755685 0.148901
vn -0.635030 0.772487 0.000000
vn 0.006754 0.999977 -0.000002
vn 0.006754 0.999977 -0.000002
vn -0.635030 0.772487 0.000000
vn -0.637789 0.755680 -0.148902
vn 0.006564 0.980932 -0.194241
vn 0.006564 0.980932 -0.194241
vn -0.637789 0.755680 -0.148902
vn -0.645789 0.706361 -0.289847
vn 0.006016 0.924474 -0.381198
vn 0.006016 0.924474 -0.381198
vn -0.645789 0.706361 -0.289847
vn -0.658182 0.627764 -0.415583
vn 0.005172 0.832621 -0.553819
vn 0.005172 0.832621 -0.553819
vn -0.658182 0.627764 -0.415583
vn -0.673391 0.525132 -0.520366
vn 0.004122 0.708723 -0.705474
vn 0.004122 0.708723 -0.705474
vn -0.673391 0.525132 -0.520366
vn -0.689643 0.404733 -0.600486
vn 0.002978 0.557331 -0.830285
vn 0.002978 0.557331 -0.830285
vn -0.689643 0.404733 -0.600486
vn -0.705189 0.273170 -0.654283
vn 0.001851 0.384165 -0.923263
vn 0.001851 0.384165 -0.923263
vn -0.705189 0.273170 -0.654283
vn -0.718576 0.136409 -0.681940
vn 0.000845 0.195956 -0.980612
vn 0.000845 0.195956 -0.980612
vn -0.718576 0.136409 -0.681940
vn -0.728892 -0.000619 -0.684629
vn 0.000034 -0.000067 -1.000000
vn -0.674963 0.152852 -0.721846
vn 0.698202 0.130061 -0.703987
vn 0.687628 -0.014516 -0.725918
vn -0.684670 0.005520 -0.728832
vn 0.744040 -0.106573 -0.659580
vn -0.619845 -0.140886 -0.771974
vn -0.624119 0.004354 -0.781317
vn 0.738390 0.033250 -0.673554
vn -0.662345 0.299155 -0.686880
vn 0.711762 0.262377 -0.651578
vn 0.698202 0.130061 -0.703987
vn -0.674963 0.152852 -0.721846
vn 0.747416 -0.240900 -0.619141
vn -0.618082 -0.281878 -0.733839
vn -0.619845 -0.140886 -0.771974
vn 0.744040 -0.106573 -0.659580
vn -0.647790 0.436386 -0.624448
vn 0.727493 0.375758 -0.574074
vn 0.711762 0.262377 -0.651578
vn -0.662345 0.299155 -0.686880
vn 0.748472 -0.364715 -0.553870
vn -0.618872 -0.412870 -0.668233
vn -0.618082 -0.281878 -0.733839
vn 0.747416 -0.240900 -0.619141
vn -0.632637 0.558838 -0.536162
vn 0.742880 0.468994 -0.477675
vn 0.727493 0.375758 -0.574074
vn -0.647790 0.436386 -0.624448
vn 0.747106 -0.473580 -0.466427
vn -0.622195 -0.528286 -0.577743
vn -0.618872 -0.412870 -0.668233
vn 0.748472 -0.364715 -0.553870
vn -0.618543 0.661081 -0.424708
vn 0.756564 0.540731 -0.367723
vn 0.742880 0.468994 -0.477675
vn -0.632637 0.558838 -0.536162
vn 0.743444 -0.563576 -0.360101
vn -0.627908 -0.623266 -0.466123
vn -0.622195 -0.528286 -0.577743
vn 0.747106 -0.473580 -0.466427
vn -0.607112 0.738089 -0.294346
vn 0.767228 0.591019 -0.249114
vn 0.756564 0.540731 -0.367723
vn -0.618543 0.661081 -0.424708
vn 0.737636 -0.631561 -0.238798
vn -0.635872 -0.693846 -0.338001
vn -0.627908 -0.623266 -0.466123
vn 0.743444 -0.563576 -0.360101
vn -0.599650 0.785960 -0.150622
vn 0.773973 0.620634 -0.125617
vn 0.767228 0.591019 -0.249114
vn -0.607112 0.738089 -0.294346
vn 0.729774 -0.675277 -0.106914
vn -0.645654 -0.737317 -0.198732
vn -0.635872 -0.693846 -0.338001
vn 0.737636 -0.631561 -0.238798
vn -0.597052 0.802202 0.000000
vn 0.776277 0.630392 0.000000
vn 0.773973 0.620634 -0.125617
vn -0.599650 0.785960 -0.150622
vn 0.720147 -0.693130 0.030955
vn -0.656850 -0.752079 -0.054086
vn -0.645654 -0.737317 -0.198732
vn 0.729774 -0.675277 -0.106914
vn -0.599649 0.785960 0.150622
vn 0.773970 0.620637 0.125617
vn 0.776277 0.630392 0.000000
vn -0.597052 0.802202 0.000000
vn 0.709085 -0.684325 0.169992
vn -0.669109 -0.737688 0.090050
vn -0.656850 -0.752079 -0.054086
vn 0.720147 -0.693130 0.030955
vn -0.607110 0.738090 0.294348
vn 0.767227 0.591018 0.249121
vn 0.773970 0.620637 0.125617
vn -0.599649 0.785960 0.150622
vn 0.696974 -0.648871 0.305277
vn -0.681828 -0.695095 0.227934
vn -0.669109 -0.737688 0.090050
vn 0.709085 -0.684325 0.169992
vn -0.618543 0.661081 0.424708
vn 0.756553 0.540743 0.367729
vn 0.767227 0.591018 0.249121
vn -0.607110 0.738090 0.294348
vn 0.684212 -0.587670 0.431853
vn -0.694577 -0.626244 0.354092
vn -0.681828 -0.695095 0.227934
vn 0.696974 -0.648871 0.305277
vn -0.632634 0.558844 0.536160
vn 0.742875 0.469008 0.477671
vn 0.756553 0.540743 0.367729
vn -0.618543 0.661081 0.424708
vn 0.671358 -0.502449 0.544815
vn -0.706873 -0.534126 0.463724
vn -0.694577 -0.626244 0.354092
vn 0.684212 -0.587670 0.431853
vn -0.647777 0.436383 0.624464
vn 0.727493 0.375744 0.574082
vn 0.742875 0.469008 0.477671
vn -0.632634 0.558844 0.536160
vn 0.658849 -0.395967 0.639632
vn -0.718192 -0.422608 0.552814
vn -0.706873 -0.534126 0.463724
vn 0.671358 -0.502449 0.544815
vn -0.662360 0.299151 0.686868
vn 0.711760 0.262369 0.651583
vn 0.727493 0.375744 0.574082
vn -0.647777 0.436383 0.624464
vn 0.647216 -0.271931 0.712155
vn -0.728066 -0.296261 0.618182
vn -0.718192 -0.422608 0.552814
vn 0.658849 -0.395967 0.639632
vn -0.674940 0.152875 0.721863
vn 0.698207 0.130037 0.703987
vn 0.711760 0.262369 0.651583
vn -0.662360 0.299151 0.686868
vn 0.636928 -0.135025 0.759007
vn -0.736203 -0.160086 0.657555
vn -0.728066 -0.296261 0.618182
vn 0.647216 -0.271931 0.712155
vn -0.684677 0.005519 0.728825
vn 0.687645 -0.014519 0.725902
vn 0.698207 0.130037 0.703987
vn -0.674940 0.152875 0.721863
vn 0.628489 0.009351 0.777762
vn -0.742259 -0.019315 0.669834
vn -0.736203 -0.160086 0.657555
vn 0.636928 -0.135025 0.759007
vn -0.691709 -0.137503 0.708966
vn 0.676967 -0.161620 0.718049
vn 0.687645 -0.014519 0.725902
vn -0.684677 0.005519 0.728825
vn 0.622326 0.155266 0.767205
vn -0.745977 0.120751 0.654933
vn -0.742259 -0.019315 0.669834
vn 0.628489 0.009351 0.777762
vn -0.696094 -0.273400 0.663856
vn 0.667613 -0.304608 0.679343
vn 0.676967 -0.161620 0.718049
vn -0.691709 -0.137503 0.708966
vn 0.618615 0.296557 0.727578
vn -0.747315 0.254928 0.613622
vn -0.745977 0.120751 0.654933
vn 0.622326 0.155266 0.767205
vn -0.698091 -0.397967 0.595223
vn 0.659565 -0.436500 0.611917
vn 0.667613 -0.304608 0.679343
vn -0.696094 -0.273400 0.663856
vn 0.617581 0.427128 0.660421
vn -0.746167 0.378370 0.547788
vn -0.747315 0.254928 0.613622
vn 0.618615 0.296557 0.727578
vn -0.698382 -0.507060 0.505127
vn 0.652780 -0.551353 0.519508
vn 0.659565 -0.436500 0.611917
vn -0.698091 -0.397967 0.595223
vn 0.619181 0.541483 0.568692
vn -0.742721 0.486645 0.459938
vn -0.746167 0.378370 0.547788
vn 0.617581 0.427128 0.660421
vn -0.697610 -0.596763 0.396502
vn 0.647288 -0.644547 0.406912
vn 0.652780 -0.551353 0.519508
vn -0.698382 -0.507060 0.505127
vn 0.623419 0.634920 0.456317
vn -0.737051 0.576068 0.353415
vn -0.742721 0.486645 0.459938
vn 0.619181 0.541483 0.568692
vn -0.696429 -0.663649 0.273050
vn 0.643171 -0.712938 0.279374
vn 0.647288 -0.644547 0.406912
vn -0.697610 -0.596763 0.396502
vn 0.630095 0.703796 0.328102
vn -0.729344 0.643561 0.232136
vn -0.737051 0.576068 0.353415
vn 0.623419 0.634920 0.456317
vn -0.695469 -0.704947 0.139189
vn 0.640654 -0.754572 0.142068
vn 0.643171 -0.712938 0.279374
vn -0.696429 -0.663649 0.273050
vn 0.638793 0.745669 0.189532
vn -0.719971 0.686703 0.100403
vn -0.729344 0.643561 0.232136
vn 0.630095 0.703796 0.328102
vn -0.695101 -0.718912 -0.000000
vn 0.639811 -0.768532 -0.000001
vn 0.640654 -0.754572 0.142068
vn -0.695469 -0.704947 0.139189
vn 0.649185 0.759224 0.046235
vn -0.709213 0.704014 -0.037158
vn -0.719971 0.686703 0.100403
vn 0.638793 0.745669 0.189532
vn -0.695476 -0.704938 -0.139193
vn 0.640665 -0.754563 -0.142065
vn 0.639811 -0.768532 -0.000001
vn -0.695101 -0.718912 -0.000000
vn 0.660798 0.744376 -0.096174
vn -0.697457 0.694750 -0.175717
vn -0.709213 0.704014 -0.037158
vn 0.649185 0.759224 0.046235
vn -0.696437 -0.663642 -0.273048
vn 0.643180 -0.712932 -0.279371
vn 0.640665 -0.754563 -0.142065
vn -0.695476 -0.704938 -0.139193
vn 0.673211 0.702023 -0.232274
vn -0.685142 0.658982 -0.310360
vn -0.697457 0.694750 -0.175717
vn 0.660798 0.744376 -0.096174
vn -0.697623 -0.596751 -0.396499
vn 0.647291 -0.644543 -0.406912
vn 0.643180 -0.712932 -0.279371
vn -0.696437 -0.663642 -0.273048
vn 0.685906 0.634101 -0.356999
vn -0.672704 0.597670 -0.436187
vn -0.685142 0.658982 -0.310360
vn 0.673211 0.702023 -0.232274
vn -0.698383 -0.507050 -0.505135
vn 0.652790 -0.551345 -0.519504
vn 0.647291 -0.644543 -0.406912
vn -0.697623 -0.596751 -0.396499
vn 0.698485 0.543373 -0.465687
vn -0.660540 0.512717 -0.548461
vn -0.672704 0.597670 -0.436187
vn 0.685906 0.634101 -0.356999
vn -0.698088 -0.397974 -0.595223
vn 0.659577 -0.436505 -0.611900
vn 0.652790 -0.551345 -0.519504
vn -0.698383 -0.507050 -0.505135
vn 0.710434 0.433445 -0.554444
vn -0.649203 0.406833 -0.642669
vn -0.660540 0.512717 -0.548461
vn 0.698485 0.543373 -0.465687
vn -0.696067 -0.273409 -0.663881
vn 0.667628 -0.304600 -0.679332
vn 0.659577 -0.436505 -0.611900
vn -0.698088 -0.397974 -0.595223
vn 0.721314 0.308533 -0.620091
vn -0.639095 0.283689 -0.714897
vn -0.649203 0.406833 -0.642669
vn 0.710434 0.433445 -0.554444
vn -0.691724 -0.137482 -0.708955
vn 0.676966 -0.161638 -0.718046
vn 0.667628 -0.304600 -0.679332
vn -0.696067 -0.273409 -0.663881
vn 0.730760 0.173377 -0.660250
vn -0.630611 0.147815 -0.761893
vn -0.639095 0.283689 -0.714897
vn 0.721314 0.308533 -0.620091
vn -0.684670 0.005520 -0.728832
vn 0.687628 -0.014516 -0.725918
vn 0.676966 -0.161638 -0.718046
vn -0.691724 -0.137482 -0.708955
vn 0.738390 0.033250 -0.673554
vn -0.624119 0.004354 -0.781317
vn -0.630611 0.147815 -0.761893
vn 0.730760 0.173377 -0.660250
vn 0.993831 0.089324 0.065738
vn 0.994306 0.091833 0.054065
vn 0.720147 -0.693130 0.030955
vn 0.729774 -0.675277 -0.106914
vn 0.995303 -0.096813 -0.000004
vn 0.995350 -0.096101 0.006567
vn 0.640654 -0.754572 0.142068
vn 0.639811 -0.768532 -0.000001
vn -0.989529 0.110977 -0.092287
vn -0.983623 0.156064 -0.090170
vn -0.618543 0.661081 -0.424708
vn -0.632637 0.558838 -0.536162
vn 0.993724 0.082534 0.075501
vn 0.993831 0.089324 0.065738
vn 0.729774 -0.675277 -0.106914
vn 0.737636 -0.631561 -0.238798
vn -0.997907 -0.010051 -0.063880
vn -0.998500 -0.012042 -0.053412
vn -0.736203 -0.160086 0.657555
vn -0.742259 -0.019315 0.669834
vn -0.997139 -0.012521 -0.074549
vn -0.997891 -0.010869 -0.063993
vn -0.624119 0.004354 -0.781317
vn -0.619845 -0.140886 -0.771974
vn -0.994486 0.068735 -0.079205
vn -0.989529 0.110977 -0.092287
vn -0.632637 0.558838 -0.536162
vn -0.647790 0.436386 -0.624448
vn 0.994001 0.072560 0.081830
vn 0.993724 0.082534 0.075501
vn 0.737636 -0.631561 -0.238798
vn 0.743444 -0.563576 -0.360101
vn 0.996488 -0.078573 -0.028949
vn 0.995882 -0.088030 -0.021673
vn 0.647291 -0.644543 -0.406912
vn 0.652790 -0.551345 -0.519504
vn -0.995219 -0.037302 -0.090268
vn -0.995714 -0.027069 -0.088432
vn -0.746167 0.378370 0.547788
vn -0.742721 0.486645 0.459938
vn -0.997815 0.035694 -0.055600
vn -0.994486 0.068735 -0.079205
vn -0.647790 0.436386 -0.624448
vn -0.662345 0.299155 -0.686880
vn 0.994610 0.060999 0.083849
vn 0.994001 0.072560 0.081830
vn 0.743444 -0.563576 -0.360101
vn 0.747106 -0.473580 -0.466427
vn -0.994725 -0.047962 -0.090671
vn -0.995022 -0.037205 -0.092452
vn -0.622195 -0.528286 -0.577743
vn -0.627908 -0.623266 -0.466123
vn -0.999491 0.014981 -0.028162
vn -0.997815 0.035694 -0.055600
vn -0.662345 0.299155 -0.686880
vn -0.674963 0.152852 -0.721846
vn 0.995458 0.049647 0.081234
vn 0.994610 0.060999 0.083849
vn 0.747106 -0.473580 -0.466427
vn 0.748472 -0.364715 -0.553870
vn 0.999801 -0.019701 0.003060
vn 0.999327 -0.031247 -0.019205
vn 0.676966 -0.161638 -0.718046
vn 0.687628 -0.014516 -0.725918
vn -0.995901 -0.063753 -0.064162
vn -0.995350 -0.061636 -0.074019
vn -0.719971 0.686703 0.100403
vn -0.709213 0.704014 -0.037158
vn -0.999975 0.006193 -0.003509
vn -0.999491 0.014981 -0.028162
vn -0.674963 0.152852 -0.721846
vn -0.684670 0.005520 -0.728832
vn 0.996417 0.040241 0.074390
vn 0.995458 0.049647 0.081234
vn 0.748472 -0.364715 -0.553870
vn 0.747416 -0.240900 -0.619141
vn 0.997331 0.034257 0.064483
vn 0.996417 0.040241 0.074390
vn 0.747416 -0.240900 -0.619141
vn 0.744040 -0.106573 -0.659580
vn -0.998539 -0.038386 -0.038023
vn -0.998026 -0.048266 -0.040174
vn -0.672704 0.597670 -0.436187
vn -0.660540 0.512717 -0.548461
vn 0.998062 0.032473 0.053083
vn 0.997331 0.034257 0.064483
vn 0.744040 -0.106573 -0.659580
vn 0.738390 0.033250 -0.673554
vn 0.977969 -0.180513 -0.104840
vn 0.970706 -0.225570 -0.082749
vn 0.767227 0.591018 0.249121
vn 0.756553 0.540743 0.367729
vn -0.997891 -0.010869 -0.063993
vn -0.998468 -0.013297 -0.053722
vn -0.630611 0.147815 -0.761893
vn -0.624119 0.004354 -0.781317
vn 0.999199 -0.021089 -0.034018
vn 0.996851 -0.042149 -0.067162
vn 0.711760 0.262369 0.651583
vn 0.698207 0.130037 0.703987
vn 0.997348 -0.064804 0.033116
vn 0.998374 -0.047931 0.030850
vn 0.667613 -0.304608 0.679343
vn 0.659565 -0.436500 0.611917
vn -0.998072 -0.048596 -0.038602
vn -0.997327 -0.057703 -0.044834
vn -0.681828 -0.695095 0.227934
vn -0.694577 -0.626244 0.354092
vn 0.985664 -0.129262 0.108430
vn 0.992273 -0.080656 0.094282
vn 0.727493 0.375758 -0.574074
vn 0.742880 0.468994 -0.477675
vn 0.995350 -0.096101 0.006567
vn 0.995521 -0.093524 0.013819
vn 0.643171 -0.712938 0.279374
vn 0.640654 -0.754572 0.142068
vn -0.998500 -0.012042 -0.053412
vn -0.998849 -0.017951 -0.044474
vn -0.728066 -0.296261 0.618182
vn -0.736203 -0.160086 0.657555
vn 0.963638 -0.267211 -0.000000
vn 0.965522 -0.256301 0.045579
vn 0.773973 0.620634 -0.125617
vn 0.776277 0.630392 0.000000
vn 0.995882 -0.088030 -0.021673
vn 0.995521 -0.093523 -0.013815
vn 0.643180 -0.712932 -0.279371
vn 0.647291 -0.644543 -0.406912
vn -0.995714 -0.027069 -0.088432
vn -0.996397 -0.018243 -0.082828
vn -0.747315 0.254928 0.613622
vn -0.746167 0.378370 0.547788
vn -0.995022 -0.037205 -0.092452
vn -0.995589 -0.026667 -0.089953
vn -0.618872 -0.412870 -0.668233
vn -0.622195 -0.528286 -0.577743
vn 0.999327 -0.031247 -0.019205
vn 0.998375 -0.047927 -0.030839
vn 0.667628 -0.304600 -0.679332
vn 0.676966 -0.161638 -0.718046
vn -0.995350 -0.061636 -0.074019
vn -0.995028 -0.055908 -0.082424
vn -0.729344 0.643561 0.232136
vn -0.719971 0.686703 0.100403
vn -0.995720 -0.065702 -0.065000
vn -0.995107 -0.063390 -0.075782
vn -0.645654 -0.737317 -0.198732
vn -0.656850 -0.752079 -0.054086
vn -0.998026 -0.048266 -0.040174
vn -0.997347 -0.056500 -0.045908
vn -0.685142 0.658982 -0.310360
vn -0.672704 0.597670 -0.436187
vn 0.970706 -0.225570 -0.082749
vn 0.965518 -0.256314 -0.045580
vn 0.773970 0.620637 0.125617
vn 0.767227 0.591018 0.249121
vn -0.998468 -0.013297 -0.053722
vn -0.998786 -0.019480 -0.045254
vn -0.639095 0.283689 -0.714897
vn -0.630611 0.147815 -0.761893
vn 0.996851 -0.042149 -0.067162
vn 0.992279 -0.080626 -0.094242
vn 0.727493 0.375744 0.574082
vn 0.711760 0.262369 0.651583
vn 0.998374 -0.047931 0.030850
vn 0.999327 -0.031223 0.019231
vn 0.676967 -0.161620 0.718049
vn 0.667613 -0.304608 0.679343
vn -0.997327 -0.057703 -0.044834
vn -0.996500 -0.063700 -0.054137
vn -0.669109 -0.737688 0.090050
vn -0.681828 -0.695095 0.227934
vn 0.992273 -0.080656 0.094282
vn 0.996849 -0.042156 0.067187
vn 0.711762 0.262377 -0.651578
vn 0.727493 0.375758 -0.574074
vn 0.995521 -0.093524 0.013819
vn 0.995881 -0.088035 0.021675
vn 0.647288 -0.644547 0.406912
vn 0.643171 -0.712938 0.279374
vn -0.999888 0.005949 0.013724
vn -0.999975 0.006193 -0.003509
vn -0.684670 0.005520 -0.728832
vn -0.691724 -0.137482 -0.708955
vn -0.998849 -0.017951 -0.044474
vn -0.998893 -0.026981 -0.038521
vn -0.718192 -0.422608 0.552814
vn -0.728066 -0.296261 0.618182
vn 0.965522 -0.256301 0.045579
vn 0.970711 -0.225551 0.082744
vn 0.767228 0.591019 -0.249114
vn 0.773973 0.620634 -0.125617
vn -0.999717 0.009468 0.021846
vn -0.999888 0.005949 0.013724
vn -0.691724 -0.137482 -0.708955
vn -0.696067 -0.273409 -0.663881
vn 0.995521 -0.093523 -0.013815
vn 0.995350 -0.096104 -0.006567
vn 0.640665 -0.754563 -0.142065
vn 0.643180 -0.712932 -0.279371
vn -0.999678 0.012642 0.022014
vn -0.999717 0.009468 0.021846
vn -0.696067 -0.273409 -0.663881
vn -0.698088 -0.397974 -0.595223
vn 0.998501 0.035156 0.041956
vn 0.998062 0.032473 0.053083
vn 0.738390 0.033250 -0.673554
vn 0.730760 0.173377 -0.660250
vn -0.996397 -0.018243 -0.082828
vn -0.997168 -0.012229 -0.074201
vn -0.745977 0.120751 0.654933
vn -0.747315 0.254928 0.613622
vn -0.995589 -0.026667 -0.089953
vn -0.996330 -0.017998 -0.083676
vn -0.618082 -0.281878 -0.733839
vn -0.618872 -0.412870 -0.668233
vn -0.999768 0.012980 0.017195
vn -0.999678 0.012642 0.022014
vn -0.698088 -0.397974 -0.595223
vn -0.698383 -0.507050 -0.505135
vn 0.998586 0.041883 0.032736
vn 0.998501 0.035156 0.041956
vn 0.730760 0.173377 -0.660250
vn 0.721314 0.308533 -0.620091
vn 0.998375 -0.047927 -0.030839
vn 0.997349 -0.064795 -0.033104
vn 0.659577 -0.436505 -0.611900
vn 0.667628 -0.304600 -0.679332
vn -0.999891 0.010127 0.010749
vn -0.999768 0.012980 0.017195
vn -0.698383 -0.507050 -0.505135
vn -0.697623 -0.596751 -0.396499
vn 0.998318 0.051450 0.026715
vn 0.998586 0.041883 0.032736
vn 0.721314 0.308533 -0.620091
vn 0.710434 0.433445 -0.554444
vn -0.995028 -0.055908 -0.082424
vn -0.994978 -0.047405 -0.088154
vn -0.737051 0.576068 0.353415
vn -0.729344 0.643561 0.232136
vn -0.995107 -0.063390 -0.075782
vn -0.994756 -0.057160 -0.084818
vn -0.635872 -0.693846 -0.338001
vn -0.645654 -0.737317 -0.198732
vn -0.999971 0.005518 0.005277
vn -0.999891 0.010127 0.010749
vn -0.697623 -0.596751 -0.396499
vn -0.696437 -0.663642 -0.273048
vn 0.997742 0.062447 0.024742
vn 0.998318 0.051450 0.026715
vn 0.710434 0.433445 -0.554444
vn 0.698485 0.543373 -0.465687
vn -0.997347 -0.056500 -0.045908
vn -0.996602 -0.061927 -0.054308
vn -0.697457 0.694750 -0.175717
vn -0.685142 0.658982 -0.310360
vn 0.691985 0.544711 -0.473759
vn 0.708011 0.430487 -0.559823
vn 0.998422 0.049993 0.025595
vn 0.997834 0.061389 0.023622
vn 0.997834 0.061389 0.023622
vn 0.998422 0.049993 0.025595
vn 0.998318 0.051450 0.026715
vn 0.997742 0.062447 0.024742
vn 0.708011 0.430487 -0.559823
vn 0.724781 0.301629 -0.619445
vn 0.998691 0.040015 0.031846
vn 0.998422 0.049993 0.025595
vn 0.998422 0.049993 0.025595
vn 0.998691 0.040015 0.031846
vn 0.998586 0.041883 0.032736
vn 0.998318 0.051450 0.026715
vn 0.724781 0.301629 -0.619445
vn 0.741516 0.164453 -0.650469
vn 0.998596 0.032997 0.041452
vn 0.998691 0.040015 0.031846
vn 0.998691 0.040015 0.031846
vn 0.998596 0.032997 0.041452
vn 0.998501 0.035156 0.041956
vn 0.998586 0.041883 0.032736
vn 0.741516 0.164453 -0.650469
vn 0.757439 0.025762 -0.652397
vn 0.998137 0.030187 0.053021
vn 0.998596 0.032997 0.041452
vn 0.998596 0.032997 0.041452
vn 0.998137 0.030187 0.053021
vn 0.998062 0.032473 0.053083
vn 0.998501 0.035156 0.041956
vn 0.757439 0.025762 -0.652397
vn 0.771946 -0.108143 -0.626421
vn 0.997380 0.032016 0.064863
vn 0.998137 0.030187 0.053021
vn 0.998137 0.030187 0.053021
vn 0.997380 0.032016 0.064863
vn 0.997331 0.034257 0.064483
vn 0.998062 0.032473 0.053083
vn 0.771946 -0.108143 -0.626421
vn 0.784470 -0.231800 -0.575219
vn 0.996439 0.038214 0.075156
vn 0.997380 0.032016 0.064863
vn 0.997380 0.032016 0.064863
vn 0.996439 0.038214 0.075156
vn 0.996417 0.040241 0.074390
vn 0.997331 0.034257 0.064483
vn 0.784470 -0.231800 -0.575219
vn 0.794627 -0.340680 -0.502499
vn 0.995456 0.047955 0.082260
vn 0.996439 0.038214 0.075156
vn 0.996439 0.038214 0.075156
vn 0.995456 0.047955 0.082260
vn 0.995458 0.049647 0.081234
vn 0.996417 0.040241 0.074390
vn 0.794627 -0.340680 -0.502499
vn 0.802104 -0.431677 -0.412655
vn 0.994586 0.059783 0.085002
vn 0.995456 0.047955 0.082260
vn 0.995456 0.047955 0.082260
vn 0.994586 0.059783 0.085002
vn 0.994610 0.060999 0.083849
vn 0.995458 0.049647 0.081234
vn 0.802104 -0.431677 -0.412655
vn 0.806835 -0.502954 -0.309926
vn 0.993960 0.071846 0.082955
vn 0.994586 0.059783 0.085002
vn 0.994586 0.059783 0.085002
vn 0.993960 0.071846 0.082955
vn 0.994001 0.072560 0.081830
vn 0.994610 0.060999 0.083849
vn 0.806835 -0.502954 -0.309926
vn 0.808691 -0.553738 -0.198477
vn 0.993688 0.082185 0.076359
vn 0.993960 0.071846 0.082955
vn 0.993960 0.071846 0.082955
vn 0.993688 0.082185 0.076359
vn 0.993724 0.082534 0.075501
vn 0.994001 0.072560 0.081830
vn 0.808691 -0.553738 -0.198477
vn 0.807668 -0.583916 -0.081940
vn 0.993812 0.089200 0.066195
vn 0.993688 0.082185 0.076359
vn 0.993688 0.082185 0.076359
vn 0.993812 0.089200 0.066195
vn 0.993831 0.089324 0.065738
vn 0.993724 0.082534 0.075501
vn 0.807668 -0.583916 -0.081940
vn 0.803913 -0.593618 0.036633
vn 0.994308 0.091804 0.054067
vn 0.993812 0.089200 0.066195
vn 0.993812 0.089200 0.066195
vn 0.994308 0.091804 0.054067
vn 0.994306 0.091833 0.054065
vn 0.993831 0.089324 0.065738
vn 0.677279 0.638765 -0.365066
vn 0.691985 0.544711 -0.473759
vn 0.997834 0.061389 0.023622
vn 0.997025 0.072523 0.026109
vn 0.997025 0.072523 0.026109
vn 0.997834 0.061389 0.023622
vn 0.997742 0.062447 0.024742
vn 0.996950 0.073188 0.027082
vn 0.664518 0.708131 -0.238677
vn 0.677279 0.638765 -0.365066
vn 0.997025 0.072523 0.026109
vn 0.996114 0.081825 0.032575
vn 0.996114 0.081825 0.032575
vn 0.997025 0.072523 0.026109
vn 0.996950 0.073188 0.027082
vn 0.996065 0.082121 0.033335
vn 0.654250 0.749600 -0.100278
vn 0.664518 0.708131 -0.238677
vn 0.996114 0.081825 0.032575
vn 0.995234 0.087981 0.042049
vn 0.995234 0.087981 0.042049
vn 0.996114 0.081825 0.032575
vn 0.996065 0.082121 0.033335
vn 0.995214 0.088013 0.042469
vn 0.646891 0.761321 0.043844
vn 0.654250 0.749600 -0.100278
vn 0.995234 0.087981 0.042049
vn 0.994519 0.090035 0.053156
vn 0.994519 0.090035 0.053156
vn 0.995234 0.087981 0.042049
vn 0.995214 0.088013 0.042469
vn 0.994525 0.089974 0.053156
vn 0.642729 0.742856 0.187255
vn 0.646891 0.761321 0.043844
vn 0.994519 0.090035 0.053156
vn 0.994073 0.087676 0.064283
vn 0.994073 0.087676 0.064283
vn 0.994519 0.090035 0.053156
vn 0.994525 0.089974 0.053156
vn 0.994096 0.087713 0.063866
vn 0.641970 0.695117 0.323555
vn 0.642729 0.742856 0.187255
vn 0.994073 0.087676 0.064283
vn 0.993962 0.081208 0.073792
vn 0.993962 0.081208 0.073792
vn 0.994073 0.087676 0.064283
vn 0.994096 0.087713 0.063866
vn 0.993993 0.081511 0.073035
vn 0.644659 0.620428 0.446637
vn 0.641970 0.695117 0.323555
vn 0.993962 0.081208 0.073792
vn 0.994200 0.071567 0.080279
vn 0.994200 0.071567 0.080279
vn 0.993962 0.081208 0.073792
vn 0.993993 0.081511 0.073035
vn 0.994228 0.072261 0.079306
vn 0.650643 0.522530 0.551023
vn 0.644659 0.620428 0.446637
vn 0.994200 0.071567 0.080279
vn 0.994753 0.060174 0.082735
vn 0.994753 0.060174 0.082735
vn 0.994200 0.071567 0.080279
vn 0.994228 0.072261 0.079306
vn 0.994779 0.061258 0.081625
vn 0.659817 0.406192 0.632178
vn 0.650643 0.522530 0.551023
vn 0.994753 0.060174 0.082735
vn 0.995552 0.048638 0.080686
vn 0.995552 0.048638 0.080686
vn 0.994753 0.060174 0.082735
vn 0.994779 0.061258 0.081625
vn 0.995566 0.050123 0.079599
vn 0.671719 0.277191 0.686992
vn 0.659817 0.406192 0.632178
vn 0.995552 0.048638 0.080686
vn 0.996484 0.038648 0.074332
vn 0.996484 0.038648 0.074332
vn 0.995552 0.048638 0.080686
vn 0.995566 0.050123 0.079599
vn 0.996471 0.040541 0.073493
vn 0.685782 0.141914 0.713837
vn 0.671719 0.277191 0.686992
vn 0.996484 0.038648 0.074332
vn 0.997403 0.031826 0.064604
vn 0.997403 0.031826 0.064604
vn 0.996484 0.038648 0.074332
vn 0.996471 0.040541 0.073493
vn 0.997360 0.033996 0.064164
vn 0.701281 0.006683 0.712854
vn 0.685782 0.141914 0.713837
vn 0.997403 0.031826 0.064604
vn 0.998166 0.029291 0.052973
vn 0.998166 0.029291 0.052973
vn 0.997403 0.031826 0.064604
vn 0.997360 0.033996 0.064164
vn 0.998096 0.031576 0.052983
vn 0.717614 -0.122774 0.685534
vn 0.701281 0.006683 0.712854
vn 0.998166 0.029291 0.052973
vn 0.998654 0.031498 0.041198
vn 0.998654 0.031498 0.041198
vn 0.998166 0.029291 0.052973
vn 0.998096 0.031576 0.052983
vn 0.998563 0.033727 0.041645
vn 0.734002 -0.241574 0.634731
vn 0.717614 -0.122774 0.685534
vn 0.998654 0.031498 0.041198
vn 0.998786 0.038184 0.031123
vn 0.998786 0.038184 0.031123
vn 0.998654 0.031498 0.041198
vn 0.998563 0.033727 0.041645
vn 0.998682 0.040181 0.031935
vn 0.749811 -0.346055 0.563941
vn 0.734002 -0.241574 0.634731
vn 0.998786 0.038184 0.031123
vn 0.998535 0.048318 0.024346
vn 0.998535 0.048318 0.024346
vn 0.998786 0.038184 0.031123
vn 0.998682 0.040181 0.031935
vn 0.998428 0.049963 0.025401
vn 0.764491 -0.433645 0.476975
vn 0.749811 -0.346055 0.563941
vn 0.998535 0.048318 0.024346
vn 0.997933 0.060386 0.022003
vn 0.997933 0.060386 0.022003
vn 0.998535 0.048318 0.024346
vn 0.998428 0.049963 0.025401
vn 0.997834 0.061561 0.023171
vn 0.777590 -0.502816 0.377532
vn 0.764491 -0.433645 0.476975
vn 0.997933 0.060386 0.022003
vn 0.997068 0.072506 0.024477
vn 0.997068 0.072506 0.024477
vn 0.997933 0.060386 0.022003
vn 0.997834 0.061561 0.023171
vn 0.996990 0.073183 0.025609
vn 0.788737 -0.552748 0.269006
vn 0.777590 -0.502816 0.377532
vn 0.997068 0.072506 0.024477
vn 0.996074 0.082757 0.031433
vn 0.996074 0.082757 0.031433
vn 0.997068 0.072506 0.024477
vn 0.996990 0.073183 0.025609
vn 0.996022 0.083049 0.032302
vn 0.797547 -0.583142 0.154481
vn 0.788737 -0.552748 0.269006
vn 0.996074 0.082757 0.031433
vn 0.995104 0.089544 0.041841
vn 0.995104 0.089544 0.041841
vn 0.996074 0.082757 0.031433
vn 0.996022 0.083049 0.032302
vn 0.995077 0.089622 0.042304
vn 0.803913 -0.593618 0.036633
vn 0.797547 -0.583142 0.154481
vn 0.995104 0.089544 0.041841
vn 0.994308 0.091804 0.054067
vn 0.994308 0.091804 0.054067
vn 0.995104 0.089544 0.041841
vn 0.995077 0.089622 0.042304
vn 0.994306 0.091833 0.054065
vn -0.731540 0.615896 -0.292440
vn -0.743037 0.648263 -0.166284
vn -0.996631 -0.061788 -0.053941
vn -0.997396 -0.056166 -0.045235
vn -0.997396 -0.056166 -0.045235
vn -0.996631 -0.061788 -0.053941
vn -0.996602 -0.061927 -0.054308
vn -0.997347 -0.056500 -0.045908
vn -0.689719 -0.698252 -0.191658
vn -0.680705 -0.656922 -0.324183
vn -0.994709 -0.056823 -0.085587
vn -0.995079 -0.063330 -0.076207
vn -0.995079 -0.063330 -0.076207
vn -0.994709 -0.056823 -0.085587
vn -0.994756 -0.057160 -0.084818
vn -0.995107 -0.063390 -0.075782
vn -0.772359 0.598331 0.213216
vn -0.779256 0.535528 0.325529
vn -0.994930 -0.046755 -0.089040
vn -0.994991 -0.055570 -0.083095
vn -0.994991 -0.055570 -0.083095
vn -0.994930 -0.046755 -0.089040
vn -0.994978 -0.047405 -0.088154
vn -0.995028 -0.055908 -0.082424
vn -0.665885 -0.389242 -0.636465
vn -0.665681 -0.264986 -0.697604
vn -0.996298 -0.016168 -0.084436
vn -0.995537 -0.025166 -0.090961
vn -0.995537 -0.025166 -0.090961
vn -0.996298 -0.016168 -0.084436
vn -0.996330 -0.017998 -0.083676
vn -0.995589 -0.026667 -0.089953
vn -0.787853 0.238967 0.567611
vn -0.786290 0.114879 0.607083
vn -0.997164 -0.010216 -0.074561
vn -0.996371 -0.016470 -0.083510
vn -0.996371 -0.016470 -0.083510
vn -0.997164 -0.010216 -0.074561
vn -0.997168 -0.012229 -0.074201
vn -0.996397 -0.018243 -0.082828
vn -0.768560 -0.274738 0.577785
vn -0.759007 -0.394335 0.518080
vn -0.998971 -0.025491 -0.037525
vn -0.998915 -0.016144 -0.043687
vn -0.998915 -0.016144 -0.043687
vn -0.998971 -0.025491 -0.037525
vn -0.998893 -0.026981 -0.038521
vn -0.998849 -0.017951 -0.044474
vn -0.724099 -0.655713 0.213825
vn -0.711884 -0.697359 0.083134
vn -0.996528 -0.063608 -0.053718
vn -0.997382 -0.057305 -0.044097
vn -0.997382 -0.057305 -0.044097
vn -0.996528 -0.063608 -0.053718
vn -0.996500 -0.063700 -0.054137
vn -0.997327 -0.057703 -0.044834
vn -0.679130 0.140154 -0.720513
vn -0.687543 0.267383 -0.675124
vn -0.998851 -0.017737 -0.044530
vn -0.998512 -0.011291 -0.053345
vn -0.998512 -0.011291 -0.053345
vn -0.998851 -0.017737 -0.044530
vn -0.998786 -0.019480 -0.045254
vn -0.998468 -0.013297 -0.053722
vn -0.719832 0.559548 -0.410788
vn -0.731540 0.615896 -0.292440
vn -0.997396 -0.056166 -0.045235
vn -0.998092 -0.047649 -0.039275
vn -0.998092 -0.047649 -0.039275
vn -0.997396 -0.056166 -0.045235
vn -0.997347 -0.056500 -0.045908
vn -0.998026 -0.048266 -0.040174
vn -0.700240 -0.711867 -0.053938
vn -0.689719 -0.698252 -0.191658
vn -0.995079 -0.063330 -0.076207
vn -0.995719 -0.065724 -0.065000
vn -0.995719 -0.065724 -0.065000
vn -0.995079 -0.063330 -0.076207
vn -0.995107 -0.063390 -0.075782
vn -0.995720 -0.065702 -0.065000
vn -0.763815 0.638986 0.091021
vn -0.772359 0.598331 0.213216
vn -0.994991 -0.055570 -0.083095
vn -0.995332 -0.061485 -0.074384
vn -0.995332 -0.061485 -0.074384
vn -0.994991 -0.055570 -0.083095
vn -0.995028 -0.055908 -0.082424
vn -0.995350 -0.061636 -0.074019
vn -0.668541 -0.499034 -0.551378
vn -0.665885 -0.389242 -0.636465
vn -0.995537 -0.025166 -0.090961
vn -0.994964 -0.036060 -0.093518
vn -0.994964 -0.036060 -0.093518
vn -0.995537 -0.025166 -0.090961
vn -0.995589 -0.026667 -0.089953
vn -0.995022 -0.037205 -0.092452
vn -0.787145 0.352832 0.505878
vn -0.787853 0.238967 0.567611
vn -0.996371 -0.016470 -0.083510
vn -0.995669 -0.025664 -0.089353
vn -0.995669 -0.025664 -0.089353
vn -0.996371 -0.016470 -0.083510
vn -0.996397 -0.018243 -0.082828
vn -0.995714 -0.027069 -0.088432
vn -0.776488 -0.146667 0.612826
vn -0.768560 -0.274738 0.577785
vn -0.998915 -0.016144 -0.043687
vn -0.998549 -0.009999 -0.052917
vn -0.998549 -0.009999 -0.052917
vn -0.998915 -0.016144 -0.043687
vn -0.998849 -0.017951 -0.044474
vn -0.998500 -0.012042 -0.053412
vn -0.736334 -0.589110 0.332810
vn -0.724099 -0.655713 0.213825
vn -0.997382 -0.057305 -0.044097
vn -0.998146 -0.047832 -0.037644
vn -0.998146 -0.047832 -0.037644
vn -0.997382 -0.057305 -0.044097
vn -0.997327 -0.057703 -0.044834
vn -0.998072 -0.048596 -0.038602
vn -0.672470 0.005328 -0.740106
vn -0.679130 0.140154 -0.720513
vn -0.998512 -0.011291 -0.053345
vn -0.997910 -0.008752 -0.064028
vn -0.997910 -0.008752 -0.064028
vn -0.998512 -0.011291 -0.053345
vn -0.998468 -0.013297 -0.053722
vn -0.997891 -0.010869 -0.063993
vn -0.708303 0.480895 -0.516766
vn -0.719832 0.559548 -0.410788
vn -0.998092 -0.047649 -0.039275
vn -0.998615 -0.037427 -0.036990
vn -0.998615 -0.037427 -0.036990
vn -0.998092 -0.047649 -0.039275
vn -0.998026 -0.048266 -0.040174
vn -0.998539 -0.038386 -0.038023
vn -0.753912 0.655936 -0.036940
vn -0.763815 0.638986 0.091021
vn -0.995332 -0.061485 -0.074384
vn -0.995908 -0.063648 -0.064160
vn -0.995908 -0.063648 -0.064160
vn -0.995332 -0.061485 -0.074384
vn -0.995350 -0.061636 -0.074019
vn -0.995901 -0.063753 -0.064162
vn -0.673549 -0.589566 -0.445806
vn -0.668541 -0.499034 -0.551378
vn -0.994964 -0.036060 -0.093518
vn -0.994672 -0.047216 -0.091643
vn -0.994672 -0.047216 -0.091643
vn -0.994964 -0.036060 -0.093518
vn -0.995022 -0.037205 -0.092452
vn -0.994725 -0.047962 -0.090671
vn -0.784269 0.452757 0.424186
vn -0.787145 0.352832 0.505878
vn -0.995669 -0.025664 -0.089353
vn -0.995164 -0.036296 -0.091276
vn -0.995164 -0.036296 -0.091276
vn -0.995669 -0.025664 -0.089353
vn -0.995714 -0.027069 -0.088432
vn -0.995219 -0.037302 -0.090268
vn -0.667954 -0.131629 -0.732469
vn -0.672470 0.005328 -0.740106
vn -0.997910 -0.008752 -0.064028
vn -0.997130 -0.010466 -0.074980
vn -0.997130 -0.010466 -0.074980
vn -0.997910 -0.008752 -0.064028
vn -0.997891 -0.010869 -0.063993
vn -0.997139 -0.012521 -0.074549
vn -0.782437 -0.015198 0.622545
vn -0.776488 -0.146667 0.612826
vn -0.998549 -0.009999 -0.052917
vn -0.997930 -0.007947 -0.063811
vn -0.997930 -0.007947 -0.063811
vn -0.998549 -0.009999 -0.052917
vn -0.998500 -0.012042 -0.053412
vn -0.997907 -0.010051 -0.063880
vn -0.687543 0.267383 -0.675124
vn -0.697418 0.382373 -0.606135
vn -0.998884 -0.026912 -0.038817
vn -0.998851 -0.017737 -0.044530
vn -0.998851 -0.017737 -0.044530
vn -0.998884 -0.026912 -0.038817
vn -0.998808 -0.028286 -0.039782
vn -0.998786 -0.019480 -0.045254
vn -0.711884 -0.697359 0.083134
vn -0.700240 -0.711867 -0.053938
vn -0.995719 -0.065724 -0.065000
vn -0.996528 -0.063608 -0.053718
vn -0.996528 -0.063608 -0.053718
vn -0.995719 -0.065724 -0.065000
vn -0.995720 -0.065702 -0.065000
vn -0.996500 -0.063700 -0.054137
vn -0.759007 -0.394335 0.518080
vn -0.748138 -0.500640 0.435488
vn -0.998703 -0.036631 -0.035351
vn -0.998971 -0.025491 -0.037525
vn -0.998971 -0.025491 -0.037525
vn -0.998703 -0.036631 -0.035351
vn -0.998623 -0.037762 -0.036422
vn -0.998893 -0.026981 -0.038521
vn -0.786290 0.114879 0.607083
vn -0.782437 -0.015198 0.622545
vn -0.997930 -0.007947 -0.063811
vn -0.997164 -0.010216 -0.074561
vn -0.997164 -0.010216 -0.074561
vn -0.997930 -0.007947 -0.063811
vn -0.997907 -0.010051 -0.063880
vn -0.997168 -0.012229 -0.074201
vn -0.665681 -0.264986 -0.697604
vn -0.667954 -0.131629 -0.732469
vn -0.997130 -0.010466 -0.074980
vn -0.996298 -0.016168 -0.084436
vn -0.996298 -0.016168 -0.084436
vn -0.997130 -0.010466 -0.074980
vn -0.997139 -0.012521 -0.074549
vn -0.996330 -0.017998 -0.083676
vn -0.779256 0.535528 0.325529
vn -0.784269 0.452757 0.424186
vn -0.995164 -0.036296 -0.091276
vn -0.994930 -0.046755 -0.089040
vn -0.994930 -0.046755 -0.089040
vn -0.995164 -0.036296 -0.091276
vn -0.995219 -0.037302 -0.090268
vn -0.994978 -0.047405 -0.088154
vn -0.680705 -0.656922 -0.324183
vn -0.673549 -0.589566 -0.445806
vn -0.994672 -0.047216 -0.091643
vn -0.994709 -0.056823 -0.085587
vn -0.994709 -0.056823 -0.085587
vn -0.994672 -0.047216 -0.091643
vn -0.994725 -0.047962 -0.090671
vn -0.994756 -0.057160 -0.084818
vn -0.743037 0.648263 -0.166284
vn -0.753912 0.655936 -0.036940
vn -0.995908 -0.063648 -0.064160
vn -0.996631 -0.061788 -0.053941
vn -0.996631 -0.061788 -0.053941
vn -0.995908 -0.063648 -0.064160
vn -0.995901 -0.063753 -0.064162
vn -0.996602 -0.061927 -0.054308
vn -0.697418 0.382373 -0.606135
vn -0.708303 0.480895 -0.516766
vn -0.998615 -0.037427 -0.036990
vn -0.998884 -0.026912 -0.038817
vn -0.998884 -0.026912 -0.038817
vn -0.998615 -0.037427 -0.036990
vn -0.998539 -0.038386 -0.038023
vn -0.998808 -0.028286 -0.039782
vn -0.748138 -0.500640 0.435488
vn -0.736334 -0.589110 0.332810
vn -0.998146 -0.047832 -0.037644
vn -0.998703 -0.036631 -0.035351
vn -0.998703 -0.036631 -0.035351
vn -0.998146 -0.047832 -0.037644
vn -0.998072 -0.048596 -0.038602
vn -0.998623 -0.037762 -0.036422
vn -0.731385 -0.631050 -0.258556
vn -0.734395 -0.566237 -0.374218
vn -0.999896 0.010801 0.009524
vn -0.999975 0.005827 0.004087
vn -0.999975 0.005827 0.004087
vn -0.999896 0.010801 0.009524
vn -0.999891 0.010127 0.010749
vn -0.999971 0.005518 0.005277
vn -0.734395 -0.566237 -0.374218
vn -0.737287 -0.480380 -0.475019
vn -0.999772 0.013710 0.016385
vn -0.999896 0.010801 0.009524
vn -0.999896 0.010801 0.009524
vn -0.999772 0.013710 0.016385
vn -0.999768 0.012980 0.017195
vn -0.999891 0.010127 0.010749
vn -0.737287 -0.480380 -0.475019
vn -0.739119 -0.377204 -0.558051
vn -0.999678 0.012885 0.021856
vn -0.999772 0.013710 0.016385
vn -0.999772 0.013710 0.016385
vn -0.999678 0.012885 0.021856
vn -0.999678 0.012642 0.022014
vn -0.999768 0.012980 0.017195
vn -0.739119 -0.377204 -0.558051
vn -0.738831 -0.260583 -0.621470
vn -0.999717 0.008568 0.022204
vn -0.999678 0.012885 0.021856
vn -0.999678 0.012885 0.021856
vn -0.999717 0.008568 0.022204
vn -0.999717 0.009468 0.021846
vn -0.999678 0.012642 0.022014
vn -0.738831 -0.260583 -0.621470
vn -0.735558 -0.134016 -0.664074
vn -0.999894 0.003426 0.014160
vn -0.999717 0.008568 0.022204
vn -0.999717 0.008568 0.022204
vn -0.999894 0.003426 0.014160
vn -0.999888 0.005949 0.013724
vn -0.999717 0.009468 0.021846
vn -0.735558 -0.134016 -0.664074
vn -0.728892 -0.000619 -0.684629
vn -0.999992 0.001917 -0.003595
vn -0.999894 0.003426 0.014160
vn -0.999894 0.003426 0.014160
vn -0.999992 0.001917 -0.003595
vn -0.999975 0.006193 -0.003509
vn -0.999888 0.005949 0.013724
vn -0.728892 -0.000619 -0.684629
vn -0.718576 0.136409 -0.681940
vn -0.999526 0.009250 -0.029371
vn -0.999992 0.001917 -0.003595
vn -0.999992 0.001917 -0.003595
vn -0.999526 0.009250 -0.029371
vn -0.999491 0.014981 -0.028162
vn -0.999975 0.006193 -0.003509
vn -0.718576 0.136409 -0.681940
vn -0.705189 0.273170 -0.654283
vn -0.997872 0.029218 -0.058294
vn -0.999526 0.009250 -0.029371
vn -0.999526 0.009250 -0.029371
vn -0.997872 0.029218 -0.058294
vn -0.997815 0.035694 -0.055600
vn -0.999491 0.014981 -0.028162
vn -0.705189 0.273170 -0.654283
vn -0.689643 0.404733 -0.600486
vn -0.994563 0.062430 -0.083347
vn -0.997872 0.029218 -0.058294
vn -0.997872 0.029218 -0.058294
vn -0.994563 0.062430 -0.083347
vn -0.994486 0.068735 -0.079205
vn -0.997815 0.035694 -0.055600
vn -0.689643 0.404733 -0.600486
vn -0.673391 0.525132 -0.520366
vn -0.989618 0.105721 -0.097359
vn -0.994563 0.062430 -0.083347
vn -0.994563 0.062430 -0.083347
vn -0.989618 0.105721 -0.097359
vn -0.989529 0.110977 -0.092287
vn -0.994486 0.068735 -0.079205
vn -0.673391 0.525132 -0.520366
vn -0.658182 0.627764 -0.415583
vn -0.983705 0.152443 -0.095319
vn -0.989618 0.105721 -0.097359
vn -0.989618 0.105721 -0.097359
vn -0.983705 0.152443 -0.095319
vn -0.983623 0.156064 -0.090170
vn -0.989529 0.110977 -0.092287
vn -0.729200 -0.671427 -0.132111
vn -0.731385 -0.631050 -0.258556
vn -0.999975 0.005827 0.004087
vn -0.999999 0.001354 0.001153
vn -0.999999 0.001354 0.001153
vn -0.999975 0.005827 0.004087
vn -0.999971 0.005518 0.005277
vn -0.999997 0.001397 0.001878
vn -0.728431 -0.685120 -0.000000
vn -0.729200 -0.671427 -0.132111
vn -0.999999 0.001354 0.001153
vn -1.000000 -0.000410 0.000000
vn -1.000000 -0.000410 0.000000
vn -0.999999 0.001354 0.001153
vn -0.999997 0.001397 0.001878
vn -1.000000 -0.000239 -0.000000
vn -0.729200 -0.671427 0.132111
vn -0.728431 -0.685120 -0.000000
vn -1.000000 -0.000410 0.000000
vn -0.999998 0.001375 -0.001160
vn -0.999998 0.001375 -0.001160
vn -1.000000 -0.000410 0.000000
vn -1.000000 -0.000239 -0.000000
vn -0.999997 0.001406 -0.001887
vn -0.731385 -0.631050 0.258556
vn -0.729200 -0.671427 0.132111
vn -0.999998 0.001375 -0.001160
vn -0.999975 0.005854 -0.004099
vn -0.999975 0.005854 -0.004099
vn -0.999998 0.001375 -0.001160
vn -0.999997 0.001406 -0.001887
vn -0.999971 0.005526 -0.005283
vn -0.734392 -0.566243 0.374216
vn -0.731385 -0.631050 0.258556
vn -0.999975 0.005854 -0.004099
vn -0.999896 0.010812 -0.009529
vn -0.999896 0.010812 -0.009529
vn -0.999975 0.005854 -0.004099
vn -0.999971 0.005526 -0.005283
vn -0.999891 0.010126 -0.010746
vn -0.737286 -0.480383 0.475018
vn -0.734392 -0.566243 0.374216
vn -0.999896 0.010812 -0.009529
vn -0.999772 0.013713 -0.016385
vn -0.999772 0.013713 -0.016385
vn -0.999896 0.010812 -0.009529
vn -0.999891 0.010126 -0.010746
vn -0.999768 0.012979 -0.017203
vn -0.739121 -0.377198 0.558053
vn -0.737286 -0.480383 0.475018
vn -0.999772 0.013713 -0.016385
vn -0.999678 0.012893 -0.021856
vn -0.999678 0.012893 -0.021856
vn -0.999772 0.013713 -0.016385
vn -0.999768 0.012979 -0.017203
vn -0.999677 0.012648 -0.022029
vn -0.738832 -0.260582 0.621470
vn -0.739121 -0.377198 0.558053
vn -0.999678 0.012893 -0.021856
vn -0.999717 0.008565 -0.022204
vn -0.999717 0.008565 -0.022204
vn -0.999678 0.012893 -0.021856
vn -0.999677 0.012648 -0.022029
vn -0.999716 0.009469 -0.021858
vn -0.735565 -0.134051 0.664059
vn -0.738832 -0.260582 0.621470
vn -0.999717 0.008565 -0.022204
vn -0.999894 0.003382 -0.014156
vn -0.999894 0.003382 -0.014156
vn -0.999717 0.008565 -0.022204
vn -0.999716 0.009469 -0.021858
vn -0.999888 0.005913 -0.013722
vn -0.728876 -0.000622 0.684646
vn -0.735565 -0.134051 0.664059
vn -0.999894 0.003382 -0.014156
vn -0.999992 0.001918 0.003602
vn -0.999992 0.001918 0.003602
vn -0.999894 0.003382 -0.014156
vn -0.999888 0.005913 -0.013722
vn -0.999975 0.006194 0.003524
vn -0.718584 0.136438 0.681925
vn -0.728876 -0.000622 0.684646
vn -0.999992 0.001918 0.003602
vn -0.999525 0.009291 0.029375
vn -0.999525 0.009291 0.029375
vn -0.999992 0.001918 0.003602
vn -0.999975 0.006194 0.003524
vn -0.999490 0.015019 0.028174
vn -0.705190 0.273166 0.654284
vn -0.718584 0.136438 0.681925
vn -0.999525 0.009291 0.029375
vn -0.997872 0.029218 0.058294
vn -0.997872 0.029218 0.058294
vn -0.999525 0.009291 0.029375
vn -0.999490 0.015019 0.028174
vn -0.997814 0.035698 0.055606
vn -0.689643 0.404729 0.600489
vn -0.705190 0.273166 0.654284
vn -0.997872 0.029218 0.058294
vn -0.994564 0.062425 0.083347
vn -0.994564 0.062425 0.083347
vn -0.997872 0.029218 0.058294
vn -0.997814 0.035698 0.055606
vn -0.994485 0.068738 0.079209
vn -0.673392 0.525131 0.520367
vn -0.689643 0.404729 0.600489
vn -0.994564 0.062425 0.083347
vn -0.989619 0.105716 0.097359
vn -0.989619 0.105716 0.097359
vn -0.994564 0.062425 0.083347
vn -0.994485 0.068738 0.079209
vn -0.989529 0.110979 0.092287
vn -0.658184 0.627760 0.415585
vn -0.673392 0.525131 0.520367
vn -0.989619 0.105716 0.097359
vn -0.983706 0.152438 0.095320
vn -0.983706 0.152438 0.095320
vn -0.989619 0.105716 0.097359
vn -0.989529 0.110979 0.092287
vn -0.983622 0.156065 0.090170
vn -0.645793 0.706357 0.289847
vn -0.658184 0.627760 0.415585
vn -0.983706 0.152438 0.095320
vn -0.978019 0.194201 0.075922
vn -0.978019 0.194201 0.075922
vn -0.983706 0.152438 0.095320
vn -0.983622 0.156065 0.090170
vn -0.977952 0.196130 0.071722
vn -0.637785 0.755685 0.148901
vn -0.645793 0.706357 0.289847
vn -0.978019 0.194201 0.075922
vn -0.973917 0.222978 0.042043
vn -0.973917 0.222978 0.042043
vn -0.978019 0.194201 0.075922
vn -0.977952 0.196130 0.071722
vn -0.973845 0.223717 0.039707
vn -0.635030 0.772487 0.000000
vn -0.637785 0.755685 0.148901
vn -0.973917 0.222978 0.042043
vn -0.972426 0.233211 0.000000
vn -0.972426 0.233211 0.000000
vn -0.973917 0.222978 0.042043
vn -0.973845 0.223717 0.039707
vn -0.972341 0.233565 0.000000
vn -0.637789 0.755680 -0.148902
vn -0.635030 0.772487 0.000000
vn -0.972426 0.233211 0.000000
vn -0.973916 0.222978 -0.042043
vn -0.973916 0.222978 -0.042043
vn -0.972426 0.233211 0.000000
vn -0.972341 0.233565 0.000000
vn -0.973844 0.223720 -0.039707
vn -0.645789 0.706361 -0.289847
vn -0.637789 0.755680 -0.148902
vn -0.973916 0.222978 -0.042043
vn -0.978018 0.194206 -0.075922
vn -0.978018 0.194206 -0.075922
vn -0.973916 0.222978 -0.042043
vn -0.973844 0.223720 -0.039707
vn -0.977952 0.196128 -0.071722
vn -0.658182 0.627764 -0.415583
vn -0.645789 0.706361 -0.289847
vn -0.978018 0.194206 -0.075922
vn -0.983705 0.152443 -0.095319
vn -0.983705 0.152443 -0.095319
vn -0.978018 0.194206 -0.075922
vn -0.977952 0.196128 -0.071722
vn -0.983623 0.156064 -0.090170
vn 0.671352 -0.288181 -0.682816
vn 0.645606 -0.430965 -0.630446
vn 0.997427 -0.063369 -0.033522
vn 0.998459 -0.045614 -0.031603
vn 0.998459 -0.045614 -0.031603
vn 0.997427 -0.063369 -0.033522
vn 0.997349 -0.064795 -0.033104
vn 0.998375 -0.047927 -0.030839
vn 0.593254 -0.746676 -0.300873
vn 0.585500 -0.795929 -0.153904
vn 0.995515 -0.094400 -0.006234
vn 0.995659 -0.092112 -0.013328
vn 0.995659 -0.092112 -0.013328
vn 0.995515 -0.094400 -0.006234
vn 0.995350 -0.096104 -0.006567
vn 0.995521 -0.093523 -0.013815
vn 0.889471 0.448605 -0.087156
vn 0.881225 0.438274 -0.177082
vn 0.970806 -0.223391 0.087359
vn 0.965599 -0.255539 0.048158
vn 0.965599 -0.255539 0.048158
vn 0.970806 -0.223391 0.087359
vn 0.970711 -0.225551 0.082744
vn 0.965522 -0.256301 0.045579
vn 0.593258 -0.746672 0.300874
vn 0.606051 -0.666704 0.433829
vn 0.995986 -0.086937 0.021299
vn 0.995661 -0.092096 0.013326
vn 0.995661 -0.092096 0.013326
vn 0.995986 -0.086937 0.021299
vn 0.995881 -0.088035 0.021675
vn 0.995521 -0.093524 0.013819
vn 0.824026 0.323282 -0.465263
vn 0.795984 0.242388 -0.554668
vn 0.996919 -0.034564 0.070413
vn 0.992365 -0.073433 0.099089
vn 0.992365 -0.073433 0.099089
vn 0.996919 -0.034564 0.070413
vn 0.996849 -0.042156 0.067187
vn 0.992273 -0.080656 0.094282
vn 0.671350 -0.288185 0.682817
vn 0.700193 -0.140112 0.700070
vn 0.999423 -0.027537 0.019888
vn 0.998459 -0.045613 0.031603
vn 0.998459 -0.045613 0.031603
vn 0.999423 -0.027537 0.019888
vn 0.999327 -0.031223 0.019231
vn 0.998374 -0.047931 0.030850
vn 0.796003 0.242370 0.554649
vn 0.824066 0.323247 0.465217
vn 0.992365 -0.073437 -0.099093
vn 0.996919 -0.034565 -0.070410
vn 0.996919 -0.034565 -0.070410
vn 0.992365 -0.073437 -0.099093
vn 0.992279 -0.080626 -0.094242
vn 0.996851 -0.042149 -0.067162
vn 0.881212 0.438296 0.177092
vn 0.889465 0.448614 0.087162
vn 0.965597 -0.255547 -0.048154
vn 0.970806 -0.223393 -0.087360
vn 0.970806 -0.223393 -0.087360
vn 0.965597 -0.255547 -0.048154
vn 0.965518 -0.256314 -0.045580
vn 0.970706 -0.225570 -0.082749
vn 0.700189 -0.140129 -0.700070
vn 0.671352 -0.288181 -0.682816
vn 0.998459 -0.045614 -0.031603
vn 0.999423 -0.027561 -0.019868
vn 0.999423 -0.027561 -0.019868
vn 0.998459 -0.045614 -0.031603
vn 0.998375 -0.047927 -0.030839
vn 0.999327 -0.031247 -0.019205
vn 0.606048 -0.666708 -0.433828
vn 0.593254 -0.746676 -0.300873
vn 0.995659 -0.092112 -0.013328
vn 0.995986 -0.086942 -0.021300
vn 0.995986 -0.086942 -0.021300
vn 0.995659 -0.092112 -0.013328
vn 0.995521 -0.093523 -0.013815
vn 0.995882 -0.088030 -0.021673
vn 0.892197 0.451648 0.000001
vn 0.889471 0.448605 -0.087156
vn 0.965599 -0.255539 0.048158
vn 0.963709 -0.266956 0.000000
vn 0.963709 -0.266956 0.000000
vn 0.965599 -0.255539 0.048158
vn 0.965522 -0.256301 0.045579
vn 0.963638 -0.267211 -0.000000
vn 0.585500 -0.795930 0.153902
vn 0.593258 -0.746672 0.300874
vn 0.995661 -0.092096 0.013326
vn 0.995517 -0.094378 0.006229
vn 0.995517 -0.094378 0.006229
vn 0.995661 -0.092096 0.013326
vn 0.995521 -0.093524 0.013819
vn 0.995350 -0.096101 0.006567
vn 0.848171 0.380452 -0.368596
vn 0.824026 0.323282 -0.465263
vn 0.992365 -0.073433 0.099089
vn 0.985775 -0.123334 0.114177
vn 0.985775 -0.123334 0.114177
vn 0.992365 -0.073433 0.099089
vn 0.992273 -0.080656 0.094282
vn 0.985664 -0.129262 0.108430
vn 0.645605 -0.430959 0.630451
vn 0.671350 -0.288185 0.682817
vn 0.998459 -0.045613 0.031603
vn 0.997427 -0.063366 0.033521
vn 0.997427 -0.063366 0.033521
vn 0.998459 -0.045613 0.031603
vn 0.998374 -0.047931 0.030850
vn 0.997348 -0.064804 0.033116
vn 0.764681 0.134959 0.630118
vn 0.796003 0.242370 0.554649
vn 0.996919 -0.034565 -0.070410
vn 0.999268 -0.014314 -0.035487
vn 0.999268 -0.014314 -0.035487
vn 0.996919 -0.034565 -0.070410
vn 0.996851 -0.042149 -0.067162
vn 0.999199 -0.021089 -0.034018
vn 0.867407 0.417183 0.271225
vn 0.881212 0.438296 0.177092
vn 0.970806 -0.223393 -0.087360
vn 0.978081 -0.176447 -0.110560
vn 0.978081 -0.176447 -0.110560
vn 0.970806 -0.223393 -0.087360
vn 0.970706 -0.225570 -0.082749
vn 0.977969 -0.180513 -0.104840
vn 0.731124 0.003834 -0.682233
vn 0.700189 -0.140129 -0.700070
vn 0.999423 -0.027561 -0.019868
vn 0.999891 -0.014449 0.003136
vn 0.999891 -0.014449 0.003136
vn 0.999423 -0.027561 -0.019868
vn 0.999327 -0.031247 -0.019205
vn 0.999801 -0.019701 0.003060
vn 0.623644 -0.559628 -0.545788
vn 0.606048 -0.666708 -0.433828
vn 0.995986 -0.086942 -0.021300
vn 0.996571 -0.077527 -0.028908
vn 0.996571 -0.077527 -0.028908
vn 0.995986 -0.086942 -0.021300
vn 0.995882 -0.088030 -0.021673
vn 0.996488 -0.078573 -0.028949
vn 0.582893 -0.812549 -0.000000
vn 0.585500 -0.795930 0.153902
vn 0.995517 -0.094378 0.006229
vn 0.995477 -0.095008 -0.000003
vn 0.995477 -0.095008 -0.000003
vn 0.995517 -0.094378 0.006229
vn 0.995350 -0.096101 0.006567
vn 0.995303 -0.096813 -0.000004
vn 0.889465 0.448614 0.087162
vn 0.892197 0.451648 0.000001
vn 0.963709 -0.266956 0.000000
vn 0.965597 -0.255547 -0.048154
vn 0.965597 -0.255547 -0.048154
vn 0.963709 -0.266956 0.000000
vn 0.963638 -0.267211 -0.000000
vn 0.965518 -0.256314 -0.045580
vn 0.824066 0.323247 0.465217
vn 0.848189 0.380436 0.368571
vn 0.985774 -0.123332 -0.114184
vn 0.992365 -0.073437 -0.099093
vn 0.992365 -0.073437 -0.099093
vn 0.985774 -0.123332 -0.114184
vn 0.985671 -0.129229 -0.108412
vn 0.992279 -0.080626 -0.094242
vn 0.700193 -0.140112 0.700070
vn 0.731154 0.003834 0.682202
vn 0.999891 -0.014450 -0.003095
vn 0.999423 -0.027537 0.019888
vn 0.999423 -0.027537 0.019888
vn 0.999891 -0.014450 -0.003095
vn 0.999801 -0.019702 -0.003020
vn 0.999327 -0.031223 0.019231
vn 0.795984 0.242388 -0.554668
vn 0.764677 0.134977 -0.630119
vn 0.999267 -0.014293 0.035507
vn 0.996919 -0.034564 0.070413
vn 0.996919 -0.034564 0.070413
vn 0.999267 -0.014293 0.035507
vn 0.999199 -0.021061 0.034038
vn 0.996849 -0.042156 0.067187
vn 0.606051 -0.666704 0.433829
vn 0.623648 -0.559620 0.545792
vn 0.996571 -0.077524 0.028909
vn 0.995986 -0.086937 0.021299
vn 0.995986 -0.086937 0.021299
vn 0.996571 -0.077524 0.028909
vn 0.996487 -0.078585 0.028956
vn 0.995881 -0.088035 0.021675
vn 0.881225 0.438274 -0.177082
vn 0.867414 0.417172 -0.271219
vn 0.978082 -0.176447 0.110555
vn 0.970806 -0.223391 0.087359
vn 0.970806 -0.223391 0.087359
vn 0.978082 -0.176447 0.110555
vn 0.977969 -0.180517 0.104838
vn 0.970711 -0.225551 0.082744
vn 0.585500 -0.795929 -0.153904
vn 0.582893 -0.812549 -0.000000
vn 0.995477 -0.095008 -0.000003
vn 0.995515 -0.094400 -0.006234
vn 0.995515 -0.094400 -0.006234
vn 0.995477 -0.095008 -0.000003
vn 0.995303 -0.096813 -0.000004
vn 0.995350 -0.096104 -0.006567
vn 0.645606 -0.430965 -0.630446
vn 0.623644 -0.559628 -0.545788
vn 0.996571 -0.077527 -0.028908
vn 0.997427 -0.063369 -0.033522
vn 0.997427 -0.063369 -0.033522
vn 0.996571 -0.077527 -0.028908
vn 0.996488 -0.078573 -0.028949
vn 0.997349 -0.064795 -0.033104
vn 0.848189 0.380436 0.368571
vn 0.867407 0.417183 0.271225
vn 0.978081 -0.176447 -0.110560
vn 0.985774 -0.123332 -0.114184
vn 0.985774 -0.123332 -0.114184
vn 0.978081 -0.176447 -0.110560
vn 0.977969 -0.180513 -0.104840
vn 0.985671 -0.129229 -0.108412
vn 0.731154 0.003834 0.682202
vn 0.764681 0.134959 0.630118
vn 0.999268 -0.014314 -0.035487
vn 0.999891 -0.014450 -0.003095
vn 0.999891 -0.014450 -0.003095
vn 0.999268 -0.014314 -0.035487
vn 0.999199 -0.021089 -0.034018
vn 0.999801 -0.019702 -0.003020
vn 0.764677 0.134977 -0.630119
vn 0.731124 0.003834 -0.682233
vn 0.999891 -0.014449 0.003136
vn 0.999267 -0.014293 0.035507
vn 0.999267 -0.014293 0.035507
vn 0.999891 -0.014449 0.003136
vn 0.999801 -0.019701 0.003060
vn 0.999199 -0.021061 0.034038
vn 0.623648 -0.559620 0.545792
vn 0.645605 -0.430959 0.630451
vn 0.997427 -0.063366 0.033521
vn 0.996571 -0.077524 0.028909
vn 0.996571 -0.077524 0.028909
vn 0.997427 -0.063366 0.033521
vn 0.997348 -0.064804 0.033116
vn 0.996487 -0.078585 0.028956
vn 0.867414 0.417172 -0.271219
vn 0.848171 0.380452 -0.368596
vn 0.985775 -0.123334 0.114177
vn 0.978082 -0.176447 0.110555
vn 0.978082 -0.176447 0.110555
vn 0.985775 -0.123334 0.114177
vn 0.985664 -0.129262 0.108430
vn 0.977969 -0.180517 0.104838
vn -0.682751 0.155563 -0.713898
vn 0.688383 0.128397 -0.713893
vn 0.685581 -0.013582 -0.727869
vn -0.685578 0.013576 -0.727873
vn -0.680051 0.292084 -0.672471
vn 0.691106 0.264913 -0.672453
vn 0.688383 0.128397 -0.713893
vn -0.682751 0.155563 -0.713898
vn -0.677566 0.417881 -0.605211
vn 0.693594 0.390713 -0.605202
vn 0.691106 0.264913 -0.672453
vn -0.680051 0.292084 -0.672471
vn -0.675379 0.528156 -0.514699
vn 0.695771 0.500987 -0.514699
vn 0.693594 0.390713 -0.605202
vn -0.677566 0.417881 -0.605211
vn -0.673574 0.618677 -0.404397
vn 0.697550 0.591503 -0.404411
vn 0.695771 0.500987 -0.514699
vn -0.675379 0.528156 -0.514699
vn -0.672264 0.685913 -0.278540
vn 0.698904 0.658750 -0.278533
vn 0.697550 0.591503 -0.404411
vn -0.673574 0.618677 -0.404397
vn -0.671441 0.727326 -0.142004
vn 0.699716 0.700169 -0.141990
vn 0.698904 0.658750 -0.278533
vn -0.672264 0.685913 -0.278540
vn -0.671151 0.741321 0.000000
vn 0.699994 0.714149 -0.000003
vn 0.699716 0.700169 -0.141990
vn -0.671441 0.727326 -0.142004
vn -0.671436 0.727330 0.142004
vn 0.699715 0.700168 0.141996
vn 0.699994 0.714149 -0.000003
vn -0.671151 0.741321 0.000000
vn -0.672260 0.685914 0.278548
vn 0.698902 0.658746 0.278548
vn 0.699715 0.700168 0.141996
vn -0.671436 0.727330 0.142004
vn -0.673590 0.618664 0.404390
vn 0.697545 0.591511 0.404409
vn 0.698902 0.658746 0.278548
vn -0.672260 0.685914 0.278548
vn -0.675375 0.528163 0.514697
vn 0.695768 0.500999 0.514691
vn 0.697545 0.591511 0.404409
vn -0.673590 0.618664 0.404390
vn -0.677570 0.417877 0.605209
vn 0.693593 0.390711 0.605206
vn 0.695768 0.500999 0.514691
vn -0.675375 0.528163 0.514697
vn -0.680069 0.292071 0.672458
vn 0.691096 0.264915 0.672463
vn 0.693593 0.390711 0.605206
vn -0.677570 0.417877 0.605209
vn -0.682753 0.155553 0.713899
vn 0.688381 0.128399 0.713895
vn 0.691096 0.264915 0.672463
vn -0.680069 0.292071 0.672458
vn -0.685578 0.013579 0.727873
vn 0.685581 -0.013583 0.727869
vn 0.688381 0.128399 0.713895
vn -0.682753 0.155553 0.713899
vn -0.688382 -0.128395 0.713894
vn 0.682764 -0.155558 0.713888
vn 0.685581 -0.013583 0.727869
vn -0.685578 0.013579 0.727873
vn -0.691101 -0.264916 0.672457
vn 0.680061 -0.292078 0.672464
vn 0.682764 -0.155558 0.713888
vn -0.688382 -0.128395 0.713894
vn -0.693578 -0.390721 0.605216
vn 0.677553 -0.417886 0.605222
vn 0.680061 -0.292078 0.672464
vn -0.691101 -0.264916 0.672457
vn -0.695762 -0.501007 0.514692
vn 0.675368 -0.528177 0.514691
vn 0.677553 -0.417886 0.605222
vn -0.693578 -0.390721 0.605216
vn -0.697563 -0.591507 0.404384
vn 0.673571 -0.618683 0.404391
vn 0.675368 -0.528177 0.514691
vn -0.695762 -0.501007 0.514692
vn -0.698886 -0.658761 0.278553
vn 0.672246 -0.685922 0.278561
vn 0.673571 -0.618683 0.404391
vn -0.697563 -0.591507 0.404384
vn -0.699709 -0.700173 0.142007
vn 0.671441 -0.727325 0.142004
vn 0.672246 -0.685922 0.278561
vn -0.698886 -0.658761 0.278553
vn -0.699986 -0.714156 -0.000000
vn 0.671172 -0.741302 -0.000000
vn 0.671441 -0.727325 0.142004
vn -0.699709 -0.700173 0.142007
vn -0.699709 -0.700173 -0.142007
vn 0.671448 -0.727318 -0.142006
vn 0.671172 -0.741302 -0.000000
vn -0.699986 -0.714156 -0.000000
vn -0.698895 -0.658758 -0.278539
vn 0.672256 -0.685919 -0.278544
vn 0.671448 -0.727318 -0.142006
vn -0.699709 -0.700173 -0.142007
vn -0.697556 -0.591507 -0.404394
vn 0.673570 -0.618682 -0.404395
vn 0.672256 -0.685919 -0.278544
vn -0.698895 -0.658758 -0.278539
vn -0.695768 -0.500998 -0.514692
vn 0.675382 -0.528155 -0.514696
vn 0.673570 -0.618682 -0.404395
vn -0.697556 -0.591507 -0.404394
vn -0.693579 -0.390729 -0.605210
vn 0.677575 -0.417872 -0.605206
vn 0.675382 -0.528155 -0.514696
vn -0.695768 -0.500998 -0.514692
vn -0.691094 -0.264917 -0.672464
vn 0.680062 -0.292084 -0.672460
vn 0.677575 -0.417872 -0.605206
vn -0.693579 -0.390729 -0.605210
vn -0.688381 -0.128399 -0.713894
vn 0.682763 -0.155561 -0.713887
vn 0.680062 -0.292084 -0.672460
vn -0.691094 -0.264917 -0.672464
vn -0.685578 0.013576 -0.727873
vn 0.685581 -0.013582 -0.727869
vn 0.682763 -0.155561 -0.713887
vn -0.688381 -0.128399 -0.713894
vn -0.999804 0.019805 0.000000
vn -0.999804 0.019810 0.000002
vn -0.680051 0.292084 -0.672471
vn -0.682751 0.155563 -0.713898
vn -0.999804 0.019791 -0.000001
vn -0.999804 0.019781 -0.000003
vn -0.695768 -0.500998 -0.514692
vn -0.697556 -0.591507 -0.404394
vn 0.999804 -0.019814 -0.000013
vn 0.999804 -0.019815 -0.000011
vn 0.699715 0.700168 0.141996
vn 0.698902 0.658746 0.278548
vn -0.999804 0.019793 0.000004
vn -0.999804 0.019805 0.000000
vn -0.682751 0.155563 -0.713898
vn -0.685578 0.013576 -0.727873
vn -0.999804 0.019795 0.000000
vn -0.999804 0.019791 -0.000001
vn -0.697556 -0.591507 -0.404394
vn -0.698895 -0.658758 -0.278539
vn -0.999804 0.019804 -0.000004
vn -0.999804 0.019795 0.000000
vn -0.698895 -0.658758 -0.278539
vn -0.699709 -0.700173 -0.142007
vn 0.999804 -0.019815 0.000011
vn 0.999804 -0.019815 0.000020
vn 0.698904 0.658750 -0.278533
vn 0.699716 0.700169 -0.141990
vn -0.999804 0.019820 0.000000
vn -0.999804 0.019804 -0.000004
vn -0.699709 -0.700173 -0.142007
vn -0.699986 -0.714156 -0.000000
vn 0.999804 -0.019800 -0.000003
vn 0.999804 -0.019800 -0.000004
vn 0.695771 0.500987 -0.514699
vn 0.697550 0.591503 -0.404411
vn 0.999804 -0.019811 0.000009
vn 0.999804 -0.019808 0.000014
vn 0.691106 0.264913 -0.672453
vn 0.693594 0.390713 -0.605202
vn -0.999804 0.019812 0.000004
vn -0.999804 0.019820 0.000000
vn -0.699986 -0.714156 -0.000000
vn -0.699709 -0.700173 0.142007
vn 0.999804 -0.019802 0.000011
vn 0.999804 -0.019806 0.000006
vn 0.685581 -0.013582 -0.727869
vn 0.688383 0.128397 -0.713893
vn -0.999804 0.019789 -0.000000
vn -0.999804 0.019812 0.000004
vn -0.699709 -0.700173 0.142007
vn -0.698886 -0.658761 0.278553
vn -0.999804 0.019793 -0.000005
vn -0.999804 0.019789 -0.000000
vn -0.698886 -0.658761 0.278553
vn -0.697563 -0.591507 0.404384
vn 0.999804 -0.019811 0.000001
vn 0.999804 -0.019805 0.000003
vn 0.680062 -0.292084 -0.672460
vn 0.682763 -0.155561 -0.713887
vn -0.999804 0.019799 0.000002
vn -0.999804 0.019793 -0.000005
vn -0.697563 -0.591507 0.404384
vn -0.695762 -0.501007 0.514692
vn 0.999804 -0.019790 0.000004
vn 0.999804 -0.019800 -0.000000
vn 0.675382 -0.528155 -0.514696
vn 0.677575 -0.417872 -0.605206
vn -0.999804 0.019792 0.000011
vn -0.999804 0.019799 0.000002
vn -0.695762 -0.501007 0.514692
vn -0.693578 -0.390721 0.605216
vn 0.999804 -0.019801 -0.000000
vn 0.999804 -0.019785 0.000002
vn 0.672256 -0.685919 -0.278544
vn 0.673570 -0.618682 -0.404395
vn 0.999805 -0.019773 0.000004
vn 0.999805 -0.019774 -0.000000
vn 0.671172 -0.741302 -0.000000
vn 0.671448 -0.727318 -0.142006
vn -0.999804 0.019803 0.000005
vn -0.999804 0.019792 0.000011
vn -0.693578 -0.390721 0.605216
vn -0.691101 -0.264916 0.672457
vn 0.999804 -0.019784 -0.000004
vn 0.999804 -0.019795 0.000003
vn 0.672246 -0.685922 0.278561
vn 0.671441 -0.727325 0.142004
vn -0.999804 0.019813 -0.000003
vn -0.999804 0.019803 0.000005
vn -0.691101 -0.264916 0.672457
vn -0.688382 -0.128395 0.713894
vn 0.999804 -0.019806 0.000007
vn 0.999804 -0.019811 0.000014
vn 0.675368 -0.528177 0.514691
vn 0.673571 -0.618683 0.404391
vn 0.999804 -0.019806 0.000013
vn 0.999804 -0.019802 -0.000003
vn 0.680061 -0.292078 0.672464
vn 0.677553 -0.417886 0.605222
vn -0.999804 0.019801 -0.000004
vn -0.999804 0.019813 -0.000003
vn -0.688382 -0.128395 0.713894
vn -0.685578 0.013579 0.727873
vn 0.999804 -0.019806 -0.000007
vn 0.999804 -0.019803 -0.000006
vn 0.685581 -0.013583 0.727869
vn 0.682764 -0.155558 0.713888
vn 0.999804 -0.019799 -0.000006
vn 0.999804 -0.019805 -0.000003
vn 0.691096 0.264915 0.672463
vn 0.688381 0.128399 0.713895
vn -0.999804 0.019795 -0.000006
vn -0.999804 0.019801 -0.000004
vn -0.685578 0.013579 0.727873
vn -0.682753 0.155553 0.713899
vn 0.999804 -0.019816 -0.000003
vn 0.999804 -0.019805 0.000004
vn 0.695768 0.500999 0.514691
vn 0.693593 0.390711 0.605206
vn 0.999804 -0.019799 0.000003
vn 0.999804 -0.019814 -0.000013
vn 0.698902 0.658746 0.278548
vn 0.697545 0.591511 0.404409
vn -0.999804 0.019799 -0.000015
vn -0.999804 0.019795 -0.000006
vn -0.682753 0.155553 0.713899
vn -0.680069 0.292071 0.672458
vn 0.728862 -0.137159 -0.670781
vn 0.056301 -0.180334 -0.981993
vn 0.059913 0.014996 -0.998091
vn 0.731059 0.005549 -0.682291
vn 0.056301 -0.180334 -0.981993
vn -0.640680 -0.124112 -0.757710
vn -0.638307 0.017696 -0.769578
vn 0.059913 0.014996 -0.998091
vn 0.724864 -0.274956 -0.631642
vn 0.050524 -0.368735 -0.928161
vn 0.056301 -0.180334 -0.981993
vn 0.728862 -0.137159 -0.670781
vn 0.050524 -0.368735 -0.928161
vn -0.644769 -0.260770 -0.718521
vn -0.640680 -0.124112 -0.757710
vn 0.056301 -0.180334 -0.981993
vn 0.719349 -0.402364 -0.566250
vn 0.042806 -0.542972 -0.838659
vn 0.050524 -0.368735 -0.928161
vn 0.724864 -0.274956 -0.631642
vn 0.042806 -0.542972 -0.838659
vn -0.650320 -0.387194 -0.653578
vn -0.644769 -0.260770 -0.718521
vn 0.050524 -0.368735 -0.928161
vn 0.712439 -0.514464 -0.477240
vn 0.033444 -0.696342 -0.716930
vn 0.042806 -0.542972 -0.838659
vn 0.719349 -0.402364 -0.566250
vn 0.033444 -0.696342 -0.716930
vn -0.657193 -0.498531 -0.565300
vn -0.650320 -0.387194 -0.653578
vn 0.042806 -0.542972 -0.838659
vn 0.704454 -0.606878 -0.368026
vn 0.022794 -0.822952 -0.567654
vn 0.033444 -0.696342 -0.716930
vn 0.712439 -0.514464 -0.477240
vn 0.022794 -0.822952 -0.567654
vn -0.665099 -0.590530 -0.457075
vn -0.657193 -0.498531 -0.565300
vn 0.033444 -0.696342 -0.716930
vn 0.581854 -0.792656 -0.182051
vn 0.005827 -0.949791 -0.312832
vn 0.022794 -0.822952 -0.567654
vn 0.704454 -0.606878 -0.368026
vn 0.005827 -0.949791 -0.312832
vn -0.574248 -0.776877 -0.258268
vn -0.665099 -0.590530 -0.457075
vn 0.022794 -0.822952 -0.567654
vn 0.252032 -0.963508 -0.090177
vn -0.006178 -0.992525 -0.121889
vn 0.005827 -0.949791 -0.312832
vn 0.581854 -0.792656 -0.182051
vn -0.006178 -0.992525 -0.121889
vn -0.269074 -0.954978 -0.124970
vn -0.574248 -0.776877 -0.258268
vn 0.005827 -0.949791 -0.312832
vn 0.181558 -0.983355 0.006999
vn -0.012622 -0.999795 -0.015817
vn -0.006178 -0.992525 -0.121889
vn 0.252032 -0.963508 -0.090177
vn -0.012622 -0.999795 -0.015817
vn -0.210763 -0.977347 -0.019275
vn -0.269074 -0.954978 -0.124970
vn -0.006178 -0.992525 -0.121889
vn 0.198681 -0.959747 0.198524
vn -0.024069 -0.983517 0.179208
vn -0.012622 -0.999795 -0.015817
vn 0.181558 -0.983355 0.006999
vn -0.024069 -0.983517 0.179208
vn -0.250451 -0.953448 0.167961
vn -0.210763 -0.977347 -0.019275
vn -0.012622 -0.999795 -0.015817
vn 0.213851 -0.899877 0.380118
vn -0.034589 -0.929440 0.367349
vn -0.024069 -0.983517 0.179208
vn 0.198681 -0.959747 0.198524
vn -0.034589 -0.929440 0.367349
vn -0.286128 -0.893606 0.345833
vn -0.250451 -0.953448 0.167961
vn -0.024069 -0.983517 0.179208
vn 0.226788 -0.807016 0.545245
vn -0.043781 -0.839644 0.541370
vn -0.034589 -0.929440 0.367349
vn 0.213851 -0.899877 0.380118
vn -0.043781 -0.839644 0.541370
vn -0.316809 -0.800994 0.507978
vn -0.286128 -0.893606 0.345833
vn -0.034589 -0.929440 0.367349
vn 0.237457 -0.685398 0.688363
vn -0.051290 -0.717570 0.694595
vn -0.043781 -0.839644 0.541370
vn 0.226788 -0.807016 0.545245
vn -0.051290 -0.717570 0.694595
vn -0.341896 -0.679703 0.648930
vn -0.316809 -0.800994 0.507978
vn -0.043781 -0.839644 0.541370
vn 0.245985 -0.539931 0.804963
vn -0.056826 -0.567927 0.821115
vn -0.051290 -0.717570 0.694595
vn 0.237457 -0.685398 0.688363
vn -0.056826 -0.567927 0.821115
vn -0.361084 -0.534531 0.764130
vn -0.341896 -0.679703 0.648930
vn -0.051290 -0.717570 0.694595
vn 0.252543 -0.376090 0.891503
vn -0.060175 -0.396472 0.916073
vn -0.056826 -0.567927 0.821115
vn 0.245985 -0.539931 0.804963
vn -0.060175 -0.396472 0.916073
vn -0.374239 -0.370804 0.849971
vn -0.361084 -0.534531 0.764130
vn -0.056826 -0.567927 0.821115
vn 0.257312 -0.199655 0.945478
vn -0.061214 -0.209769 0.975833
vn -0.060175 -0.396472 0.916073
vn 0.252543 -0.376090 0.891503
vn -0.061214 -0.209769 0.975833
vn -0.381284 -0.194263 0.903817
vn -0.374239 -0.370804 0.849971
vn -0.060175 -0.396472 0.916073
vn 0.260351 -0.016628 0.965371
vn -0.059901 -0.014996 0.998092
vn -0.061214 -0.209769 0.975833
vn 0.257312 -0.199655 0.945478
vn -0.059901 -0.014996 0.998092
vn -0.382185 -0.011000 0.924021
vn -0.381284 -0.194263 0.903817
vn -0.061214 -0.209769 0.975833
vn 0.261602 0.166826 0.950649
vn -0.056284 0.180356 0.981990
vn -0.059901 -0.014996 0.998092
vn 0.260351 -0.016628 0.965371
vn -0.056284 0.180356 0.981990
vn -0.376991 0.172812 0.909952
vn -0.382185 -0.011000 0.924021
vn -0.059901 -0.014996 0.998092
vn 0.260976 0.344561 0.901759
vn -0.050505 0.368742 0.928159
vn -0.056284 0.180356 0.981990
vn 0.261602 0.166826 0.950649
vn -0.050505 0.368742 0.928159
vn -0.365849 0.350940 0.861972
vn -0.376991 0.172812 0.909952
vn -0.056284 0.180356 0.981990
vn 0.258303 0.510595 0.820105
vn -0.042785 0.542966 0.838664
vn -0.050505 0.368742 0.928159
vn 0.260976 0.344561 0.901759
vn -0.042785 0.542966 0.838664
vn -0.348861 0.517251 0.781503
vn -0.365849 0.350940 0.861972
vn -0.050505 0.368742 0.928159
vn 0.253308 0.659150 0.708065
vn -0.033422 0.696341 0.716932
vn -0.042785 0.542966 0.838664
vn 0.258303 0.510595 0.820105
vn -0.033422 0.696341 0.716932
vn -0.326153 0.665882 0.670989
vn -0.348861 0.517251 0.781503
vn -0.042785 0.542966 0.838664
vn 0.245722 0.784767 0.569001
vn -0.022775 0.822948 0.567661
vn -0.033422 0.696341 0.716932
vn 0.253308 0.659150 0.708065
vn -0.022775 0.822948 0.567661
vn -0.298011 0.791313 0.533867
vn -0.326153 0.665882 0.670989
vn -0.033422 0.696341 0.716932
vn 0.235272 0.882497 0.407242
vn -0.011253 0.917937 0.396567
vn -0.022775 0.822948 0.567661
vn 0.245722 0.784767 0.569001
vn -0.011253 0.917937 0.396567
vn -0.264907 0.888566 0.374533
vn -0.298011 0.791313 0.533867
vn -0.022775 0.822948 0.567661
vn 0.221827 0.948032 0.228097
vn 0.000703 0.977652 0.210231
vn -0.011253 0.917937 0.396567
vn 0.235272 0.882497 0.407242
vn 0.000703 0.977652 0.210231
vn -0.227552 0.953344 0.198381
vn -0.264907 0.888566 0.374533
vn -0.011253 0.917937 0.396567
vn 0.205564 0.977910 0.037901
vn 0.012631 0.999795 0.015818
vn 0.000703 0.977652 0.210231
vn 0.221827 0.948032 0.228097
vn 0.012631 0.999795 0.015818
vn -0.187006 0.982289 0.011727
vn -0.227552 0.953344 0.198381
vn 0.000703 0.977652 0.210231
vn 0.274954 0.959608 -0.059611
vn 0.018930 0.995723 -0.090429
vn 0.012631 0.999795 0.015818
vn 0.205564 0.977910 0.037901
vn 0.018930 0.995723 -0.090429
vn -0.246124 0.964587 -0.094842
vn -0.187006 0.982289 0.011727
vn 0.012631 0.999795 0.015818
vn 0.597780 0.786182 -0.156773
vn 0.029923 0.958760 -0.282637
vn 0.018930 0.995723 -0.090429
vn 0.274954 0.959608 -0.059611
vn 0.029923 0.958760 -0.282637
vn -0.557071 0.796841 -0.233915
vn -0.246124 0.964587 -0.094842
vn 0.018930 0.995723 -0.090429
vn 0.715837 0.605712 -0.347406
vn 0.043782 0.839637 -0.541380
vn 0.029923 0.958760 -0.282637
vn 0.597780 0.786182 -0.156773
vn 0.043782 0.839637 -0.541380
vn -0.652179 0.617866 -0.439209
vn -0.557071 0.796841 -0.233915
vn 0.029923 0.958760 -0.282637
vn 0.722112 0.517307 -0.459291
vn 0.051290 0.717571 -0.694594
vn 0.043782 0.839637 -0.541380
vn 0.715837 0.605712 -0.347406
vn 0.051290 0.717571 -0.694594
vn -0.646186 0.528709 -0.550373
vn -0.652179 0.617866 -0.439209
vn 0.043782 0.839637 -0.541380
vn 0.726930 0.408649 -0.551887
vn 0.056826 0.567933 -0.821111
vn 0.051290 0.717571 -0.694594
vn 0.722112 0.517307 -0.459291
vn 0.056826 0.567933 -0.821111
vn -0.641679 0.419618 -0.642004
vn -0.646186 0.528709 -0.550373
vn 0.051290 0.717571 -0.694594
vn 0.730087 0.283863 -0.621606
vn 0.060179 0.396454 -0.916080
vn 0.056826 0.567933 -0.821111
vn 0.726930 0.408649 -0.551887
vn 0.060179 0.396454 -0.916080
vn -0.638780 0.294819 -0.710663
vn -0.641679 0.419618 -0.642004
vn 0.056826 0.567933 -0.821111
vn 0.731495 0.147720 -0.665653
vn 0.061221 0.209758 -0.975835
vn 0.060179 0.396454 -0.916080
vn 0.730087 0.283863 -0.621606
vn 0.061221 0.209758 -0.975835
vn -0.637632 0.159151 -0.753721
vn -0.638780 0.294819 -0.710663
vn 0.060179 0.396454 -0.916080
vn 0.731059 0.005549 -0.682291
vn 0.059913 0.014996 -0.998091
vn 0.061221 0.209758 -0.975835
vn 0.731495 0.147720 -0.665653
vn 0.059913 0.014996 -0.998091
vn -0.638307 0.017696 -0.769578
vn -0.637632 0.159151 -0.753721
vn 0.061221 0.209758 -0.975835
vn 0.770052 0.382297 -0.510754
vn 0.773966 0.264994 -0.575113
vn 0.997620 -0.007422 0.068555
vn 0.997620 -0.007419 0.068555
vn 0.997620 -0.007419 0.068555
vn 0.997620 -0.007422 0.068555
vn 0.997620 -0.007422 0.068556
vn 0.997619 -0.007424 0.068560
vn 0.757588 0.568665 -0.320437
vn 0.764520 0.484846 -0.424774
vn 0.997620 -0.007419 0.068556
vn 0.997620 -0.007422 0.068557
vn 0.997620 -0.007422 0.068557
vn 0.997620 -0.007419 0.068556
vn 0.997619 -0.007426 0.068562
vn 0.997620 -0.007419 0.068558
vn 0.740603 0.667950 -0.073144
vn 0.749518 0.630508 -0.201699
vn 0.997619 -0.007424 0.068561
vn 0.997619 -0.007418 0.068561
vn 0.997619 -0.007418 0.068561
vn 0.997619 -0.007424 0.068561
vn 0.986756 0.148354 0.065598
vn 0.911995 0.408060 0.041858
vn 0.721673 0.664642 0.193493
vn 0.731203 0.679489 0.060310
vn 0.997619 -0.007421 0.068561
vn 0.997619 -0.007424 0.068561
vn 0.997619 -0.007424 0.068561
vn 0.997619 -0.007421 0.068561
vn 0.816968 0.574317 0.052189
vn 0.827152 0.538116 0.162021
vn 0.703691 0.558966 0.438608
vn 0.712387 0.623943 0.321247
vn 0.997619 -0.007424 0.068561
vn 0.997620 -0.007425 0.068559
vn 0.997620 -0.007425 0.068559
vn 0.997619 -0.007424 0.068561
vn 0.835861 0.484197 0.258632
vn 0.842931 0.416829 0.340179
vn 0.743751 -0.631259 -0.219877
vn 0.734523 -0.672179 -0.093014
vn 0.997620 -0.007424 0.068558
vn 0.997619 -0.007423 0.068561
vn 0.997619 -0.007423 0.068561
vn 0.997620 -0.007424 0.068558
vn 0.905245 -0.423916 0.028748
vn 0.984581 -0.164047 0.060743
vn 0.689421 0.366970 0.624525
vn 0.695953 0.472177 0.541017
vn 0.997620 -0.007419 0.068558
vn 0.997619 -0.007423 0.068562
vn 0.997619 -0.007423 0.068562
vn 0.997620 -0.007419 0.068558
vn 0.848361 0.339795 0.405985
vn 0.852256 0.256129 0.456133
vn 0.760059 -0.480072 -0.437996
vn 0.752388 -0.566382 -0.336339
vn 0.997619 -0.007423 0.068561
vn 0.997619 -0.007425 0.068560
vn 0.997619 -0.007425 0.068560
vn 0.997619 -0.007423 0.068561
vn 0.997619 -0.007424 0.068561
vn 0.997619 -0.007424 0.068563
vn 0.681083 0.118153 0.722610
vn 0.684423 0.247401 0.685827
vn 0.997619 -0.007421 0.068561
vn 0.997619 -0.007420 0.068561
vn 0.997619 -0.007420 0.068561
vn 0.997619 -0.007421 0.068561
vn 0.854721 0.168221 0.491075
vn 0.855829 0.077864 0.511365
vn 0.771542 -0.256924 -0.581990
vn 0.766535 -0.375602 -0.520910
vn 0.997619 -0.007423 0.068561
vn 0.997619 -0.007425 0.068561
vn 0.997619 -0.007425 0.068561
vn 0.997619 -0.007423 0.068561
vn 0.997619 -0.007421 0.068561
vn 0.997620 -0.007424 0.068557
vn 0.679908 -0.149231 0.717952
vn 0.679583 -0.015795 0.733429
vn 0.997619 -0.007427 0.068565
vn 0.997619 -0.007424 0.068564
vn 0.997619 -0.007424 0.068564
vn 0.997619 -0.007427 0.068565
vn 0.855656 -0.013585 0.517366
vn 0.854190 -0.104960 0.509258
vn 0.776417 0.004590 -0.630203
vn 0.774866 -0.128518 -0.618923
vn 0.997620 -0.007385 0.068556
vn 0.997620 -0.007421 0.068555
vn 0.997620 -0.007421 0.068555
vn 0.997620 -0.007385 0.068556
vn 0.997620 -0.007388 0.068556
vn 0.997620 -0.007421 0.068550
vn 0.686109 -0.394154 0.611471
vn 0.682135 -0.276978 0.676739
vn 0.997619 -0.007423 0.068561
vn 0.997620 -0.007423 0.068558
vn 0.997620 -0.007423 0.068558
vn 0.997619 -0.007423 0.068561
vn 0.851465 -0.195066 0.486782
vn 0.847436 -0.282476 0.449511
vn 0.698667 -0.579326 0.419816
vn 0.691683 -0.496234 0.524716
vn 0.997620 -0.007419 0.068556
vn 0.997620 -0.007424 0.068559
vn 0.997620 -0.007424 0.068559
vn 0.997620 -0.007419 0.068556
vn 0.842011 -0.365311 0.396944
vn 0.835142 -0.441063 0.328636
vn 0.715671 -0.676819 0.172427
vn 0.706755 -0.640298 0.300858
vn 0.997619 -0.007426 0.068560
vn 0.997619 -0.007425 0.068561
vn 0.997619 -0.007425 0.068561
vn 0.997619 -0.007426 0.068560
vn 0.826780 -0.506565 0.244598
vn 0.817047 -0.557874 0.145638
vn 0.734523 -0.672179 -0.093014
vn 0.725042 -0.687574 0.039443
vn 0.997619 -0.007424 0.068560
vn 0.997620 -0.007424 0.068558
vn 0.997620 -0.007424 0.068558
vn 0.997619 -0.007424 0.068560
vn 0.806177 -0.590703 0.033905
vn 0.905245 -0.423916 0.028748
vn 0.773966 0.264994 -0.575113
vn 0.776104 0.137440 -0.615445
vn 0.997619 -0.007462 0.068557
vn 0.997620 -0.007422 0.068555
vn 0.997620 -0.007422 0.068555
vn 0.997619 -0.007462 0.068557
vn 0.997620 -0.007459 0.068551
vn 0.997620 -0.007422 0.068556
vn 0.764520 0.484846 -0.424774
vn 0.770052 0.382297 -0.510754
vn 0.997620 -0.007419 0.068555
vn 0.997620 -0.007419 0.068556
vn 0.997620 -0.007419 0.068556
vn 0.997620 -0.007419 0.068555
vn 0.997619 -0.007424 0.068560
vn 0.997619 -0.007426 0.068562
vn 0.749518 0.630508 -0.201699
vn 0.757588 0.568665 -0.320437
vn 0.997620 -0.007422 0.068557
vn 0.997619 -0.007424 0.068561
vn 0.997619 -0.007424 0.068561
vn 0.997620 -0.007422 0.068557
vn 0.997620 -0.007419 0.068558
vn 0.986756 0.148354 0.065598
vn 0.731203 0.679489 0.060310
vn 0.740603 0.667950 -0.073144
vn 0.997619 -0.007418 0.068561
vn 0.997619 -0.007421 0.068561
vn 0.997619 -0.007421 0.068561
vn 0.997619 -0.007418 0.068561
vn 0.911995 0.408060 0.041858
vn 0.816968 0.574317 0.052189
vn 0.712387 0.623943 0.321247
vn 0.721673 0.664642 0.193493
vn 0.997619 -0.007424 0.068561
vn 0.997619 -0.007424 0.068561
vn 0.997619 -0.007424 0.068561
vn 0.997619 -0.007424 0.068561
vn 0.827152 0.538116 0.162021
vn 0.835861 0.484197 0.258632
vn 0.695953 0.472177 0.541017
vn 0.703691 0.558966 0.438608
vn 0.997620 -0.007425 0.068559
vn 0.997620 -0.007419 0.068558
vn 0.997620 -0.007419 0.068558
vn 0.997620 -0.007425 0.068559
vn 0.842931 0.416829 0.340179
vn 0.848361 0.339795 0.405985
vn 0.752388 -0.566382 -0.336339
vn 0.743751 -0.631259 -0.219877
vn 0.997619 -0.007423 0.068561
vn 0.997619 -0.007423 0.068561
vn 0.997619 -0.007423 0.068561
vn 0.997619 -0.007423 0.068561
vn 0.984581 -0.164047 0.060743
vn 0.997619 -0.007424 0.068561
vn 0.684423 0.247401 0.685827
vn 0.689421 0.366970 0.624525
vn 0.997619 -0.007423 0.068562
vn 0.997619 -0.007421 0.068561
vn 0.997619 -0.007421 0.068561
vn 0.997619 -0.007423 0.068562
vn 0.852256 0.256129 0.456133
vn 0.854721 0.168221 0.491075
vn 0.766535 -0.375602 -0.520910
vn 0.760059 -0.480072 -0.437996
vn 0.997619 -0.007425 0.068560
vn 0.997619 -0.007423 0.068561
vn 0.997619 -0.007423 0.068561
vn 0.997619 -0.007425 0.068560
vn 0.997619 -0.007424 0.068563
vn 0.997619 -0.007421 0.068561
vn 0.679583 -0.015795 0.733429
vn 0.681083 0.118153 0.722610
vn 0.997619 -0.007420 0.068561
vn 0.997619 -0.007427 0.068565
vn 0.997619 -0.007427 0.068565
vn 0.997619 -0.007420 0.068561
vn 0.855829 0.077864 0.511365
vn 0.855656 -0.013585 0.517366
vn 0.774866 -0.128518 -0.618923
vn 0.771542 -0.256924 -0.581990
vn 0.997619 -0.007425 0.068561
vn 0.997620 -0.007385 0.068556
vn 0.997620 -0.007385 0.068556
vn 0.997619 -0.007425 0.068561
vn 0.997620 -0.007424 0.068557
vn 0.997620 -0.007388 0.068556
vn 0.682135 -0.276978 0.676739
vn 0.679908 -0.149231 0.717952
vn 0.997619 -0.007424 0.068564
vn 0.997619 -0.007423 0.068561
vn 0.997619 -0.007423 0.068561
vn 0.997619 -0.007424 0.068564
vn 0.854190 -0.104960 0.509258
vn 0.851465 -0.195066 0.486782
vn 0.691683 -0.496234 0.524716
vn 0.686109 -0.394154 0.611471
vn 0.997620 -0.007423 0.068558
vn 0.997620 -0.007419 0.068556
vn 0.997620 -0.007419 0.068556
vn 0.997620 -0.007423 0.068558
vn 0.847436 -0.282476 0.449511
vn 0.842011 -0.365311 0.396944
vn 0.706755 -0.640298 0.300858
vn 0.698667 -0.579326 0.419816
vn 0.997620 -0.007424 0.068559
vn 0.997619 -0.007426 0.068560
vn 0.997619 -0.007426 0.068560
vn 0.997620 -0.007424 0.068559
vn 0.835142 -0.441063 0.328636
vn 0.826780 -0.506565 0.244598
vn 0.725042 -0.687574 0.039443
vn 0.715671 -0.676819 0.172427
vn 0.997619 -0.007425 0.068561
vn 0.997619 -0.007424 0.068560
vn 0.997619 -0.007424 0.068560
vn 0.997619 -0.007425 0.068561
vn 0.817047 -0.557874 0.145638
vn 0.806177 -0.590703 0.033905
vn 0.776104 0.137440 -0.615445
vn 0.776417 0.004590 -0.630203
vn 0.997620 -0.007421 0.068555
vn 0.997619 -0.007462 0.068557
vn 0.997619 -0.007462 0.068557
vn 0.997620 -0.007421 0.068555
vn 0.997620 -0.007421 0.068550
vn 0.997620 -0.007459 0.068551
vn -0.685098 0.017109 -0.728250
vn -0.684524 0.149825 -0.713428
vn -0.997745 0.009720 -0.066406
vn -0.997746 0.009679 -0.066403
vn -0.997746 0.009679 -0.066403
vn -0.997745 0.009720 -0.066406
vn -0.997745 0.009719 -0.066406
vn -0.997747 0.009686 -0.066385
vn -0.685585 0.277172 -0.673164
vn -0.688278 0.394380 -0.608883
vn -0.997746 0.009686 -0.066403
vn -0.997746 0.009685 -0.066408
vn -0.997746 0.009685 -0.066408
vn -0.997746 0.009686 -0.066403
vn -0.997746 0.009680 -0.066401
vn -0.997746 0.009678 -0.066411
vn -0.692506 0.496901 -0.522996
vn -0.698119 0.580765 -0.418739
vn -0.997746 0.009684 -0.066401
vn -0.997746 0.009684 -0.066399
vn -0.997746 0.009684 -0.066399
vn -0.997746 0.009684 -0.066401
vn -0.997746 0.009678 -0.066398
vn -0.997747 0.009675 -0.066395
vn -0.704904 0.642706 -0.300066
vn -0.712576 0.680309 -0.171508
vn -0.997746 0.009690 -0.066396
vn -0.997746 0.009681 -0.066398
vn -0.997746 0.009681 -0.066398
vn -0.997746 0.009690 -0.066396
vn -0.903203 0.421510 -0.080959
vn -0.984274 0.163168 -0.067682
vn -0.720868 0.692030 -0.038002
vn -0.729477 0.677335 0.095294
vn -0.997746 0.009681 -0.066401
vn -0.997746 0.009693 -0.066400
vn -0.997746 0.009693 -0.066400
vn -0.997746 0.009681 -0.066401
vn -0.831951 0.552594 0.049978
vn -0.806731 0.588120 -0.057436
vn -0.738048 0.636761 0.223207
vn -0.746223 0.571860 0.340775
vn -0.997746 0.009678 -0.066398
vn -0.997746 0.009675 -0.066400
vn -0.997746 0.009675 -0.066400
vn -0.997746 0.009678 -0.066398
vn -0.873502 0.432022 0.224390
vn -0.854376 0.499146 0.144550
vn -0.726885 -0.659404 -0.191896
vn -0.718389 -0.618341 -0.318703
vn -0.997746 0.009674 -0.066397
vn -0.997746 0.009681 -0.066403
vn -0.997746 0.009681 -0.066403
vn -0.997746 0.009674 -0.066397
vn -0.986998 -0.143486 -0.072441
vn -0.910976 -0.401672 -0.093718
vn -0.753722 0.485081 0.443397
vn -0.760224 0.379820 0.527064
vn -0.997746 0.009675 -0.066403
vn -0.997746 0.009681 -0.066403
vn -0.997746 0.009681 -0.066403
vn -0.997746 0.009675 -0.066403
vn -0.901331 0.271363 0.337587
vn -0.889164 0.355026 0.288695
vn -0.710284 -0.553384 -0.435044
vn -0.702879 -0.467033 -0.536508
vn -0.997746 0.009693 -0.066395
vn -0.997747 0.009681 -0.066394
vn -0.997747 0.009681 -0.066394
vn -0.997746 0.009693 -0.066395
vn -0.997746 0.009681 -0.066400
vn -0.997746 0.009678 -0.066399
vn -0.765494 0.260164 0.588501
vn -0.769315 0.130753 0.625347
vn -0.997747 0.009682 -0.066388
vn -0.997747 0.009682 -0.066391
vn -0.997747 0.009682 -0.066391
vn -0.997747 0.009682 -0.066388
vn -0.915684 0.093145 0.390957
vn -0.910120 0.183456 0.371517
vn -0.696430 -0.362598 -0.619280
vn -0.691196 -0.244062 -0.680207
vn -0.997747 0.009685 -0.066392
vn -0.997747 0.009690 -0.066391
vn -0.997747 0.009690 -0.066391
vn -0.997747 0.009685 -0.066392
vn -0.997747 0.009686 -0.066383
vn -0.997747 0.009686 -0.066391
vn -0.771586 -0.003376 0.636117
vn -0.772155 -0.136987 0.620492
vn -0.997746 0.009684 -0.066408
vn -0.997746 0.009681 -0.066401
vn -0.997746 0.009681 -0.066401
vn -0.997746 0.009684 -0.066408
vn -0.917469 -0.089106 0.387700
vn -0.918141 0.001883 0.396249
vn -0.687400 -0.115905 -0.716971
vn -0.685098 0.017109 -0.728250
vn -0.997746 0.009679 -0.066403
vn -0.997747 0.009643 -0.066399
vn -0.997747 0.009643 -0.066399
vn -0.997746 0.009679 -0.066403
vn -0.997747 0.009686 -0.066385
vn -0.997748 0.009649 -0.066378
vn -0.770999 -0.264872 0.579140
vn -0.768258 -0.382089 0.513603
vn -0.997746 0.009682 -0.066396
vn -0.997746 0.009680 -0.066401
vn -0.997746 0.009680 -0.066401
vn -0.997746 0.009682 -0.066396
vn -0.906530 -0.265281 0.328373
vn -0.913629 -0.178648 0.365193
vn -0.763935 -0.484192 0.426570
vn -0.758246 -0.567233 0.321418
vn -0.997746 0.009685 -0.066402
vn -0.997746 0.009684 -0.066398
vn -0.997746 0.009684 -0.066398
vn -0.997746 0.009685 -0.066402
vn -0.881980 -0.421864 0.210102
vn -0.896038 -0.347148 0.276775
vn -0.751422 -0.628065 0.202238
vn -0.743726 -0.664416 0.073641
vn -0.997746 0.009687 -0.066396
vn -0.997746 0.009688 -0.066398
vn -0.997746 0.009688 -0.066398
vn -0.997746 0.009687 -0.066396
vn -0.842991 -0.536941 0.032582
vn -0.864259 -0.486376 0.128433
vn -0.735443 -0.674975 -0.059437
vn -0.726885 -0.659404 -0.191896
vn -0.997746 0.009681 -0.066403
vn -0.997746 0.009684 -0.066400
vn -0.997746 0.009684 -0.066400
vn -0.997746 0.009681 -0.066403
vn -0.910976 -0.401672 -0.093718
vn -0.818597 -0.569390 -0.075461
vn -0.684524 0.149825 -0.713428
vn -0.685585 0.277172 -0.673164
vn -0.997746 0.009685 -0.066408
vn -0.997745 0.009720 -0.066406
vn -0.997745 0.009720 -0.066406
vn -0.997746 0.009685 -0.066408
vn -0.997746 0.009678 -0.066411
vn -0.997745 0.009719 -0.066406
vn -0.688278 0.394380 -0.608883
vn -0.692506 0.496901 -0.522996
vn -0.997746 0.009684 -0.066399
vn -0.997746 0.009686 -0.066403
vn -0.997746 0.009686 -0.066403
vn -0.997746 0.009684 -0.066399
vn -0.997747 0.009675 -0.066395
vn -0.997746 0.009680 -0.066401
vn -0.698119 0.580765 -0.418739
vn -0.704904 0.642706 -0.300066
vn -0.997746 0.009681 -0.066398
vn -0.997746 0.009684 -0.066401
vn -0.997746 0.009684 -0.066401
vn -0.997746 0.009681 -0.066398
vn -0.984274 0.163168 -0.067682
vn -0.997746 0.009678 -0.066398
vn -0.712576 0.680309 -0.171508
vn -0.720868 0.692030 -0.038002
vn -0.997746 0.009693 -0.066400
vn -0.997746 0.009690 -0.066396
vn -0.997746 0.009690 -0.066396
vn -0.997746 0.009693 -0.066400
vn -0.806731 0.588120 -0.057436
vn -0.903203 0.421510 -0.080959
vn -0.729477 0.677335 0.095294
vn -0.738048 0.636761 0.223207
vn -0.997746 0.009675 -0.066400
vn -0.997746 0.009681 -0.066401
vn -0.997746 0.009681 -0.066401
vn -0.997746 0.009675 -0.066400
vn -0.854376 0.499146 0.144550
vn -0.831951 0.552594 0.049978
vn -0.746223 0.571860 0.340775
vn -0.753722 0.485081 0.443397
vn -0.997746 0.009681 -0.066403
vn -0.997746 0.009678 -0.066398
vn -0.997746 0.009678 -0.066398
vn -0.997746 0.009681 -0.066403
vn -0.889164 0.355026 0.288695
vn -0.873502 0.432022 0.224390
vn -0.718389 -0.618341 -0.318703
vn -0.710284 -0.553384 -0.435044
vn -0.997747 0.009681 -0.066394
vn -0.997746 0.009674 -0.066397
vn -0.997746 0.009674 -0.066397
vn -0.997747 0.009681 -0.066394
vn -0.997746 0.009678 -0.066399
vn -0.986998 -0.143486 -0.072441
vn -0.760224 0.379820 0.527064
vn -0.765494 0.260164 0.588501
vn -0.997747 0.009682 -0.066391
vn -0.997746 0.009675 -0.066403
vn -0.997746 0.009675 -0.066403
vn -0.997747 0.009682 -0.066391
vn -0.910120 0.183456 0.371517
vn -0.901331 0.271363 0.337587
vn -0.702879 -0.467033 -0.536508
vn -0.696430 -0.362598 -0.619280
vn -0.997747 0.009690 -0.066391
vn -0.997746 0.009693 -0.066395
vn -0.997746 0.009693 -0.066395
vn -0.997747 0.009690 -0.066391
vn -0.997747 0.009686 -0.066391
vn -0.997746 0.009681 -0.066400
vn -0.769315 0.130753 0.625347
vn -0.771586 -0.003376 0.636117
vn -0.997746 0.009681 -0.066401
vn -0.997747 0.009682 -0.066388
vn -0.997747 0.009682 -0.066388
vn -0.997746 0.009681 -0.066401
vn -0.918141 0.001883 0.396249
vn -0.915684 0.093145 0.390957
vn -0.691196 -0.244062 -0.680207
vn -0.687400 -0.115905 -0.716971
vn -0.997747 0.009643 -0.066399
vn -0.997747 0.009685 -0.066392
vn -0.997747 0.009685 -0.066392
vn -0.997747 0.009643 -0.066399
vn -0.997748 0.009649 -0.066378
vn -0.997747 0.009686 -0.066383
vn -0.772155 -0.136987 0.620492
vn -0.770999 -0.264872 0.579140
vn -0.997746 0.009680 -0.066401
vn -0.997746 0.009684 -0.066408
vn -0.997746 0.009684 -0.066408
vn -0.997746 0.009680 -0.066401
vn -0.913629 -0.178648 0.365193
vn -0.917469 -0.089106 0.387700
vn -0.768258 -0.382089 0.513603
vn -0.763935 -0.484192 0.426570
vn -0.997746 0.009684 -0.066398
vn -0.997746 0.009682 -0.066396
vn -0.997746 0.009682 -0.066396
vn -0.997746 0.009684 -0.066398
vn -0.896038 -0.347148 0.276775
vn -0.906530 -0.265281 0.328373
vn -0.758246 -0.567233 0.321418
vn -0.751422 -0.628065 0.202238
vn -0.997746 0.009688 -0.066398
vn -0.997746 0.009685 -0.066402
vn -0.997746 0.009685 -0.066402
vn -0.997746 0.009688 -0.066398
vn -0.864259 -0.486376 0.128433
vn -0.881980 -0.421864 0.210102
vn -0.743726 -0.664416 0.073641
vn -0.735443 -0.674975 -0.059437
vn -0.997746 0.009684 -0.066400
vn -0.997746 0.009687 -0.066396
vn -0.997746 0.009687 -0.066396
vn -0.997746 0.009684 -0.066400
vn -0.818597 -0.569390 -0.075461
vn -0.842991 -0.536941 0.032582
vn -0.999361 0.028657 0.021375
vn -0.999447 0.024309 0.022685
vn -0.999804 0.019795 -0.000006
vn -0.999804 0.019799 -0.000015
vn -0.999447 0.024309 0.022685
vn -0.999536 0.019796 0.023141
vn -0.999804 0.019801 -0.000004
vn -0.999804 0.019795 -0.000006
vn -0.999536 0.019796 0.023141
vn -0.999625 0.015290 0.022710
vn -0.999804 0.019813 -0.000003
vn -0.999804 0.019801 -0.000004
vn -0.999625 0.015290 0.022710
vn -0.999711 0.010946 0.021385
vn -0.999804 0.019803 0.000005
vn -0.999804 0.019813 -0.000003
vn -0.999711 0.010946 0.021385
vn -0.999791 0.006943 0.019240
vn -0.999804 0.019792 0.000011
vn -0.999804 0.019803 0.000005
vn -0.999791 0.006943 0.019240
vn -0.999860 0.003436 0.016360
vn -0.999804 0.019799 0.000002
vn -0.999804 0.019792 0.000011
vn -0.999860 0.003436 0.016360
vn -0.999917 0.000543 0.012859
vn -0.999804 0.019793 -0.000005
vn -0.999804 0.019799 0.000002
vn -0.999917 0.000543 0.012859
vn -0.999960 -0.001593 0.008857
vn -0.999804 0.019789 -0.000000
vn -0.999804 0.019793 -0.000005
vn -0.999960 -0.001593 0.008857
vn -0.999986 -0.002899 0.004516
vn -0.999804 0.019812 0.000004
vn -0.999804 0.019789 -0.000000
vn -0.999986 -0.002899 0.004516
vn -0.999995 -0.003339 -0.000000
vn -0.999804 0.019820 0.000000
vn -0.999804 0.019812 0.000004
vn -0.999995 -0.003339 -0.000000
vn -0.999986 -0.002885 -0.004516
vn -0.999804 0.019804 -0.000004
vn -0.999804 0.019820 0.000000
vn -0.999986 -0.002885 -0.004516
vn -0.999960 -0.001581 -0.008857
vn -0.999804 0.019795 0.000000
vn -0.999804 0.019804 -0.000004
vn -0.999960 -0.001581 -0.008857
vn -0.999917 0.000536 -0.012867
vn -0.999804 0.019791 -0.000001
vn -0.999804 0.019795 0.000000
vn -0.999536 0.019789 -0.023141
vn -0.999447 0.024308 -0.022684
vn -0.999804 0.019805 0.000000
vn -0.999804 0.019793 0.000004
vn -0.999917 0.000536 -0.012867
vn -0.999860 0.003421 -0.016373
vn -0.999804 0.019781 -0.000003
vn -0.999804 0.019791 -0.000001
vn -0.999447 0.024308 -0.022684
vn -0.999361 0.028653 -0.021375
vn -0.999804 0.019810 0.000002
vn -0.999804 0.019805 0.000000
vn -0.999281 0.032670 0.019246
vn -0.999361 0.028657 0.021375
vn -0.999804 0.019799 -0.000015
vn -0.999804 0.019797 -0.000015
vn -0.999212 0.036166 0.016366
vn -0.999281 0.032670 0.019246
vn -0.999804 0.019797 -0.000015
vn -0.999804 0.019795 0.000000
vn -0.999155 0.039029 0.012852
vn -0.999212 0.036166 0.016366
vn -0.999804 0.019795 0.000000
vn -0.999804 0.019807 0.000005
vn -0.999113 0.041179 0.008851
vn -0.999155 0.039029 0.012852
vn -0.999804 0.019807 0.000005
vn -0.999804 0.019821 0.000003
vn -0.999087 0.042486 0.004507
vn -0.999113 0.041179 0.008851
vn -0.999804 0.019821 0.000003
vn -0.999804 0.019819 0.000003
vn -0.999079 0.042918 0.000000
vn -0.999087 0.042486 0.004507
vn -0.999804 0.019819 0.000003
vn -0.999804 0.019809 -0.000000
vn -0.999087 0.042484 -0.004507
vn -0.999079 0.042918 0.000000
vn -0.999804 0.019809 -0.000000
vn -0.999804 0.019813 -0.000003
vn -0.999113 0.041167 -0.008851
vn -0.999087 0.042484 -0.004507
vn -0.999804 0.019813 -0.000003
vn -0.999804 0.019813 -0.000003
vn -0.999156 0.039018 -0.012852
vn -0.999113 0.041167 -0.008851
vn -0.999804 0.019813 -0.000003
vn -0.999804 0.019809 -0.000005
vn -0.999625 0.015285 -0.022710
vn -0.999536 0.019789 -0.023141
vn -0.999804 0.019793 0.000004
vn -0.999804 0.019804 -0.000000
vn -0.999212 0.036162 -0.016366
vn -0.999156 0.039018 -0.012852
vn -0.999804 0.019809 -0.000005
vn -0.999804 0.019806 -0.000000
vn -0.999711 0.010943 -0.021385
vn -0.999625 0.015285 -0.022710
vn -0.999804 0.019804 -0.000000
vn -0.999804 0.019801 -0.000012
vn -0.999281 0.032668 -0.019246
vn -0.999212 0.036162 -0.016366
vn -0.999804 0.019806 -0.000000
vn -0.999804 0.019803 0.000007
vn -0.999791 0.006935 -0.019244
vn -0.999711 0.010943 -0.021385
vn -0.999804 0.019801 -0.000012
vn -0.999804 0.019781 -0.000011
vn -0.999361 0.028653 -0.021375
vn -0.999281 0.032668 -0.019246
vn -0.999804 0.019803 0.000007
vn -0.999804 0.019810 0.000002
vn -0.999860 0.003421 -0.016373
vn -0.999791 0.006935 -0.019244
vn -0.999804 0.019781 -0.000011
vn -0.999804 0.019781 -0.000003
vn 0.740972 0.553819 0.379795
vn 0.742203 0.617003 0.261615
vn 0.999804 -0.019808 -0.000018
vn 0.999804 -0.019817 -0.000014
vn 0.999804 -0.019817 -0.000014
vn 0.999804 -0.019808 -0.000018
vn 0.999804 -0.019814 -0.000013
vn 0.999804 -0.019799 0.000003
vn 0.737217 0.365279 0.568403
vn 0.739267 0.468851 0.483387
vn 0.999804 -0.019807 0.000004
vn 0.999804 -0.019797 0.000013
vn 0.999804 -0.019797 0.000013
vn 0.999804 -0.019807 0.000004
vn 0.999804 -0.019805 0.000004
vn 0.999804 -0.019816 -0.000003
vn 0.732325 0.118915 0.670492
vn 0.734880 0.247096 0.631581
vn 0.999804 -0.019802 0.000003
vn 0.999804 -0.019797 -0.000001
vn 0.999804 -0.019797 -0.000001
vn 0.999804 -0.019802 0.000003
vn 0.999804 -0.019805 -0.000003
vn 0.999804 -0.019799 -0.000006
vn 0.727045 -0.147821 0.670488
vn 0.729708 -0.014449 0.683606
vn 0.999804 -0.019798 0.000005
vn 0.999804 -0.019808 0.000010
vn 0.999804 -0.019808 0.000010
vn 0.999804 -0.019798 0.000005
vn 0.999804 -0.019803 -0.000006
vn 0.999804 -0.019806 -0.000007
vn 0.722168 -0.394185 0.568411
vn 0.724498 -0.276018 0.631598
vn 0.999804 -0.019813 0.000012
vn 0.999804 -0.019807 0.000012
vn 0.999804 -0.019807 0.000012
vn 0.999804 -0.019813 0.000012
vn 0.999804 -0.019802 -0.000003
vn 0.999804 -0.019806 0.000013
vn 0.718443 -0.582753 0.379787
vn 0.720121 -0.497759 0.483385
vn 0.999804 -0.019796 0.000000
vn 0.999804 -0.019784 -0.000011
vn 0.999804 -0.019784 -0.000011
vn 0.999804 -0.019796 0.000000
vn 0.999804 -0.019811 0.000014
vn 0.999804 -0.019806 0.000007
vn 0.716428 -0.684794 0.133371
vn 0.717189 -0.645911 0.261608
vn 0.999804 -0.019780 -0.000011
vn 0.999804 -0.019781 -0.000007
vn 0.999804 -0.019781 -0.000007
vn 0.999804 -0.019780 -0.000011
vn 0.999804 -0.019795 0.000003
vn 0.999804 -0.019784 -0.000004
vn 0.716429 -0.684794 -0.133372
vn 0.716171 -0.697925 -0.000000
vn 0.999804 -0.019781 -0.000000
vn 0.999804 -0.019780 0.000007
vn 0.999804 -0.019780 0.000007
vn 0.999804 -0.019781 -0.000000
vn 0.999805 -0.019774 -0.000000
vn 0.999805 -0.019773 0.000004
vn 0.718441 -0.582754 -0.379789
vn 0.717191 -0.645908 -0.261611
vn 0.999804 -0.019780 0.000011
vn 0.999804 -0.019785 0.000011
vn 0.999804 -0.019785 0.000011
vn 0.999804 -0.019780 0.000011
vn 0.999804 -0.019785 0.000002
vn 0.999804 -0.019801 -0.000000
vn 0.722177 -0.394172 -0.568409
vn 0.720122 -0.497760 -0.483384
vn 0.999804 -0.019796 -0.000000
vn 0.999804 -0.019796 -0.000011
vn 0.999804 -0.019796 -0.000011
vn 0.999804 -0.019796 -0.000000
vn 0.999804 -0.019800 -0.000000
vn 0.999804 -0.019790 0.000004
vn 0.727049 -0.147818 -0.670484
vn 0.724510 -0.276001 -0.631593
vn 0.999804 -0.019800 -0.000013
vn 0.999804 -0.019809 -0.000012
vn 0.999804 -0.019809 -0.000012
vn 0.999804 -0.019800 -0.000013
vn 0.999804 -0.019805 0.000003
vn 0.999804 -0.019811 0.000001
vn 0.732326 0.118914 -0.670491
vn 0.729708 -0.014452 -0.683606
vn 0.999804 -0.019804 -0.000005
vn 0.999804 -0.019800 0.000001
vn 0.999804 -0.019800 0.000001
vn 0.999804 -0.019804 -0.000005
vn 0.999804 -0.019806 0.000006
vn 0.999804 -0.019802 0.000011
vn 0.737219 0.365272 -0.568405
vn 0.734880 0.247097 -0.631581
vn 0.999804 -0.019802 -0.000003
vn 0.999804 -0.019796 -0.000013
vn 0.999804 -0.019796 -0.000013
vn 0.999804 -0.019802 -0.000003
vn 0.999804 -0.019808 0.000014
vn 0.999804 -0.019811 0.000009
vn 0.740965 0.553831 -0.379791
vn 0.739267 0.468851 -0.483387
vn 0.999804 -0.019795 -0.000004
vn 0.999804 -0.019801 0.000014
vn 0.999804 -0.019801 0.000014
vn 0.999804 -0.019795 -0.000004
vn 0.999804 -0.019800 -0.000004
vn 0.999804 -0.019800 -0.000003
vn 0.742989 0.655880 -0.133375
vn 0.742199 0.617009 -0.261613
vn 0.999804 -0.019802 0.000018
vn 0.999804 -0.019813 -0.000002
vn 0.999804 -0.019813 -0.000002
vn 0.999804 -0.019802 0.000018
vn 0.999804 -0.019815 0.000020
vn 0.999804 -0.019815 0.000011
vn 0.742203 0.617003 0.261615
vn 0.742989 0.655880 0.133375
vn 0.999804 -0.019814 -0.000003
vn 0.999804 -0.019808 -0.000018
vn 0.999804 -0.019808 -0.000018
vn 0.999804 -0.019814 -0.000003
vn 0.999804 -0.019815 -0.000011
vn 0.999804 -0.019814 -0.000013
vn 0.742989 0.655880 0.133375
vn 0.743253 0.669010 0.000000
vn 0.999804 -0.019823 -0.000005
vn 0.999804 -0.019814 -0.000003
vn 0.999804 -0.019814 -0.000003
vn 0.999804 -0.019823 -0.000005
vn 0.999804 -0.019805 -0.000007
vn 0.999804 -0.019815 -0.000011
vn 0.743253 0.669010 0.000000
vn 0.742989 0.655880 -0.133375
vn 0.999804 -0.019813 -0.000002
vn 0.999804 -0.019823 -0.000005
vn 0.999804 -0.019823 -0.000005
vn 0.999804 -0.019813 -0.000002
vn 0.999804 -0.019815 0.000011
vn 0.999804 -0.019805 -0.000007
vn 0.742199 0.617009 -0.261613
vn 0.740965 0.553831 -0.379791
vn 0.999804 -0.019801 0.000014
vn 0.999804 -0.019802 0.000018
vn 0.999804 -0.019802 0.000018
vn 0.999804 -0.019801 0.000014
vn 0.999804 -0.019800 -0.000003
vn 0.999804 -0.019815 0.000020
vn 0.739267 0.468851 -0.483387
vn 0.737219 0.365272 -0.568405
vn 0.999804 -0.019796 -0.000013
vn 0.999804 -0.019795 -0.000004
vn 0.999804 -0.019795 -0.000004
vn 0.999804 -0.019796 -0.000013
vn 0.999804 -0.019811 0.000009
vn 0.999804 -0.019800 -0.000004
vn 0.734880 0.247097 -0.631581
vn 0.732326 0.118914 -0.670491
vn 0.999804 -0.019800 0.000001
vn 0.999804 -0.019802 -0.000003
vn 0.999804 -0.019802 -0.000003
vn 0.999804 -0.019800 0.000001
vn 0.999804 -0.019802 0.000011
vn 0.999804 -0.019808 0.000014
vn 0.729708 -0.014452 -0.683606
vn 0.727049 -0.147818 -0.670484
vn 0.999804 -0.019809 -0.000012
vn 0.999804 -0.019804 -0.000005
vn 0.999804 -0.019804 -0.000005
vn 0.999804 -0.019809 -0.000012
vn 0.999804 -0.019811 0.000001
vn 0.999804 -0.019806 0.000006
vn 0.724510 -0.276001 -0.631593
vn 0.722177 -0.394172 -0.568409
vn 0.999804 -0.019796 -0.000011
vn 0.999804 -0.019800 -0.000013
vn 0.999804 -0.019800 -0.000013
vn 0.999804 -0.019796 -0.000011
vn 0.999804 -0.019790 0.000004
vn 0.999804 -0.019805 0.000003
vn 0.720122 -0.497760 -0.483384
vn 0.718441 -0.582754 -0.379789
vn 0.999804 -0.019785 0.000011
vn 0.999804 -0.019796 -0.000000
vn 0.999804 -0.019796 -0.000000
vn 0.999804 -0.019785 0.000011
vn 0.999804 -0.019801 -0.000000
vn 0.999804 -0.019800 -0.000000
vn 0.717191 -0.645908 -0.261611
vn 0.716429 -0.684794 -0.133372
vn 0.999804 -0.019780 0.000007
vn 0.999804 -0.019780 0.000011
vn 0.999804 -0.019780 0.000011
vn 0.999804 -0.019780 0.000007
vn 0.999805 -0.019773 0.000004
vn 0.999804 -0.019785 0.000002
vn 0.716171 -0.697925 -0.000000
vn 0.716428 -0.684794 0.133371
vn 0.999804 -0.019781 -0.000007
vn 0.999804 -0.019781 -0.000000
vn 0.999804 -0.019781 -0.000000
vn 0.999804 -0.019781 -0.000007
vn 0.999804 -0.019784 -0.000004
vn 0.999805 -0.019774 -0.000000
vn 0.717189 -0.645911 0.261608
vn 0.718443 -0.582753 0.379787
vn 0.999804 -0.019784 -0.000011
vn 0.999804 -0.019780 -0.000011
vn 0.999804 -0.019780 -0.000011
vn 0.999804 -0.019784 -0.000011
vn 0.999804 -0.019806 0.000007
vn 0.999804 -0.019795 0.000003
vn 0.720121 -0.497759 0.483385
vn 0.722168 -0.394185 0.568411
vn 0.999804 -0.019807 0.000012
vn 0.999804 -0.019796 0.000000
vn 0.999804 -0.019796 0.000000
vn 0.999804 -0.019807 0.000012
vn 0.999804 -0.019806 0.000013
vn 0.999804 -0.019811 0.000014
vn 0.724498 -0.276018 0.631598
vn 0.727045 -0.147821 0.670488
vn 0.999804 -0.019808 0.000010
vn 0.999804 -0.019813 0.000012
vn 0.999804 -0.019813 0.000012
vn 0.999804 -0.019808 0.000010
vn 0.999804 -0.019806 -0.000007
vn 0.999804 -0.019802 -0.000003
vn 0.729708 -0.014449 0.683606
vn 0.732325 0.118915 0.670492
vn 0.999804 -0.019797 -0.000001
vn 0.999804 -0.019798 0.000005
vn 0.999804 -0.019798 0.000005
vn 0.999804 -0.019797 -0.000001
vn 0.999804 -0.019799 -0.000006
vn 0.999804 -0.019803 -0.000006
vn 0.734880 0.247096 0.631581
vn 0.737217 0.365279 0.568403
vn 0.999804 -0.019797 0.000013
vn 0.999804 -0.019802 0.000003
vn 0.999804 -0.019802 0.000003
vn 0.999804 -0.019797 0.000013
vn 0.999804 -0.019816 -0.000003
vn 0.999804 -0.019805 -0.000003
vn 0.739267 0.468851 0.483387
vn 0.740972 0.553819 0.379795
vn 0.999804 -0.019817 -0.000014
vn 0.999804 -0.019807 0.000004
vn 0.999804 -0.019807 0.000004
vn 0.999804 -0.019817 -0.000014
vn 0.999804 -0.019799 0.000003
vn 0.999804 -0.019805 0.000004
vn -0.889837 0.445306 -0.099462
vn -0.889667 0.456415 -0.013322
vn -0.774933 -0.631747 0.019358
vn -0.774687 -0.615610 0.144517
vn -0.897913 -0.085830 -0.431724
vn -0.896602 0.000293 -0.442837
vn -0.764870 0.030975 0.643440
vn -0.762963 0.156123 0.627306
vn -0.902951 -0.418075 0.099460
vn -0.903120 -0.429183 0.013321
vn -0.755391 0.654989 -0.019359
vn -0.755635 0.638852 -0.144513
vn -0.889667 0.456415 -0.013322
vn -0.889758 0.450504 0.073330
vn -0.774800 -0.623164 -0.106544
vn -0.774933 -0.631747 0.019358
vn -0.896602 0.000293 -0.442837
vn -0.895287 0.086929 -0.436927
vn -0.766783 -0.094911 0.634851
vn -0.764870 0.030975 0.643440
vn -0.903120 -0.429183 0.013321
vn -0.903029 -0.423274 -0.073329
vn -0.755518 0.646406 0.106543
vn -0.755391 0.654989 -0.019359
vn -0.896200 0.026934 0.442832
vn -0.897528 -0.059768 0.436888
vn -0.763550 0.118098 -0.634858
vn -0.765432 -0.007738 -0.643470
vn -0.889758 0.450504 0.073330
vn -0.890105 0.427801 0.157160
vn -0.774298 -0.590184 -0.228353
vn -0.774800 -0.623164 -0.106544
vn -0.895287 0.086929 -0.436927
vn -0.894012 0.170749 -0.414231
vn -0.768629 -0.216707 0.601870
vn -0.766783 -0.094911 0.634851
vn -0.903029 -0.423274 -0.073329
vn -0.902681 -0.400583 -0.157163
vn -0.756023 0.613421 0.228350
vn -0.755518 0.646406 0.106543
vn -0.897528 -0.059768 0.436888
vn -0.898787 -0.143521 0.414226
vn -0.761692 0.239946 -0.601874
vn -0.763550 0.118098 -0.634858
vn -0.894012 0.170749 -0.414231
vn -0.892829 0.248538 -0.375613
vn -0.770345 -0.329723 0.545757
vn -0.768629 -0.216707 0.601870
vn -0.902681 -0.400583 -0.157163
vn -0.902096 -0.361963 -0.234958
vn -0.756875 0.557315 0.341380
vn -0.756023 0.613421 0.228350
vn -0.898787 -0.143521 0.414226
vn -0.899968 -0.221306 0.375607
vn -0.759977 0.352963 -0.545758
vn -0.761692 0.239946 -0.601874
vn -0.902096 -0.361963 -0.234958
vn -0.901291 -0.308910 -0.303724
vn -0.758045 0.480237 0.441294
vn -0.756875 0.557315 0.341380
vn -0.899968 -0.221306 0.375607
vn -0.901005 -0.290075 0.322562
vn -0.758462 0.452862 -0.468669
vn -0.759977 0.352963 -0.545758
vn -0.901005 -0.290075 0.322562
vn -0.901870 -0.347162 0.257116
vn -0.757202 0.535804 -0.373577
vn -0.758462 0.452862 -0.468669
vn -0.890105 0.427801 0.157160
vn -0.890695 0.389178 0.234951
vn -0.773446 -0.534077 -0.341385
vn -0.774298 -0.590184 -0.228353
vn -0.890695 0.389178 0.234951
vn -0.891504 0.336121 0.303715
vn -0.772277 -0.457000 -0.441294
vn -0.773446 -0.534077 -0.341385
vn -0.892829 0.248538 -0.375613
vn -0.891781 0.317299 -0.322565
vn -0.771864 -0.429622 0.468669
vn -0.770345 -0.329723 0.545757
vn -0.891504 0.336121 0.303715
vn -0.892495 0.270686 0.360808
vn -0.770833 -0.361912 -0.524249
vn -0.772277 -0.457000 -0.441294
vn -0.891781 0.317299 -0.322565
vn -0.890915 0.374387 -0.257111
vn -0.773124 -0.512567 0.373570
vn -0.771864 -0.429622 0.468669
vn -0.901291 -0.308910 -0.303724
vn -0.900298 -0.243469 -0.360815
vn -0.759490 0.385146 0.524249
vn -0.758045 0.480237 0.441294
vn -0.892495 0.270686 0.360808
vn -0.893634 0.195374 0.404040
vn -0.769174 -0.252466 -0.587053
vn -0.770833 -0.361912 -0.524249
vn -0.890915 0.374387 -0.257111
vn -0.890257 0.417611 -0.181778
vn -0.774077 -0.575366 0.264120
vn -0.773124 -0.512567 0.373570
vn -0.900298 -0.243469 -0.360815
vn -0.899157 -0.168141 -0.404036
vn -0.761147 0.275711 0.587060
vn -0.759490 0.385146 0.524249
vn -0.901870 -0.347162 0.257116
vn -0.902530 -0.390377 0.181783
vn -0.756246 0.598609 -0.264119
vn -0.757202 0.535804 -0.373577
vn -0.893634 0.195374 0.404040
vn -0.894894 0.113130 0.431701
vn -0.767366 -0.132821 -0.627302
vn -0.769174 -0.252466 -0.587053
vn -0.890257 0.417611 -0.181778
vn -0.889837 0.445306 -0.099462
vn -0.774687 -0.615610 0.144517
vn -0.774077 -0.575366 0.264120
vn -0.899157 -0.168141 -0.404036
vn -0.897913 -0.085830 -0.431724
vn -0.762963 0.156123 0.627306
vn -0.761147 0.275711 0.587060
vn -0.902530 -0.390377 0.181783
vn -0.902951 -0.418075 0.099460
vn -0.755635 0.638852 -0.144513
vn -0.756246 0.598609 -0.264119
vn -0.894894 0.113130 0.431701
vn -0.896200 0.026934 0.442832
vn -0.765432 -0.007738 -0.643470
vn -0.767366 -0.132821 -0.627302
vn -0.757202 0.535804 -0.373577
vn -0.756246 0.598609 -0.264119
vn 0.145763 0.901859 -0.406699
vn 0.144297 0.805157 -0.575239
vn -0.770345 -0.329723 0.545757
vn -0.771864 -0.429622 0.468669
vn 0.121705 -0.681446 0.721678
vn 0.124042 -0.527617 0.840377
vn -0.756246 0.598609 -0.264119
vn -0.755635 0.638852 -0.144513
vn 0.146701 0.963825 -0.222532
vn 0.145763 0.901859 -0.406699
vn -0.771864 -0.429622 0.468669
vn -0.773124 -0.512567 0.373570
vn 0.119761 -0.809168 0.575243
vn 0.121705 -0.681446 0.721678
vn -0.755635 0.638852 -0.144513
vn -0.755391 0.654989 -0.019359
vn 0.147075 0.988676 -0.029808
vn 0.146701 0.963825 -0.222532
vn -0.773124 -0.512567 0.373570
vn -0.774077 -0.575366 0.264120
vn 0.118298 -0.905871 0.406698
vn 0.119761 -0.809168 0.575243
vn -0.755391 0.654989 -0.019359
vn -0.755518 0.646406 0.106543
vn 0.146873 0.975456 0.164057
vn 0.147075 0.988676 -0.029808
vn -0.774077 -0.575366 0.264120
vn -0.774687 -0.615610 0.144517
vn 0.117356 -0.967837 0.222531
vn 0.118298 -0.905871 0.406698
vn -0.755518 0.646406 0.106543
vn -0.756023 0.613421 0.228350
vn 0.146095 0.924673 0.351620
vn 0.146873 0.975456 0.164057
vn -0.774687 -0.615610 0.144517
vn -0.774933 -0.631747 0.019358
vn 0.116987 -0.992686 0.029807
vn 0.117356 -0.967837 0.222531
vn -0.756023 0.613421 0.228350
vn -0.756875 0.557315 0.341380
vn 0.144785 0.838276 0.525672
vn 0.146095 0.924673 0.351620
vn -0.774933 -0.631747 0.019358
vn -0.774800 -0.623164 -0.106544
vn 0.117189 -0.979465 -0.164059
vn 0.116987 -0.992686 0.029807
vn -0.756875 0.557315 0.341380
vn -0.758045 0.480237 0.441294
vn 0.142988 0.719586 0.679522
vn 0.144785 0.838276 0.525672
vn -0.774800 -0.623164 -0.106544
vn -0.774298 -0.590184 -0.228353
vn 0.117953 -0.928681 -0.351624
vn 0.117189 -0.979465 -0.164059
vn -0.758045 0.480237 0.441294
vn -0.759490 0.385146 0.524249
vn 0.140765 0.573166 0.807259
vn 0.142988 0.719586 0.679522
vn -0.774298 -0.590184 -0.228353
vn -0.773446 -0.534077 -0.341385
vn 0.119257 -0.842285 -0.525674
vn 0.117953 -0.928681 -0.351624
vn -0.759490 0.385146 0.524249
vn -0.761147 0.275711 0.587060
vn 0.138210 0.404647 0.903968
vn 0.140765 0.573166 0.807259
vn -0.765432 -0.007738 -0.643470
vn -0.763550 0.118098 -0.634858
vn 0.134482 0.162047 -0.977576
vn 0.131606 -0.031812 -0.990792
vn -0.773446 -0.534077 -0.341385
vn -0.772277 -0.457000 -0.441294
vn 0.121057 -0.723597 -0.679524
vn 0.119257 -0.842285 -0.525674
vn -0.761147 0.275711 0.587060
vn -0.762963 0.156123 0.627306
vn 0.135409 0.220500 0.965942
vn 0.138210 0.404647 0.903968
vn -0.763550 0.118098 -0.634858
vn -0.761692 0.239946 -0.601874
vn 0.137372 0.349576 -0.926782
vn 0.134482 0.162047 -0.977576
vn -0.772277 -0.457000 -0.441294
vn -0.770833 -0.361912 -0.524249
vn 0.123284 -0.577181 -0.807257
vn 0.121057 -0.723597 -0.679524
vn -0.762963 0.156123 0.627306
vn -0.764870 0.030975 0.643440
vn 0.132477 0.027799 0.990796
vn 0.135409 0.220500 0.965942
vn -0.761692 0.239946 -0.601874
vn -0.759977 0.352963 -0.545758
vn 0.140007 0.523603 -0.840379
vn 0.137372 0.349576 -0.926782
vn -0.770833 -0.361912 -0.524249
vn -0.769174 -0.252466 -0.587053
vn 0.125847 -0.408661 -0.903969
vn 0.123284 -0.577181 -0.807257
vn -0.764870 0.030975 0.643440
vn -0.766783 -0.094911 0.634851
vn 0.129530 -0.166045 0.977574
vn 0.132477 0.027799 0.990796
vn -0.759977 0.352963 -0.545758
vn -0.758462 0.452862 -0.468669
vn 0.142350 0.677438 -0.721675
vn 0.140007 0.523603 -0.840379
vn -0.769174 -0.252466 -0.587053
vn -0.767366 -0.132821 -0.627302
vn 0.128603 -0.224518 -0.965947
vn 0.125847 -0.408661 -0.903969
vn -0.766783 -0.094911 0.634851
vn -0.768629 -0.216707 0.601870
vn 0.126684 -0.353586 0.926784
vn 0.129530 -0.166045 0.977574
vn -0.758462 0.452862 -0.468669
vn -0.757202 0.535804 -0.373577
vn 0.144297 0.805157 -0.575239
vn 0.142350 0.677438 -0.721675
vn -0.767366 -0.132821 -0.627302
vn -0.765432 -0.007738 -0.643470
vn 0.131606 -0.031812 -0.990792
vn 0.128603 -0.224518 -0.965947
vn -0.768629 -0.216707 0.601870
vn -0.770345 -0.329723 0.545757
vn 0.124042 -0.527617 0.840377
vn 0.126684 -0.353586 0.926784
vn 0.147075 0.988676 -0.029808
vn 0.146873 0.975456 0.164057
vn 0.929387 0.363623 0.063387
vn 0.929464 0.368733 -0.011518
vn 0.118298 -0.905871 0.406698
vn 0.117356 -0.967837 0.222531
vn 0.917975 -0.387209 0.085977
vn 0.918342 -0.363257 0.157138
vn 0.146873 0.975456 0.164057
vn 0.146095 0.924673 0.351620
vn 0.929086 0.344009 0.135856
vn 0.929387 0.363623 0.063387
vn 0.117356 -0.967837 0.222531
vn 0.116987 -0.992686 0.029807
vn 0.917827 -0.396813 0.011516
vn 0.917975 -0.387209 0.085977
vn 0.146095 0.924673 0.351620
vn 0.144785 0.838276 0.525672
vn 0.928577 0.310635 0.203104
vn 0.929086 0.344009 0.135856
vn 0.116987 -0.992686 0.029807
vn 0.117189 -0.979465 -0.164059
vn 0.917905 -0.391703 -0.063390
vn 0.917827 -0.396813 0.011516
vn 0.144785 0.838276 0.525672
vn 0.142988 0.719586 0.679522
vn 0.927880 0.264775 0.262549
vn 0.928577 0.310635 0.203104
vn 0.117189 -0.979465 -0.164059
vn 0.117953 -0.928681 -0.351624
vn 0.918206 -0.372075 -0.135859
vn 0.917905 -0.391703 -0.063390
vn 0.142988 0.719586 0.679522
vn 0.140765 0.573166 0.807259
vn 0.927023 0.208198 0.311902
vn 0.927880 0.264775 0.262549
vn 0.117953 -0.928681 -0.351624
vn 0.119257 -0.842285 -0.525674
vn 0.918720 -0.338680 -0.203102
vn 0.918206 -0.372075 -0.135859
vn 0.140765 0.573166 0.807259
vn 0.138210 0.404647 0.903968
vn 0.926034 0.143087 0.349266
vn 0.927023 0.208198 0.311902
vn 0.131606 -0.031812 -0.990792
vn 0.134482 0.162047 -0.977576
vn 0.924608 0.049418 -0.377702
vn 0.923485 -0.025545 -0.382784
vn 0.119257 -0.842285 -0.525674
vn 0.121057 -0.723597 -0.679524
vn 0.919417 -0.292825 -0.262538
vn 0.918720 -0.338680 -0.203102
vn 0.138210 0.404647 0.903968
vn 0.135409 0.220500 0.965942
vn 0.924959 0.071936 0.373198
vn 0.926034 0.143087 0.349266
vn 0.134482 0.162047 -0.977576
vn 0.137372 0.349576 -0.926782
vn 0.925711 0.121810 -0.358081
vn 0.924608 0.049418 -0.377702
vn 0.121057 -0.723597 -0.679524
vn 0.123284 -0.577181 -0.807257
vn 0.920273 -0.236260 -0.311894
vn 0.919417 -0.292825 -0.262538
vn 0.135409 0.220500 0.965942
vn 0.132477 0.027799 0.990796
vn 0.923829 -0.002513 0.382798
vn 0.924959 0.071936 0.373198
vn 0.137372 0.349576 -0.926782
vn 0.140007 0.523603 -0.840379
vn 0.926734 0.189046 -0.324692
vn 0.925711 0.121810 -0.358081
vn 0.123284 -0.577181 -0.807257
vn 0.125847 -0.408661 -0.903969
vn 0.921258 -0.171152 -0.349271
vn 0.920273 -0.236260 -0.311894
vn 0.132477 0.027799 0.990796
vn 0.129530 -0.166045 0.977574
vn 0.922687 -0.077409 0.377700
vn 0.923829 -0.002513 0.382798
vn 0.140007 0.523603 -0.840379
vn 0.142350 0.677438 -0.721675
vn 0.927634 0.248492 -0.278830
vn 0.926734 0.189046 -0.324692
vn 0.125847 -0.408661 -0.903969
vn 0.128603 -0.224518 -0.965947
vn 0.922337 -0.100063 -0.373205
vn 0.921258 -0.171152 -0.349271
vn 0.129530 -0.166045 0.977574
vn 0.126684 -0.353586 0.926784
vn 0.921585 -0.149869 0.358079
vn 0.922687 -0.077409 0.377700
vn 0.142350 0.677438 -0.721675
vn 0.144297 0.805157 -0.575239
vn 0.928383 0.297836 -0.222257
vn 0.927634 0.248492 -0.278830
vn 0.128603 -0.224518 -0.965947
vn 0.131606 -0.031812 -0.990792
vn 0.923485 -0.025545 -0.382784
vn 0.922337 -0.100063 -0.373205
vn 0.126684 -0.353586 0.926784
vn 0.124042 -0.527617 0.840377
vn 0.920565 -0.217108 0.324691
vn 0.921585 -0.149869 0.358079
vn 0.144297 0.805157 -0.575239
vn 0.145763 0.901859 -0.406699
vn 0.928953 0.335194 -0.157137
vn 0.928383 0.297836 -0.222257
vn 0.124042 -0.527617 0.840377
vn 0.121705 -0.681446 0.721678
vn 0.919662 -0.276548 0.278826
vn 0.920565 -0.217108 0.324691
vn 0.145763 0.901859 -0.406699
vn 0.146701 0.963825 -0.222532
vn 0.929316 0.359139 -0.085976
vn 0.928953 0.335194 -0.157137
vn 0.121705 -0.681446 0.721678
vn 0.119761 -0.809168 0.575243
vn 0.918909 -0.325897 0.222256
vn 0.919662 -0.276548 0.278826
vn 0.146701 0.963825 -0.222532
vn 0.147075 0.988676 -0.029808
vn 0.929464 0.368733 -0.011518
vn 0.929316 0.359139 -0.085976
vn 0.119761 -0.809168 0.575243
vn 0.118298 -0.905871 0.406698
vn 0.918342 -0.363257 0.157138
vn 0.918909 -0.325897 0.222256
vn 0.928577 0.310635 0.203104
vn 0.927880 0.264775 0.262549
vn 0.940033 -0.254945 -0.226584
vn 0.939431 -0.294524 -0.175287
vn 0.917905 -0.391703 -0.063390
vn 0.918206 -0.372075 -0.135859
vn 0.948382 0.294660 0.117248
vn 0.948643 0.311583 0.054703
vn 0.927880 0.264775 0.262549
vn 0.927023 0.208198 0.311902
vn 0.940774 -0.206127 -0.269177
vn 0.940033 -0.254945 -0.226584
vn 0.918206 -0.372075 -0.135859
vn 0.918720 -0.338680 -0.203102
vn 0.947938 0.265870 0.175291
vn 0.948382 0.294660 0.117248
vn 0.927023 0.208198 0.311902
vn 0.926034 0.143087 0.349266
vn 0.941626 -0.149934 -0.301432
vn 0.940774 -0.206127 -0.269177
vn 0.923485 -0.025545 -0.382784
vn 0.924608 0.049418 -0.377702
vn 0.942855 -0.068965 0.325987
vn 0.943833 -0.004395 0.330393
vn 0.918720 -0.338680 -0.203102
vn 0.919417 -0.292825 -0.262538
vn 0.947337 0.226291 0.226594
vn 0.947938 0.265870 0.175291
vn 0.926034 0.143087 0.349266
vn 0.924959 0.071936 0.373198
vn 0.942555 -0.088531 -0.322105
vn 0.941626 -0.149934 -0.301432
vn 0.924608 0.049418 -0.377702
vn 0.925711 0.121810 -0.358081
vn 0.941905 -0.131570 0.309036
vn 0.942855 -0.068965 0.325987
vn 0.919417 -0.292825 -0.262538
vn 0.920273 -0.236260 -0.311894
vn 0.946599 0.177458 0.269182
vn 0.947337 0.226291 0.226594
vn 0.924959 0.071936 0.373198
vn 0.923829 -0.002513 0.382798
vn 0.943531 -0.024271 -0.330394
vn 0.942555 -0.088531 -0.322105
vn 0.925711 0.121810 -0.358081
vn 0.926734 0.189046 -0.324692
vn 0.941023 -0.189603 0.280227
vn 0.941905 -0.131570 0.309036
vn 0.920273 -0.236260 -0.311894
vn 0.921258 -0.171152 -0.349271
vn 0.945748 0.121262 0.301425
vn 0.946599 0.177458 0.269182
vn 0.923829 -0.002513 0.382798
vn 0.922687 -0.077409 0.377700
vn 0.944518 0.040365 -0.325971
vn 0.943531 -0.024271 -0.330394
vn 0.926734 0.189046 -0.324692
vn 0.927634 0.248492 -0.278830
vn 0.940246 -0.240889 0.240645
vn 0.941023 -0.189603 0.280227
vn 0.921258 -0.171152 -0.349271
vn 0.922337 -0.100063 -0.373205
vn 0.944812 0.059793 0.322110
vn 0.945748 0.121262 0.301425
vn 0.922687 -0.077409 0.377700
vn 0.921585 -0.149869 0.358079
vn 0.945468 0.102900 -0.309035
vn 0.944518 0.040365 -0.325971
vn 0.927634 0.248492 -0.278830
vn 0.928383 0.297836 -0.222257
vn 0.939599 -0.283481 0.191815
vn 0.940246 -0.240889 0.240645
vn 0.922337 -0.100063 -0.373205
vn 0.923485 -0.025545 -0.382784
vn 0.943833 -0.004395 0.330393
vn 0.944812 0.059793 0.322110
vn 0.921585 -0.149869 0.358079
vn 0.920565 -0.217108 0.324691
vn 0.946346 0.160933 -0.280230
vn 0.945468 0.102900 -0.309035
vn 0.928383 0.297836 -0.222257
vn 0.928953 0.335194 -0.157137
vn 0.939107 -0.315731 0.135616
vn 0.939599 -0.283481 0.191815
vn 0.920565 -0.217108 0.324691
vn 0.919662 -0.276548 0.278826
vn 0.947128 0.212220 -0.240647
vn 0.946346 0.160933 -0.280230
vn 0.928953 0.335194 -0.157137
vn 0.929316 0.359139 -0.085976
vn 0.938795 -0.336388 0.074204
vn 0.939107 -0.315731 0.135616
vn 0.919662 -0.276548 0.278826
vn 0.918909 -0.325897 0.222256
vn 0.947776 0.254808 -0.191815
vn 0.947128 0.212220 -0.240647
vn 0.929316 0.359139 -0.085976
vn 0.929464 0.368733 -0.011518
vn 0.938665 -0.344687 0.009940
vn 0.938795 -0.336388 0.074204
vn 0.918909 -0.325897 0.222256
vn 0.918342 -0.363257 0.157138
vn 0.948264 0.287062 -0.135615
vn 0.947776 0.254808 -0.191815
vn 0.929464 0.368733 -0.011518
vn 0.929387 0.363623 0.063387
vn 0.938730 -0.340284 -0.054707
vn 0.938665 -0.344687 0.009940
vn 0.918342 -0.363257 0.157138
vn 0.917975 -0.387209 0.085977
vn 0.948581 0.307715 -0.074203
vn 0.948264 0.287062 -0.135615
vn 0.929387 0.363623 0.063387
vn 0.929086 0.344009 0.135856
vn 0.938989 -0.323344 -0.117253
vn 0.938730 -0.340284 -0.054707
vn 0.917975 -0.387209 0.085977
vn 0.917827 -0.396813 0.011516
vn 0.948710 0.315993 -0.009940
vn 0.948581 0.307715 -0.074203
vn 0.929086 0.344009 0.135856
vn 0.928577 0.310635 0.203104
vn 0.939431 -0.294524 -0.175287
vn 0.938989 -0.323344 -0.117253
vn 0.917827 -0.396813 0.011516
vn 0.917905 -0.391703 -0.063390
vn 0.948643 0.311583 0.054703
vn 0.948710 0.315993 -0.009940
vn 0.941626 -0.149934 -0.301432
vn 0.942555 -0.088531 -0.322105
vn 0.734194 -0.163004 -0.659082
vn 0.732284 -0.288653 -0.616798
vn 0.942855 -0.068965 0.325987
vn 0.941905 -0.131570 0.309036
vn 0.732855 -0.251078 0.632363
vn 0.734801 -0.123062 0.667026
vn 0.947337 0.226291 0.226594
vn 0.946599 0.177458 0.269182
vn 0.742461 0.381268 0.550805
vn 0.743979 0.481170 0.463650
vn 0.942555 -0.088531 -0.322105
vn 0.943531 -0.024271 -0.330394
vn 0.736192 -0.031522 -0.676038
vn 0.734194 -0.163004 -0.659082
vn 0.941905 -0.131570 0.309036
vn 0.941023 -0.189603 0.280227
vn 0.731052 -0.369820 0.573407
vn 0.732855 -0.251078 0.632363
vn 0.946599 0.177458 0.269182
vn 0.945748 0.121262 0.301425
vn 0.740714 0.266283 0.616795
vn 0.742461 0.381268 0.550805
vn 0.943531 -0.024271 -0.330394
vn 0.944518 0.040365 -0.325971
vn 0.738200 0.100743 -0.667017
vn 0.736192 -0.031522 -0.676038
vn 0.941023 -0.189603 0.280227
vn 0.940246 -0.240889 0.240645
vn 0.729457 -0.474786 0.492413
vn 0.731052 -0.369820 0.573407
vn 0.945748 0.121262 0.301425
vn 0.944812 0.059793 0.322110
vn 0.738805 0.140578 0.659094
vn 0.740714 0.266283 0.616795
vn 0.944518 0.040365 -0.325971
vn 0.945468 0.102900 -0.309035
vn 0.740142 0.228705 -0.632363
vn 0.738200 0.100743 -0.667017
vn 0.940246 -0.240889 0.240645
vn 0.939599 -0.283481 0.191815
vn 0.728133 -0.561930 0.392501
vn 0.729457 -0.474786 0.492413
vn 0.944812 0.059793 0.322110
vn 0.943833 -0.004395 0.330393
vn 0.736801 0.009150 0.676048
vn 0.738805 0.140578 0.659094
vn 0.945468 0.102900 -0.309035
vn 0.946346 0.160933 -0.280230
vn 0.741946 0.347450 -0.573406
vn 0.740142 0.228705 -0.632363
vn 0.939599 -0.283481 0.191815
vn 0.939107 -0.315731 0.135616
vn 0.727132 -0.627911 0.277502
vn 0.728133 -0.561930 0.392501
vn 0.946346 0.160933 -0.280230
vn 0.947128 0.212220 -0.240647
vn 0.743541 0.452411 -0.492414
vn 0.741946 0.347450 -0.573406
vn 0.939107 -0.315731 0.135616
vn 0.938795 -0.336388 0.074204
vn 0.726490 -0.670193 0.151836
vn 0.727132 -0.627911 0.277502
vn 0.947128 0.212220 -0.240647
vn 0.947776 0.254808 -0.191815
vn 0.744865 0.539556 -0.392499
vn 0.743541 0.452411 -0.492414
vn 0.938795 -0.336388 0.074204
vn 0.938665 -0.344687 0.009940
vn 0.726232 -0.687149 0.020340
vn 0.726490 -0.670193 0.151836
vn 0.947776 0.254808 -0.191815
vn 0.948264 0.287062 -0.135615
vn 0.745865 0.605541 -0.277498
vn 0.744865 0.539556 -0.392499
vn 0.938665 -0.344687 0.009940
vn 0.938730 -0.340284 -0.054707
vn 0.726369 -0.678127 -0.111942
vn 0.726232 -0.687149 0.020340
vn 0.948264 0.287062 -0.135615
vn 0.948581 0.307715 -0.074203
vn 0.746506 0.647823 -0.151836
vn 0.745865 0.605541 -0.277498
vn 0.938730 -0.340284 -0.054707
vn 0.938989 -0.323344 -0.117253
vn 0.726895 -0.643477 -0.239920
vn 0.726369 -0.678127 -0.111942
vn 0.948581 0.307715 -0.074203
vn 0.948710 0.315993 -0.009940
vn 0.746765 0.664777 -0.020338
vn 0.746506 0.647823 -0.151836
vn 0.938989 -0.323344 -0.117253
vn 0.939431 -0.294524 -0.175287
vn 0.727790 -0.584527 -0.358677
vn 0.726895 -0.643477 -0.239920
vn 0.948710 0.315993 -0.009940
vn 0.948643 0.311583 0.054703
vn 0.746629 0.655755 0.111941
vn 0.746765 0.664777 -0.020338
vn 0.939431 -0.294524 -0.175287
vn 0.940033 -0.254945 -0.226584
vn 0.729020 -0.503544 -0.463653
vn 0.727790 -0.584527 -0.358677
vn 0.948643 0.311583 0.054703
vn 0.948382 0.294660 0.117248
vn 0.746103 0.621103 0.239918
vn 0.746629 0.655755 0.111941
vn 0.940033 -0.254945 -0.226584
vn 0.940774 -0.206127 -0.269177
vn 0.730538 -0.403640 -0.550808
vn 0.729020 -0.503544 -0.463653
vn 0.948382 0.294660 0.117248
vn 0.947938 0.265870 0.175291
vn 0.745209 0.562153 0.358676
vn 0.746103 0.621103 0.239918
vn 0.940774 -0.206127 -0.269177
vn 0.941626 -0.149934 -0.301432
vn 0.732284 -0.288653 -0.616798
vn 0.730538 -0.403640 -0.550808
vn 0.943833 -0.004395 0.330393
vn 0.942855 -0.068965 0.325987
vn 0.734801 -0.123062 0.667026
vn 0.736801 0.009150 0.676048
vn 0.947938 0.265870 0.175291
vn 0.947337 0.226291 0.226594
vn 0.743979 0.481170 0.463650
vn 0.745209 0.562153 0.358676
vn 0.738200 0.100743 -0.667017
vn 0.740142 0.228705 -0.632363
vn 0.610179 0.272948 -0.743762
vn 0.607892 0.122444 -0.784522
vn 0.729457 -0.474786 0.492413
vn 0.728133 -0.561930 0.392501
vn 0.596054 -0.656967 0.461642
vn 0.597612 -0.554469 0.579159
vn 0.738805 0.140578 0.659094
vn 0.736801 0.009150 0.676048
vn 0.606257 0.014717 0.795133
vn 0.608598 0.169316 0.775203
vn 0.740142 0.228705 -0.632363
vn 0.741946 0.347450 -0.573406
vn 0.612299 0.412612 -0.674419
vn 0.610179 0.272948 -0.743762
vn 0.728133 -0.561930 0.392501
vn 0.727132 -0.627911 0.277502
vn 0.594877 -0.734571 0.326384
vn 0.596054 -0.656967 0.461642
vn 0.741946 0.347450 -0.573406
vn 0.743541 0.452411 -0.492414
vn 0.614173 0.536065 -0.579160
vn 0.612299 0.412612 -0.674419
vn 0.727132 -0.627911 0.277502
vn 0.726490 -0.670193 0.151836
vn 0.594121 -0.784301 0.178585
vn 0.594877 -0.734571 0.326384
vn 0.743541 0.452411 -0.492414
vn 0.744865 0.539556 -0.392499
vn 0.615731 0.638561 -0.461643
vn 0.614173 0.536065 -0.579160
vn 0.726490 -0.670193 0.151836
vn 0.726232 -0.687149 0.020340
vn 0.593818 -0.804244 0.023924
vn 0.594121 -0.784301 0.178585
vn 0.744865 0.539556 -0.392499
vn 0.745865 0.605541 -0.277498
vn 0.616910 0.716168 -0.326383
vn 0.615731 0.638561 -0.461643
vn 0.726232 -0.687149 0.020340
vn 0.726369 -0.678127 -0.111942
vn 0.593979 -0.793633 -0.131663
vn 0.593818 -0.804244 0.023924
vn 0.745865 0.605541 -0.277498
vn 0.746506 0.647823 -0.151836
vn 0.617665 0.765897 -0.178584
vn 0.616910 0.716168 -0.326383
vn 0.726369 -0.678127 -0.111942
vn 0.726895 -0.643477 -0.239920
vn 0.594598 -0.752878 -0.282184
vn 0.593979 -0.793633 -0.131663
vn 0.746506 0.647823 -0.151836
vn 0.746765 0.664777 -0.020338
vn 0.617968 0.785839 -0.023921
vn 0.617665 0.765897 -0.178584
vn 0.726895 -0.643477 -0.239920
vn 0.727790 -0.584527 -0.358677
vn 0.595652 -0.683543 -0.421861
vn 0.594598 -0.752878 -0.282184
vn 0.746765 0.664777 -0.020338
vn 0.746629 0.655755 0.111941
vn 0.617807 0.775229 0.131661
vn 0.617968 0.785839 -0.023921
vn 0.727790 -0.584527 -0.358677
vn 0.729020 -0.503544 -0.463653
vn 0.597097 -0.588296 -0.545328
vn 0.595652 -0.683543 -0.421861
vn 0.746629 0.655755 0.111941
vn 0.746103 0.621103 0.239918
vn 0.617187 0.734474 0.282183
vn 0.617807 0.775229 0.131661
vn 0.729020 -0.503544 -0.463653
vn 0.730538 -0.403640 -0.550808
vn 0.598882 -0.470792 -0.647839
vn 0.597097 -0.588296 -0.545328
vn 0.746103 0.621103 0.239918
vn 0.745209 0.562153 0.358676
vn 0.616134 0.665139 0.421864
vn 0.617187 0.734474 0.282183
vn 0.730538 -0.403640 -0.550808
vn 0.732284 -0.288653 -0.616798
vn 0.600936 -0.335545 -0.725455
vn 0.598882 -0.470792 -0.647839
vn 0.736801 0.009150 0.676048
vn 0.734801 -0.123062 0.667026
vn 0.603890 -0.140806 0.784532
vn 0.606257 0.014717 0.795133
vn 0.745209 0.562153 0.358676
vn 0.743979 0.481170 0.463650
vn 0.614688 0.569889 0.545331
vn 0.616134 0.665139 0.421864
vn 0.732284 -0.288653 -0.616798
vn 0.734194 -0.163004 -0.659082
vn 0.603180 -0.187767 -0.775189
vn 0.600936 -0.335545 -0.725455
vn 0.734801 -0.123062 0.667026
vn 0.732855 -0.251078 0.632363
vn 0.601607 -0.291355 0.743762
vn 0.603890 -0.140806 0.784532
vn 0.743979 0.481170 0.463650
vn 0.742461 0.381268 0.550805
vn 0.612903 0.452390 0.647838
vn 0.614688 0.569889 0.545331
vn 0.734194 -0.163004 -0.659082
vn 0.736192 -0.031522 -0.676038
vn 0.605529 -0.033124 -0.795133
vn 0.603180 -0.187767 -0.775189
vn 0.732855 -0.251078 0.632363
vn 0.731052 -0.369820 0.573407
vn 0.599487 -0.431014 0.674420
vn 0.601607 -0.291355 0.743762
vn 0.742461 0.381268 0.550805
vn 0.740714 0.266283 0.616795
vn 0.610851 0.317146 0.725452
vn 0.612903 0.452390 0.647838
vn 0.736192 -0.031522 -0.676038
vn 0.738200 0.100743 -0.667017
vn 0.607892 0.122444 -0.784522
vn 0.605529 -0.033124 -0.795133
vn 0.731052 -0.369820 0.573407
vn 0.729457 -0.474786 0.492413
vn 0.597612 -0.554469 0.579159
vn 0.599487 -0.431014 0.674420
vn 0.740714 0.266283 0.616795
vn 0.738805 0.140578 0.659094
vn 0.608598 0.169316 0.775203
vn 0.610851 0.317146 0.725452
vn 0.614173 0.536065 -0.579160
vn 0.615731 0.638561 -0.461643
vn 0.379548 0.751530 -0.539580
vn 0.377728 0.631730 -0.676933
vn 0.594121 -0.784301 0.178585
vn 0.593818 -0.804244 0.023924
vn 0.353936 -0.934852 0.027962
vn 0.354289 -0.911543 0.208733
vn 0.615731 0.638561 -0.461643
vn 0.616910 0.716168 -0.326383
vn 0.380925 0.842238 -0.381485
vn 0.379548 0.751530 -0.539580
vn 0.593818 -0.804244 0.023924
vn 0.593979 -0.793633 -0.131663
vn 0.354123 -0.922450 -0.153890
vn 0.353936 -0.934852 0.027962
vn 0.616910 0.716168 -0.326383
vn 0.617665 0.765897 -0.178584
vn 0.381807 0.900363 -0.208733
vn 0.380925 0.842238 -0.381485
vn 0.593979 -0.793633 -0.131663
vn 0.594598 -0.752878 -0.282184
vn 0.354847 -0.874815 -0.329823
vn 0.354123 -0.922450 -0.153890
vn 0.617665 0.765897 -0.178584
vn 0.617968 0.785839 -0.023921
vn 0.382161 0.923673 -0.027959
vn 0.381807 0.900363 -0.208733
vn 0.594598 -0.752878 -0.282184
vn 0.595652 -0.683543 -0.421861
vn 0.356078 -0.793777 -0.493078
vn 0.354847 -0.874815 -0.329823
vn 0.617968 0.785839 -0.023921
vn 0.617807 0.775229 0.131661
vn 0.381974 0.911271 0.153888
vn 0.382161 0.923673 -0.027959
vn 0.595652 -0.683543 -0.421861
vn 0.597097 -0.588296 -0.545328
vn 0.357769 -0.682450 -0.637389
vn 0.356078 -0.793777 -0.493078
vn 0.617807 0.775229 0.131661
vn 0.617187 0.734474 0.282183
vn 0.381250 0.863636 0.329821
vn 0.381974 0.911271 0.153888
vn 0.597097 -0.588296 -0.545328
vn 0.598882 -0.470792 -0.647839
vn 0.359854 -0.545103 -0.757211
vn 0.357769 -0.682450 -0.637389
vn 0.617187 0.734474 0.282183
vn 0.616134 0.665139 0.421864
vn 0.380019 0.782592 0.493087
vn 0.381250 0.863636 0.329821
vn 0.598882 -0.470792 -0.647839
vn 0.600936 -0.335545 -0.725455
vn 0.362254 -0.387024 -0.847929
vn 0.359854 -0.545103 -0.757211
vn 0.606257 0.014717 0.795133
vn 0.603890 -0.140806 0.784532
vn 0.365707 -0.159434 0.916973
vn 0.368478 0.022363 0.929367
vn 0.616134 0.665139 0.421864
vn 0.614688 0.569889 0.545331
vn 0.378328 0.671262 0.637397
vn 0.380019 0.782592 0.493087
vn 0.600936 -0.335545 -0.725455
vn 0.603180 -0.187767 -0.775189
vn 0.364878 -0.214299 -0.906057
vn 0.362254 -0.387024 -0.847929
vn 0.603890 -0.140806 0.784532
vn 0.601607 -0.291355 0.743762
vn 0.363040 -0.335374 0.869325
vn 0.365707 -0.159434 0.916973
vn 0.614688 0.569889 0.545331
vn 0.612903 0.452390 0.647838
vn 0.376243 0.533931 0.757205
vn 0.378328 0.671262 0.637397
vn 0.603180 -0.187767 -0.775189
vn 0.605529 -0.033124 -0.795133
vn 0.367624 -0.033545 -0.929369
vn 0.364878 -0.214299 -0.906057
vn 0.601607 -0.291355 0.743762
vn 0.599487 -0.431014 0.674420
vn 0.360560 -0.498615 0.788276
vn 0.363040 -0.335374 0.869325
vn 0.612903 0.452390 0.647838
vn 0.610851 0.317146 0.725452
vn 0.373841 0.375858 0.847923
vn 0.376243 0.533931 0.757205
vn 0.605529 -0.033124 -0.795133
vn 0.607892 0.122444 -0.784522
vn 0.370386 0.148280 -0.916966
vn 0.367624 -0.033545 -0.929369
vn 0.599487 -0.431014 0.674420
vn 0.597612 -0.554469 0.579159
vn 0.358369 -0.642909 0.676934
vn 0.360560 -0.498615 0.788276
vn 0.610851 0.317146 0.725452
vn 0.608598 0.169316 0.775203
vn 0.371213 0.203091 0.906065
vn 0.373841 0.375858 0.847923
vn 0.607892 0.122444 -0.784522
vn 0.610179 0.272948 -0.743762
vn 0.373058 0.324189 -0.869327
vn 0.370386 0.148280 -0.916966
vn 0.597612 -0.554469 0.579159
vn 0.596054 -0.656967 0.461642
vn 0.356549 -0.762712 0.539577
vn 0.358369 -0.642909 0.676934
vn 0.608598 0.169316 0.775203
vn 0.606257 0.014717 0.795133
vn 0.368478 0.022363 0.929367
vn 0.371213 0.203091 0.906065
vn 0.610179 0.272948 -0.743762
vn 0.612299 0.412612 -0.674419
vn 0.375536 0.487436 -0.788276
vn 0.373058 0.324189 -0.869327
vn 0.596054 -0.656967 0.461642
vn 0.594877 -0.734571 0.326384
vn 0.355172 -0.853418 0.381486
vn 0.356549 -0.762712 0.539577
vn 0.612299 0.412612 -0.674419
vn 0.614173 0.536065 -0.579160
vn 0.377728 0.631730 -0.676933
vn 0.375536 0.487436 -0.788276
vn 0.594877 -0.734571 0.326384
vn 0.594121 -0.784301 0.178585
vn 0.354289 -0.911543 0.208733
vn 0.355172 -0.853418 0.381486
vn 0.381807 0.900363 -0.208733
vn 0.382161 0.923673 -0.027959
vn 0.186513 0.982006 -0.029624
vn 0.186138 0.957308 -0.221167
vn 0.354847 -0.874815 -0.329823
vn 0.356078 -0.793777 -0.493078
vn 0.158875 -0.837741 -0.522445
vn 0.157572 -0.923603 -0.349470
vn 0.382161 0.923673 -0.027959
vn 0.381974 0.911271 0.153888
vn 0.186314 0.968865 0.163056
vn 0.186513 0.982006 -0.029624
vn 0.356078 -0.793777 -0.493078
vn 0.357769 -0.682450 -0.637389
vn 0.160668 -0.719780 -0.675354
vn 0.158875 -0.837741 -0.522445
vn 0.381974 0.911271 0.153888
vn 0.381250 0.863636 0.329821
vn 0.185546 0.918393 0.349466
vn 0.186314 0.968865 0.163056
vn 0.357769 -0.682450 -0.637389
vn 0.359854 -0.545103 -0.757211
vn 0.162878 -0.574249 -0.802315
vn 0.160668 -0.719780 -0.675354
vn 0.381250 0.863636 0.329821
vn 0.380019 0.782592 0.493087
vn 0.184244 0.832519 0.522462
vn 0.185546 0.918393 0.349466
vn 0.359854 -0.545103 -0.757211
vn 0.362254 -0.387024 -0.847929
vn 0.165421 -0.406765 -0.898431
vn 0.162878 -0.574249 -0.802315
vn 0.368478 0.022363 0.929367
vn 0.365707 -0.159434 0.916973
vn 0.169081 -0.165616 0.971588
vn 0.172015 0.026997 0.984724
vn 0.380019 0.782592 0.493087
vn 0.378328 0.671262 0.637397
vn 0.182450 0.714558 0.675365
vn 0.184244 0.832519 0.522462
vn 0.362254 -0.387024 -0.847929
vn 0.364878 -0.214299 -0.906057
vn 0.168201 -0.223745 -0.960024
vn 0.165421 -0.406765 -0.898431
vn 0.365707 -0.159434 0.916973
vn 0.363040 -0.335374 0.869325
vn 0.166252 -0.352025 0.921107
vn 0.169081 -0.165616 0.971588
vn 0.378328 0.671262 0.637397
vn 0.376243 0.533931 0.757205
vn 0.180241 0.569059 0.802300
vn 0.182450 0.714558 0.675365
vn 0.364878 -0.214299 -0.906057
vn 0.367624 -0.033545 -0.929369
vn 0.171109 -0.032220 -0.984725
vn 0.168201 -0.223745 -0.960024
vn 0.363040 -0.335374 0.869325
vn 0.360560 -0.498615 0.788276
vn 0.163625 -0.525002 0.835224
vn 0.166252 -0.352025 0.921107
vn 0.376243 0.533931 0.757205
vn 0.373841 0.375858 0.847923
vn 0.177698 0.401571 0.898423
vn 0.180241 0.569059 0.802300
vn 0.367624 -0.033545 -0.929369
vn 0.370386 0.148280 -0.916966
vn 0.174035 0.160428 -0.971584
vn 0.171109 -0.032220 -0.984725
vn 0.360560 -0.498615 0.788276
vn 0.358369 -0.642909 0.676934
vn 0.161303 -0.677888 0.717251
vn 0.163625 -0.525002 0.835224
vn 0.373841 0.375858 0.847923
vn 0.371213 0.203091 0.906065
vn 0.174914 0.218510 0.960030
vn 0.177698 0.401571 0.898423
vn 0.370386 0.148280 -0.916966
vn 0.373058 0.324189 -0.869327
vn 0.176866 0.346812 -0.921108
vn 0.174035 0.160428 -0.971584
vn 0.358369 -0.642909 0.676934
vn 0.356549 -0.762712 0.539577
vn 0.159376 -0.804825 0.571713
vn 0.161303 -0.677888 0.717251
vn 0.371213 0.203091 0.906065
vn 0.368478 0.022363 0.929367
vn 0.172015 0.026997 0.984724
vn 0.174914 0.218510 0.960030
vn 0.373058 0.324189 -0.869327
vn 0.375536 0.487436 -0.788276
vn 0.179493 0.519784 -0.835229
vn 0.176866 0.346812 -0.921108
vn 0.356549 -0.762712 0.539577
vn 0.355172 -0.853418 0.381486
vn 0.157916 -0.900931 0.404211
vn 0.159376 -0.804825 0.571713
vn 0.375536 0.487436 -0.788276
vn 0.377728 0.631730 -0.676933
vn 0.181814 0.672677 -0.717251
vn 0.179493 0.519784 -0.835229
vn 0.355172 -0.853418 0.381486
vn 0.354289 -0.911543 0.208733
vn 0.156981 -0.962519 0.221167
vn 0.157916 -0.900931 0.404211
vn 0.377728 0.631730 -0.676933
vn 0.379548 0.751530 -0.539580
vn 0.183743 0.799612 -0.571717
vn 0.181814 0.672677 -0.717251
vn 0.354289 -0.911543 0.208733
vn 0.353936 -0.934852 0.027962
vn 0.156605 -0.987217 0.029626
vn 0.156981 -0.962519 0.221167
vn 0.379548 0.751530 -0.539580
vn 0.380925 0.842238 -0.381485
vn 0.185203 0.895721 -0.404208
vn 0.183743 0.799612 -0.571717
vn 0.353936 -0.934852 0.027962
vn 0.354123 -0.922450 -0.153890
vn 0.156805 -0.974077 -0.163054
vn 0.156605 -0.987217 0.029626
vn 0.380925 0.842238 -0.381485
vn 0.381807 0.900363 -0.208733
vn 0.186138 0.957308 -0.221167
vn 0.185203 0.895721 -0.404208
vn 0.354123 -0.922450 -0.153890
vn 0.354847 -0.874815 -0.329823
vn 0.157572 -0.923603 -0.349470
vn 0.156805 -0.974077 -0.163054
vn 0.185203 0.895721 -0.404208
vn 0.186138 0.957308 -0.221167
vn 0.058553 0.972764 -0.224283
vn 0.057604 0.910311 -0.409898
vn 0.156805 -0.974077 -0.163054
vn 0.157572 -0.923603 -0.349470
vn 0.029584 -0.934629 -0.354392
vn 0.028806 -0.985814 -0.165349
vn 0.186138 0.957308 -0.221167
vn 0.186513 0.982006 -0.029624
vn 0.058933 0.997810 -0.030043
vn 0.058553 0.972764 -0.224283
vn 0.157572 -0.923603 -0.349470
vn 0.158875 -0.837741 -0.522445
vn 0.030906 -0.847557 -0.529803
vn 0.029584 -0.934629 -0.354392
vn 0.186513 0.982006 -0.029624
vn 0.186314 0.968865 0.163056
vn 0.058731 0.984484 0.165356
vn 0.058933 0.997810 -0.030043
vn 0.158875 -0.837741 -0.522445
vn 0.160668 -0.719780 -0.675354
vn 0.032723 -0.727933 -0.684867
vn 0.030906 -0.847557 -0.529803
vn 0.186314 0.968865 0.163056
vn 0.185546 0.918393 0.349466
vn 0.057953 0.933302 0.354386
vn 0.058731 0.984484 0.165356
vn 0.160668 -0.719780 -0.675354
vn 0.162878 -0.574249 -0.802315
vn 0.034965 -0.580355 -0.813613
vn 0.032723 -0.727933 -0.684867
vn 0.185546 0.918393 0.349466
vn 0.184244 0.832519 0.522462
vn 0.056631 0.846220 0.529816
vn 0.057953 0.933302 0.354386
vn 0.162878 -0.574249 -0.802315
vn 0.165421 -0.406765 -0.898431
vn 0.037544 -0.410523 -0.911077
vn 0.034965 -0.580355 -0.813613
vn 0.172015 0.026997 0.984724
vn 0.169081 -0.165616 0.971588
vn 0.041254 -0.165974 0.985267
vn 0.044232 0.029347 0.998590
vn 0.184244 0.832519 0.522462
vn 0.182450 0.714558 0.675365
vn 0.054814 0.726599 0.684871
vn 0.056631 0.846220 0.529816
vn 0.165421 -0.406765 -0.898431
vn 0.168201 -0.223745 -0.960024
vn 0.040362 -0.224928 -0.973539
vn 0.037544 -0.410523 -0.911077
vn 0.169081 -0.165616 0.971588
vn 0.166252 -0.352025 0.921107
vn 0.038388 -0.355003 0.934077
vn 0.041254 -0.165974 0.985267
vn 0.182450 0.714558 0.675365
vn 0.180241 0.569059 0.802300
vn 0.052573 0.579049 0.813596
vn 0.054814 0.726599 0.684871
vn 0.168201 -0.223745 -0.960024
vn 0.171109 -0.032220 -0.984725
vn 0.043312 -0.030701 -0.998590
vn 0.040362 -0.224928 -0.973539
vn 0.166252 -0.352025 0.921107
vn 0.163625 -0.525002 0.835224
vn 0.035723 -0.530422 0.846981
vn 0.038388 -0.355003 0.934077
vn 0.180241 0.569059 0.802300
vn 0.177698 0.401571 0.898423
vn 0.049994 0.409203 0.911073
vn 0.052573 0.579049 0.813596
vn 0.171109 -0.032220 -0.984725
vn 0.174035 0.160428 -0.971584
vn 0.046279 0.164671 -0.985262
vn 0.043312 -0.030701 -0.998590
vn 0.163625 -0.525002 0.835224
vn 0.161303 -0.677888 0.717251
vn 0.033368 -0.685453 0.727352
vn 0.035723 -0.530422 0.846981
vn 0.177698 0.401571 0.898423
vn 0.174914 0.218510 0.960030
vn 0.047171 0.223571 0.973546
vn 0.049994 0.409203 0.911073
vn 0.174035 0.160428 -0.971584
vn 0.176866 0.346812 -0.921108
vn 0.049150 0.353676 -0.934076
vn 0.046279 0.164671 -0.985262
vn 0.161303 -0.677888 0.717251
vn 0.159376 -0.804825 0.571713
vn 0.031414 -0.814177 0.579767
vn 0.033368 -0.685453 0.727352
vn 0.174914 0.218510 0.960030
vn 0.172015 0.026997 0.984724
vn 0.044232 0.029347 0.998590
vn 0.047171 0.223571 0.973546
vn 0.176866 0.346812 -0.921108
vn 0.179493 0.519784 -0.835229
vn 0.051814 0.529076 -0.846991
vn 0.049150 0.353676 -0.934076
vn 0.159376 -0.804825 0.571713
vn 0.157916 -0.900931 0.404211
vn 0.029933 -0.911639 0.409901
vn 0.031414 -0.814177 0.579767
vn 0.179493 0.519784 -0.835229
vn 0.181814 0.672677 -0.717251
vn 0.054169 0.684129 -0.727346
vn 0.051814 0.529076 -0.846991
vn 0.157916 -0.900931 0.404211
vn 0.156981 -0.962519 0.221167
vn 0.028985 -0.974093 0.224281
vn 0.029933 -0.911639 0.409901
vn 0.181814 0.672677 -0.717251
vn 0.183743 0.799612 -0.571717
vn 0.056124 0.812853 -0.579759
vn 0.054169 0.684129 -0.727346
vn 0.156981 -0.962519 0.221167
vn 0.156605 -0.987217 0.029626
vn 0.028604 -0.999139 0.030042
vn 0.028985 -0.974093 0.224281
vn 0.183743 0.799612 -0.571717
vn 0.185203 0.895721 -0.404208
vn 0.057604 0.910311 -0.409898
vn 0.056124 0.812853 -0.579759
vn 0.156605 -0.987217 0.029626
vn 0.156805 -0.974077 -0.163054
vn 0.028806 -0.985814 -0.165349
vn 0.028604 -0.999139 0.030042
vn 0.058933 0.997810 -0.030043
vn 0.058731 0.984484 0.165356
vn 0.014977 0.986094 0.165515
vn 0.015179 0.999432 -0.030073
vn 0.030906 -0.847557 -0.529803
vn 0.032723 -0.727933 -0.684867
vn -0.011056 -0.727964 -0.685527
vn -0.012875 -0.847704 -0.530313
vn 0.058731 0.984484 0.165356
vn 0.057953 0.933302 0.354386
vn 0.014199 0.934863 0.354725
vn 0.014977 0.986094 0.165515
vn 0.032723 -0.727933 -0.684867
vn 0.034965 -0.580355 -0.813613
vn -0.008813 -0.580247 -0.814393
vn -0.011056 -0.727964 -0.685527
vn 0.057953 0.933302 0.354386
vn 0.056631 0.846220 0.529816
vn 0.012875 0.847699 0.530321
vn 0.014199 0.934863 0.354725
vn 0.034965 -0.580355 -0.813613
vn 0.037544 -0.410523 -0.911077
vn -0.006231 -0.410255 -0.911949
vn -0.008813 -0.580247 -0.814393
vn 0.044232 0.029347 0.998590
vn 0.041254 -0.165974 0.985267
vn -0.002514 -0.165476 0.986211
vn 0.000456 0.030042 0.999549
vn 0.056631 0.846220 0.529816
vn 0.054814 0.726599 0.684871
vn 0.011056 0.727965 0.685525
vn 0.012875 0.847699 0.530321
vn 0.037544 -0.410523 -0.911077
vn 0.040362 -0.224928 -0.973539
vn -0.003409 -0.224487 -0.974471
vn -0.006231 -0.410255 -0.911949
vn 0.041254 -0.165974 0.985267
vn 0.038388 -0.355003 0.934077
vn -0.005387 -0.354683 0.934971
vn -0.002514 -0.165476 0.986211
vn 0.054814 0.726599 0.684871
vn 0.052573 0.579049 0.813596
vn 0.008813 0.580265 0.814380
vn 0.011056 0.727965 0.685525
vn 0.040362 -0.224928 -0.973539
vn 0.043312 -0.030701 -0.998590
vn -0.000456 -0.030072 -0.999548
vn -0.003409 -0.224487 -0.974471
vn 0.038388 -0.355003 0.934077
vn 0.035723 -0.530422 0.846981
vn -0.008054 -0.530267 0.847792
vn -0.005387 -0.354683 0.934971
vn 0.052573 0.579049 0.813596
vn 0.049994 0.409203 0.911073
vn 0.006231 0.410256 0.911949
vn 0.008813 0.580265 0.814380
vn 0.043312 -0.030701 -0.998590
vn 0.046279 0.164671 -0.985262
vn 0.002514 0.165499 -0.986207
vn -0.000456 -0.030072 -0.999548
vn 0.035723 -0.530422 0.846981
vn 0.033368 -0.685453 0.727352
vn -0.010411 -0.685442 0.728053
vn -0.008054 -0.530267 0.847792
vn 0.049994 0.409203 0.911073
vn 0.047171 0.223571 0.973546
vn 0.003410 0.224460 0.974477
vn 0.006231 0.410256 0.911949
vn 0.046279 0.164671 -0.985262
vn 0.049150 0.353676 -0.934076
vn 0.005387 0.354683 -0.934971
vn 0.002514 0.165499 -0.986207
vn 0.033368 -0.685453 0.727352
vn 0.031414 -0.814177 0.579767
vn -0.012367 -0.814290 0.580326
vn -0.010411 -0.685442 0.728053
vn 0.047171 0.223571 0.973546
vn 0.044232 0.029347 0.998590
vn 0.000456 0.030042 0.999549
vn 0.003410 0.224460 0.974477
vn 0.049150 0.353676 -0.934076
vn 0.051814 0.529076 -0.846991
vn 0.008054 0.530247 -0.847805
vn 0.005387 0.354683 -0.934971
vn 0.031414 -0.814177 0.579767
vn 0.029933 -0.911639 0.409901
vn -0.013849 -0.911850 0.410291
vn -0.012367 -0.814290 0.580326
vn 0.051814 0.529076 -0.846991
vn 0.054169 0.684129 -0.727346
vn 0.010411 0.685453 -0.728042
vn 0.008054 0.530247 -0.847805
vn 0.029933 -0.911639 0.409901
vn 0.028985 -0.974093 0.224281
vn -0.014798 -0.974363 0.224495
vn -0.013849 -0.911850 0.410291
vn 0.054169 0.684129 -0.727346
vn 0.056124 0.812853 -0.579759
vn 0.012367 0.814300 -0.580312
vn 0.010411 0.685453 -0.728042
vn 0.028985 -0.974093 0.224281
vn 0.028604 -0.999139 0.030042
vn -0.015179 -0.999433 0.030072
vn -0.014798 -0.974363 0.224495
vn 0.056124 0.812853 -0.579759
vn 0.057604 0.910311 -0.409898
vn 0.013849 0.911850 -0.410291
vn 0.012367 0.814300 -0.580312
vn 0.028604 -0.999139 0.030042
vn 0.028806 -0.985814 -0.165349
vn -0.014976 -0.986095 -0.165508
vn -0.015179 -0.999433 0.030072
vn 0.057604 0.910311 -0.409898
vn 0.058553 0.972764 -0.224283
vn 0.014798 0.974362 -0.224499
vn 0.013849 0.911850 -0.410291
vn 0.028806 -0.985814 -0.165349
vn 0.029584 -0.934629 -0.354392
vn -0.014198 -0.934861 -0.354730
vn -0.014976 -0.986095 -0.165508
vn 0.058553 0.972764 -0.224283
vn 0.058933 0.997810 -0.030043
vn 0.015179 0.999432 -0.030073
vn 0.014798 0.974362 -0.224499
vn 0.029584 -0.934629 -0.354392
vn 0.030906 -0.847557 -0.529803
vn -0.012875 -0.847704 -0.530313
vn -0.014198 -0.934861 -0.354730
vn -0.615844 0.331047 0.714943
vn -0.618059 0.185405 0.763956
vn -0.726492 0.164744 0.667135
vn -0.724567 0.291923 0.624326
vn -0.614417 0.425134 -0.664645
vn -0.612568 0.546796 -0.570767
vn -0.721733 0.480305 -0.498406
vn -0.723339 0.374069 -0.580390
vn -0.632472 -0.763638 -0.129755
vn -0.631861 -0.723473 -0.278096
vn -0.738570 -0.628922 -0.242843
vn -0.739101 -0.663997 -0.113302
vn -0.618059 0.185405 0.763956
vn -0.620372 0.033002 0.783613
vn -0.728505 0.031654 0.684309
vn -0.726492 0.164744 0.667135
vn -0.612568 0.546796 -0.570767
vn -0.611035 0.647806 -0.454955
vn -0.720374 0.568526 -0.397291
vn -0.721733 0.480305 -0.498406
vn -0.631861 -0.723473 -0.278096
vn -0.630824 -0.655143 -0.415752
vn -0.737661 -0.569257 -0.363047
vn -0.738570 -0.628922 -0.242843
vn -0.620372 0.033002 0.783613
vn -0.622701 -0.120308 0.773155
vn -0.730551 -0.102223 0.675164
vn -0.728505 0.031654 0.684309
vn -0.611035 0.647806 -0.454955
vn -0.609873 0.724288 -0.321655
vn -0.719363 0.635309 -0.280892
vn -0.720374 0.568526 -0.397291
vn -0.622701 -0.120308 0.773155
vn -0.624953 -0.268639 0.732985
vn -0.732554 -0.231740 0.640048
vn -0.730551 -0.102223 0.675164
vn -0.630824 -0.655143 -0.415752
vn -0.629398 -0.561276 -0.537427
vn -0.736423 -0.487282 -0.469295
vn -0.737661 -0.569257 -0.363047
vn -0.609873 0.724288 -0.321655
vn -0.609129 0.773296 -0.175997
vn -0.718725 0.678097 -0.153683
vn -0.719363 0.635309 -0.280892
vn -0.624953 -0.268639 0.732985
vn -0.627043 -0.406275 0.664648
vn -0.734386 -0.351918 0.580372
vn -0.732554 -0.231740 0.640048
vn -0.629398 -0.561276 -0.537427
vn -0.627640 -0.445476 -0.638451
vn -0.734881 -0.386159 -0.557522
vn -0.736423 -0.487282 -0.469295
vn -0.609129 0.773296 -0.175997
vn -0.608830 0.792950 -0.023575
vn -0.718457 0.695267 -0.020586
vn -0.718725 0.678097 -0.153683
vn -0.627640 -0.445476 -0.638451
vn -0.625615 -0.312190 -0.714943
vn -0.733105 -0.269779 -0.624321
vn -0.734881 -0.386159 -0.557522
vn -0.627043 -0.406275 0.664648
vn -0.628892 -0.527937 0.570770
vn -0.735976 -0.458166 0.498421
vn -0.734386 -0.351918 0.580372
vn -0.608830 0.792950 -0.023575
vn -0.608989 0.782494 0.129754
vn -0.718589 0.686142 0.113308
vn -0.718457 0.695267 -0.020586
vn -0.625615 -0.312190 -0.714943
vn -0.623398 -0.166504 -0.763970
vn -0.731196 -0.142546 -0.667108
vn -0.733105 -0.269779 -0.624321
vn -0.628892 -0.527937 0.570770
vn -0.630426 -0.628952 0.454953
vn -0.737306 -0.546391 0.397287
vn -0.735976 -0.458166 0.498421
vn -0.608989 0.782494 0.129754
vn -0.609599 0.742328 0.278096
vn -0.719119 0.651069 0.242853
vn -0.718589 0.686142 0.113308
vn -0.630426 -0.628952 0.454953
vn -0.631587 -0.705433 0.321655
vn -0.738337 -0.613162 0.280875
vn -0.737306 -0.546391 0.397287
vn -0.623398 -0.166504 -0.763970
vn -0.621087 -0.014144 -0.783614
vn -0.729177 -0.009514 -0.684259
vn -0.731196 -0.142546 -0.667108
vn -0.609599 0.742328 0.278096
vn -0.610637 0.674000 0.415748
vn -0.720020 0.591406 0.363056
vn -0.719119 0.651069 0.242853
vn -0.631587 -0.705433 0.321655
vn -0.632331 -0.754441 0.175999
vn -0.738999 -0.655945 0.153680
vn -0.738337 -0.613162 0.280875
vn -0.610637 0.674000 0.415748
vn -0.612064 0.580132 0.537425
vn -0.721259 0.509439 0.469316
vn -0.720020 0.591406 0.363056
vn -0.621087 -0.014144 -0.783614
vn -0.618755 0.139119 -0.773168
vn -0.727125 0.124315 -0.675156
vn -0.729177 -0.009514 -0.684259
vn -0.632331 -0.754441 0.175999
vn -0.632630 -0.774095 0.023575
vn -0.739246 -0.673120 0.020586
vn -0.738999 -0.655945 0.153680
vn -0.612064 0.580132 0.537425
vn -0.613822 0.464326 0.638454
vn -0.722798 0.408311 0.557534
vn -0.721259 0.509439 0.469316
vn -0.618755 0.139119 -0.773168
vn -0.616506 0.287490 -0.732987
vn -0.725141 0.253891 -0.640086
vn -0.727125 0.124315 -0.675156
vn -0.632630 -0.774095 0.023575
vn -0.632472 -0.763638 -0.129755
vn -0.739101 -0.663997 -0.113302
vn -0.739246 -0.673120 0.020586
vn -0.613822 0.464326 0.638454
vn -0.615844 0.331047 0.714943
vn -0.724567 0.291923 0.624326
vn -0.722798 0.408311 0.557534
vn -0.616506 0.287490 -0.732987
vn -0.614417 0.425134 -0.664645
vn -0.723339 0.374069 -0.580390
vn -0.725141 0.253891 -0.640086
vn -0.938417 0.091102 0.333276
vn -0.939440 0.024554 0.341832
vn -0.896200 0.026934 0.442832
vn -0.894894 0.113130 0.431701
vn -0.944338 -0.297557 0.140306
vn -0.944655 -0.318958 0.076765
vn -0.902951 -0.418075 0.099460
vn -0.902530 -0.390377 0.181783
vn -0.941737 -0.126014 -0.311852
vn -0.940776 -0.062485 -0.333221
vn -0.897913 -0.085830 -0.431724
vn -0.899157 -0.168141 -0.404036
vn -0.934856 0.326120 -0.140324
vn -0.934525 0.347518 -0.076770
vn -0.889837 0.445306 -0.099462
vn -0.890257 0.417611 -0.181778
vn -0.937470 0.154564 0.311865
vn -0.938417 0.091102 0.333276
vn -0.894894 0.113130 0.431701
vn -0.893634 0.195374 0.404040
vn -0.943834 -0.264191 0.198446
vn -0.944338 -0.297557 0.140306
vn -0.902530 -0.390377 0.181783
vn -0.901870 -0.347162 0.257116
vn -0.942618 -0.184155 -0.278494
vn -0.941737 -0.126014 -0.311852
vn -0.899157 -0.168141 -0.404036
vn -0.900298 -0.243469 -0.360815
vn -0.935369 0.292743 -0.198462
vn -0.934856 0.326120 -0.140324
vn -0.890257 0.417611 -0.181778
vn -0.890915 0.374387 -0.257111
vn -0.936583 0.212719 0.278502
vn -0.937470 0.154564 0.311865
vn -0.893634 0.195374 0.404040
vn -0.892495 0.270686 0.360808
vn -0.943386 -0.234664 -0.234425
vn -0.942618 -0.184155 -0.278494
vn -0.900298 -0.243469 -0.360815
vn -0.901291 -0.308910 -0.303724
vn -0.936035 0.248698 -0.248974
vn -0.935369 0.292743 -0.198462
vn -0.890915 0.374387 -0.257111
vn -0.891781 0.317299 -0.322565
vn -0.935813 0.263232 0.234442
vn -0.936583 0.212719 0.278502
vn -0.892495 0.270686 0.360808
vn -0.891504 0.336121 0.303715
vn -0.936829 0.195636 -0.289961
vn -0.936035 0.248698 -0.248974
vn -0.891781 0.317299 -0.322565
vn -0.892829 0.248538 -0.375613
vn -0.935196 0.304165 0.181361
vn -0.935813 0.263232 0.234442
vn -0.891504 0.336121 0.303715
vn -0.890695 0.389178 0.234951
vn -0.934740 0.333982 0.121316
vn -0.935196 0.304165 0.181361
vn -0.890695 0.389178 0.234951
vn -0.890105 0.427801 0.157160
vn -0.943152 -0.220163 0.248984
vn -0.943834 -0.264191 0.198446
vn -0.901870 -0.347162 0.257116
vn -0.901005 -0.290075 0.322562
vn -0.942351 -0.167081 0.289929
vn -0.943152 -0.220163 0.248984
vn -0.901005 -0.290075 0.322562
vn -0.899968 -0.221306 0.375607
vn -0.944004 -0.275628 -0.181346
vn -0.943386 -0.234664 -0.234425
vn -0.901291 -0.308910 -0.303724
vn -0.902096 -0.361963 -0.234958
vn -0.941454 -0.107009 0.319707
vn -0.942351 -0.167081 0.289929
vn -0.899968 -0.221306 0.375607
vn -0.898787 -0.143521 0.414226
vn -0.944456 -0.305433 -0.121302
vn -0.944004 -0.275628 -0.181346
vn -0.902096 -0.361963 -0.234958
vn -0.902681 -0.400583 -0.157163
vn -0.937745 0.135579 -0.319770
vn -0.936829 0.195636 -0.289961
vn -0.892829 0.248538 -0.375613
vn -0.894012 0.170749 -0.414231
vn -0.940460 -0.042377 0.337253
vn -0.941454 -0.107009 0.319707
vn -0.898787 -0.143521 0.414226
vn -0.897528 -0.059768 0.436888
vn -0.944721 -0.322953 -0.056603
vn -0.944456 -0.305433 -0.121302
vn -0.902681 -0.400583 -0.157163
vn -0.903029 -0.423274 -0.073329
vn -0.938750 0.070862 -0.337235
vn -0.937745 0.135579 -0.319770
vn -0.894012 0.170749 -0.414231
vn -0.895287 0.086929 -0.436927
vn -0.934475 0.351501 0.056600
vn -0.934740 0.333982 0.121316
vn -0.890105 0.427801 0.157160
vn -0.889758 0.450504 0.073330
vn -0.939440 0.024554 0.341832
vn -0.940460 -0.042377 0.337253
vn -0.897528 -0.059768 0.436888
vn -0.896200 0.026934 0.442832
vn -0.944789 -0.327518 0.010280
vn -0.944721 -0.322953 -0.056603
vn -0.903029 -0.423274 -0.073329
vn -0.903120 -0.429183 0.013321
vn -0.939771 0.003988 -0.341782
vn -0.938750 0.070862 -0.337235
vn -0.895287 0.086929 -0.436927
vn -0.896602 0.000293 -0.442837
vn -0.934402 0.356071 -0.010283
vn -0.934475 0.351501 0.056600
vn -0.889758 0.450504 0.073330
vn -0.889667 0.456415 -0.013322
vn -0.944655 -0.318958 0.076765
vn -0.944789 -0.327518 0.010280
vn -0.903120 -0.429183 0.013321
vn -0.902951 -0.418075 0.099460
vn -0.940776 -0.062485 -0.333221
vn -0.939771 0.003988 -0.341782
vn -0.896602 0.000293 -0.442837
vn -0.897913 -0.085830 -0.431724
vn -0.934525 0.347518 -0.076770
vn -0.934402 0.356071 -0.010283
vn -0.889667 0.456415 -0.013322
vn -0.889837 0.445306 -0.099462
vn -0.000000 0.000002 -1.000000
vn 0.000000 0.000001 -1.000000
vn -0.003865 -0.195089 -0.980778
vn -0.003864 -0.195088 -0.980778
vn -0.003864 -0.195088 -0.980778
vn -0.003865 -0.195089 -0.980778
vn -0.007582 -0.382643 -0.923865
vn -0.007579 -0.382641 -0.923866
vn -0.007579 -0.382641 -0.923866
vn -0.007582 -0.382643 -0.923865
vn -0.011006 -0.555442 -0.831482
vn -0.011002 -0.555449 -0.831478
vn -0.011002 -0.555449 -0.831478
vn -0.011006 -0.555442 -0.831482
vn -0.014007 -0.706956 -0.707119
vn -0.014004 -0.706962 -0.707112
vn -0.014004 -0.706962 -0.707112
vn -0.014007 -0.706956 -0.707119
vn -0.016468 -0.831301 -0.555578
vn -0.016464 -0.831302 -0.555577
vn -0.016464 -0.831302 -0.555577
vn -0.016468 -0.831301 -0.555578
vn -0.018295 -0.923703 -0.382673
vn -0.018291 -0.923701 -0.382678
vn -0.018291 -0.923701 -0.382678
vn -0.018295 -0.923703 -0.382673
vn -0.019424 -0.980594 -0.195086
vn -0.019420 -0.980593 -0.195088
vn -0.019420 -0.980593 -0.195088
vn -0.019424 -0.980594 -0.195086
vn -0.019808 -0.999804 -0.000000
vn -0.019803 -0.999804 -0.000000
vn -0.019803 -0.999804 -0.000000
vn -0.019808 -0.999804 -0.000000
vn -0.019424 -0.980594 0.195086
vn -0.019422 -0.980593 0.195089
vn -0.019422 -0.980593 0.195089
vn -0.019424 -0.980594 0.195086
vn -0.018295 -0.923703 0.382672
vn -0.018294 -0.923701 0.382677
vn -0.018294 -0.923701 0.382677
vn -0.018295 -0.923703 0.382672
vn -0.016468 -0.831301 0.555578
vn -0.016464 -0.831303 0.555576
vn -0.016464 -0.831303 0.555576
vn -0.016468 -0.831301 0.555578
vn -0.014007 -0.706956 0.707118
vn -0.014003 -0.706963 0.707112
vn -0.014003 -0.706963 0.707112
vn -0.014007 -0.706956 0.707118
vn -0.011005 -0.555442 0.831482
vn -0.011002 -0.555450 0.831477
vn -0.011002 -0.555450 0.831477
vn -0.011005 -0.555442 0.831482
vn -0.007580 -0.382586 0.923889
vn -0.007578 -0.382588 0.923888
vn -0.007578 -0.382588 0.923888
vn -0.007580 -0.382586 0.923889
vn -0.003864 -0.195091 0.980778
vn -0.003864 -0.195092 0.980777
vn -0.003864 -0.195092 0.980777
vn -0.003864 -0.195091 0.980778
vn 0.000001 0.000003 1.000000
vn 0.000000 0.000000 1.000000
vn 0.000000 0.000000 1.000000
vn 0.000001 0.000003 1.000000
vn 0.003867 0.195093 0.980777
vn 0.003864 0.195091 0.980778
vn 0.003864 0.195091 0.980778
vn 0.003867 0.195093 0.980777
vn 0.007585 0.382588 0.923888
vn 0.007577 0.382584 0.923890
vn 0.007577 0.382584 0.923890
vn 0.007585 0.382588 0.923888
vn 0.011011 0.555441 0.831483
vn 0.011001 0.555445 0.831481
vn 0.011001 0.555445 0.831481
vn 0.011011 0.555441 0.831483
vn 0.014010 0.706957 0.707118
vn 0.014002 0.706963 0.707112
vn 0.014002 0.706963 0.707112
vn 0.014010 0.706957 0.707118
vn 0.016462 0.831304 0.555574
vn 0.016466 0.831302 0.555577
vn 0.016466 0.831302 0.555577
vn 0.016462 0.831304 0.555574
vn 0.018292 0.923702 0.382676
vn 0.018297 0.923700 0.382680
vn 0.018297 0.923700 0.382680
vn 0.018292 0.923702 0.382676
vn 0.019428 0.980594 0.195085
vn 0.019424 0.980593 0.195090
vn 0.019424 0.980593 0.195090
vn 0.019428 0.980594 0.195085
vn 0.019811 0.999804 0.000000
vn 0.019805 0.999804 0.000000
vn 0.019805 0.999804 0.000000
vn 0.019811 0.999804 0.000000
vn 0.019428 0.980594 -0.195085
vn 0.019424 0.980593 -0.195089
vn 0.019424 0.980593 -0.195089
vn 0.019428 0.980594 -0.195085
vn 0.018291 0.923702 -0.382676
vn 0.018297 0.923700 -0.382680
vn 0.018297 0.923700 -0.382680
vn 0.018291 0.923702 -0.382676
vn 0.016461 0.831304 -0.555574
vn 0.016466 0.831302 -0.555577
vn 0.016466 0.831302 -0.555577
vn 0.016461 0.831304 -0.555574
vn 0.014010 0.706964 -0.707111
vn 0.014002 0.706962 -0.707113
vn 0.014002 0.706962 -0.707113
vn 0.014010 0.706964 -0.707111
vn 0.011012 0.555449 -0.831478
vn 0.011000 0.555444 -0.831481
vn 0.011000 0.555444 -0.831481
vn 0.011012 0.555449 -0.831478
vn 0.007585 0.382646 -0.923864
vn 0.007578 0.382638 -0.923867
vn 0.007578 0.382638 -0.923867
vn 0.007585 0.382646 -0.923864
vn 0.003866 0.195090 -0.980778
vn 0.003864 0.195088 -0.980778
vn 0.003864 0.195088 -0.980778
vn 0.003866 0.195090 -0.980778
vn 0.000000 0.000001 -1.000000
vn -0.000000 0.000002 -1.000000
vn -0.999805 0.019771 0.000002
vn -0.999804 0.019799 0.000005
vn -0.894961 0.414747 -0.164408
vn -0.894470 0.439200 -0.083824
vn -0.999804 0.019791 -0.000003
vn -0.999804 0.019805 0.000004
vn -0.907550 -0.220769 -0.357232
vn -0.906066 -0.146526 -0.396957
vn -0.999804 0.019806 -0.000002
vn -0.999804 0.019806 -0.000012
vn -0.908838 -0.285864 0.303801
vn -0.909891 -0.339290 0.238707
vn -0.999804 0.019822 0.000008
vn -0.999804 0.019799 -0.000005
vn -0.894960 0.414749 0.164406
vn -0.895740 0.375062 0.238701
vn -0.999804 0.019781 0.000010
vn -0.999804 0.019800 0.000005
vn -0.901151 0.101688 -0.421411
vn -0.899557 0.182261 -0.396962
vn -0.999804 0.019780 -0.000001
vn -0.999804 0.019783 0.000000
vn -0.911325 -0.411688 -0.000000
vn -0.911158 -0.403442 -0.083821
vn -0.999804 0.019801 -0.000005
vn -0.999804 0.019783 -0.000010
vn -0.899554 0.182271 0.396963
vn -0.901163 0.101683 0.421386
vn -0.999804 0.019799 0.000005
vn -0.999804 0.019822 -0.000008
vn -0.895741 0.375060 -0.238701
vn -0.894961 0.414747 -0.164408
vn -0.999804 0.019805 0.000004
vn -0.999804 0.019811 0.000012
vn -0.908839 -0.285861 -0.303801
vn -0.907550 -0.220769 -0.357232
vn -0.999804 0.019806 -0.000012
vn -0.999804 0.019799 -0.000004
vn -0.907550 -0.220770 0.357231
vn -0.908838 -0.285864 0.303801
vn -0.999804 0.019799 -0.000005
vn -0.999804 0.019779 -0.000002
vn -0.894474 0.439192 0.083824
vn -0.894960 0.414749 0.164406
vn -0.999804 0.019800 0.000005
vn -0.999804 0.019821 -0.000001
vn -0.902814 0.017899 -0.429660
vn -0.901151 0.101688 -0.421411
vn -0.999804 0.019783 0.000000
vn -0.999804 0.019784 0.000001
vn -0.911156 -0.403447 0.083819
vn -0.911325 -0.411688 -0.000000
vn -0.999804 0.019783 -0.000010
vn -0.999804 0.019789 -0.000016
vn -0.898095 0.256529 0.357238
vn -0.899554 0.182271 0.396963
vn -0.999804 0.019822 -0.000008
vn -0.999804 0.019806 -0.000002
vn -0.896801 0.321627 -0.303815
vn -0.895741 0.375060 -0.238701
vn -0.999804 0.019811 0.000012
vn -0.999804 0.019811 0.000002
vn -0.909893 -0.339287 -0.238703
vn -0.908839 -0.285861 -0.303801
vn -0.999804 0.019799 -0.000004
vn -0.999804 0.019787 0.000003
vn -0.906064 -0.146537 0.396957
vn -0.907550 -0.220770 0.357231
vn -0.999804 0.019779 -0.000002
vn -0.999805 0.019775 0.000000
vn -0.894304 0.447460 0.000000
vn -0.894474 0.439192 0.083824
vn -0.999804 0.019821 -0.000001
vn -0.999804 0.019807 -0.000005
vn -0.904469 -0.065922 -0.421414
vn -0.902814 0.017899 -0.429660
vn -0.999804 0.019784 0.000001
vn -0.999804 0.019795 0.000006
vn -0.910672 -0.378996 0.164432
vn -0.911156 -0.403447 0.083819
vn -0.999804 0.019789 -0.000016
vn -0.999804 0.019810 0.000002
vn -0.896799 0.321633 0.303816
vn -0.898095 0.256529 0.357238
vn -0.999804 0.019806 -0.000002
vn -0.999804 0.019783 0.000016
vn -0.898095 0.256524 -0.357240
vn -0.896801 0.321627 -0.303815
vn -0.999804 0.019811 0.000002
vn -0.999804 0.019795 -0.000006
vn -0.910673 -0.378996 -0.164432
vn -0.909893 -0.339287 -0.238703
vn -0.999804 0.019787 0.000003
vn -0.999804 0.019809 0.000005
vn -0.904482 -0.065915 0.421389
vn -0.906064 -0.146537 0.396957
vn -0.999805 0.019775 0.000000
vn -0.999805 0.019771 0.000002
vn -0.894470 0.439200 -0.083824
vn -0.894304 0.447460 0.000000
vn -0.999804 0.019807 -0.000005
vn -0.999804 0.019791 -0.000003
vn -0.906066 -0.146526 -0.396957
vn -0.904469 -0.065922 -0.421414
vn -0.999804 0.019795 0.000006
vn -0.999804 0.019806 -0.000002
vn -0.909891 -0.339290 0.238707
vn -0.910672 -0.378996 0.164432
vn -0.999804 0.019810 0.000002
vn -0.999804 0.019822 0.000008
vn -0.895740 0.375062 0.238701
vn -0.896799 0.321633 0.303816
vn -0.999804 0.019783 0.000016
vn -0.999804 0.019781 0.000010
vn -0.899557 0.182261 -0.396962
vn -0.898095 0.256524 -0.357240
vn -0.999804 0.019795 -0.000006
vn -0.999804 0.019780 -0.000001
vn -0.911158 -0.403442 -0.083821
vn -0.910673 -0.378996 -0.164432
vn -0.999804 0.019824 0.000000
vn -0.999804 0.019801 -0.000005
vn -0.901163 0.101683 0.421386
vn -0.902810 0.017903 0.429668
vn -0.999804 0.019809 0.000005
vn -0.999804 0.019824 0.000000
vn -0.902810 0.017903 0.429668
vn -0.904482 -0.065915 0.421389
vn -0.581135 0.460147 0.671228
vn -0.578710 0.582420 0.570861
vn -0.302918 0.676904 0.670852
vn -0.305757 0.533260 0.788762
vn -0.596140 -0.297198 0.745849
vn -0.593136 -0.145769 0.791796
vn -0.319882 -0.178812 0.930431
vn -0.323386 -0.356773 0.876433
vn -0.593136 -0.145773 -0.791796
vn -0.596139 -0.297200 -0.745849
vn -0.323386 -0.356774 -0.876432
vn -0.319882 -0.178811 -0.930431
vn -0.578710 0.582420 0.570861
vn -0.576722 0.682790 0.448542
vn -0.300596 0.794857 0.527109
vn -0.302918 0.676904 0.670852
vn -0.593136 -0.145769 0.791796
vn -0.590016 0.011698 0.807307
vn -0.316175 0.006269 0.948680
vn -0.319882 -0.178812 0.930431
vn -0.596139 -0.297200 -0.745849
vn -0.598901 -0.436754 -0.671240
vn -0.326640 -0.520721 -0.788768
vn -0.323386 -0.356774 -0.876432
vn -0.576722 0.682790 0.448542
vn -0.575245 0.757396 0.308942
vn -0.298842 0.882557 0.363024
vn -0.300596 0.794857 0.527109
vn -0.598901 -0.436754 -0.671240
vn -0.601321 -0.559047 -0.570858
vn -0.329481 -0.664369 -0.670862
vn -0.326640 -0.520721 -0.788768
vn -0.575245 0.757396 0.308942
vn -0.574335 0.803329 0.157484
vn -0.297759 0.936534 0.185050
vn -0.298842 0.882557 0.363024
vn -0.601321 -0.559047 -0.570858
vn -0.603311 -0.659431 -0.448516
vn -0.331825 -0.782352 -0.527084
vn -0.329481 -0.664369 -0.670862
vn -0.574335 0.803329 0.157484
vn -0.574028 0.818836 0.000000
vn -0.297433 0.954743 0.000000
vn -0.297759 0.936534 0.185050
vn -0.603311 -0.659431 -0.448516
vn -0.604786 -0.734022 -0.308942
vn -0.333582 -0.870027 -0.363010
vn -0.331825 -0.782352 -0.527084
vn -0.574028 0.818836 0.000000
vn -0.574334 0.803330 -0.157484
vn -0.297758 0.936535 -0.185049
vn -0.297433 0.954743 0.000000
vn -0.604786 -0.734022 -0.308942
vn -0.605696 -0.779951 -0.157505
vn -0.334607 -0.924006 -0.185072
vn -0.333582 -0.870027 -0.363010
vn -0.574334 0.803330 -0.157484
vn -0.575245 0.757395 -0.308944
vn -0.298843 0.882557 -0.363024
vn -0.297758 0.936535 -0.185049
vn -0.605696 -0.779951 -0.157505
vn -0.606002 -0.795463 -0.000000
vn -0.334989 -0.942222 -0.000000
vn -0.334607 -0.924006 -0.185072
vn -0.575245 0.757395 -0.308944
vn -0.576721 0.682791 -0.448542
vn -0.300598 0.794856 -0.527110
vn -0.298843 0.882557 -0.363024
vn -0.606002 -0.795463 -0.000000
vn -0.605698 -0.779951 0.157502
vn -0.334608 -0.924005 0.185072
vn -0.334989 -0.942222 -0.000000
vn -0.576721 0.682791 -0.448542
vn -0.578709 0.582423 -0.570858
vn -0.302918 0.676906 -0.670850
vn -0.300598 0.794856 -0.527110
vn -0.605698 -0.779951 0.157502
vn -0.604789 -0.734020 0.308942
vn -0.333582 -0.870027 0.363010
vn -0.334608 -0.924005 0.185072
vn -0.578709 0.582423 -0.570858
vn -0.581134 0.460147 -0.671228
vn -0.305757 0.533261 -0.788762
vn -0.302918 0.676906 -0.670850
vn -0.604789 -0.734020 0.308942
vn -0.603313 -0.659425 0.448522
vn -0.331826 -0.782352 0.527084
vn -0.333582 -0.870027 0.363010
vn -0.581134 0.460147 -0.671228
vn -0.583905 0.320567 -0.745850
vn -0.309009 0.369285 -0.876437
vn -0.305757 0.533261 -0.788762
vn -0.590016 0.011698 0.807307
vn -0.586896 0.169138 0.791799
vn -0.312556 0.191332 0.930430
vn -0.316175 0.006269 0.948680
vn -0.603313 -0.659425 0.448522
vn -0.601323 -0.559044 0.570860
vn -0.329482 -0.664368 0.670863
vn -0.331826 -0.782352 0.527084
vn -0.583905 0.320567 -0.745850
vn -0.586897 0.169133 -0.791800
vn -0.312556 0.191328 -0.930431
vn -0.309009 0.369285 -0.876437
vn -0.586896 0.169138 0.791799
vn -0.583905 0.320570 0.745848
vn -0.309008 0.369293 0.876434
vn -0.312556 0.191332 0.930430
vn -0.601323 -0.559044 0.570860
vn -0.598901 -0.436755 0.671240
vn -0.326640 -0.520720 0.788769
vn -0.329482 -0.664368 0.670863
vn -0.586897 0.169133 -0.791800
vn -0.590015 0.011696 -0.807307
vn -0.316175 0.006267 -0.948680
vn -0.312556 0.191328 -0.930431
vn -0.583905 0.320570 0.745848
vn -0.581135 0.460147 0.671228
vn -0.305757 0.533260 0.788762
vn -0.309008 0.369293 0.876434
vn -0.598901 -0.436755 0.671240
vn -0.596140 -0.297198 0.745849
vn -0.323386 -0.356773 0.876433
vn -0.326640 -0.520720 0.788769
vn -0.590015 0.011696 -0.807307
vn -0.593136 -0.145773 -0.791796
vn -0.319882 -0.178811 -0.930431
vn -0.316175 0.006267 -0.948680
vn -0.682749 0.155561 -0.713901
vn -0.685567 0.013568 -0.727883
vn -0.999804 0.019817 -0.000006
vn -0.999804 0.019806 -0.000004
vn -0.999804 0.019806 -0.000004
vn -0.999804 0.019817 -0.000006
vn -0.999804 0.019824 0.000000
vn -0.999804 0.019809 0.000005
vn -0.685567 0.013568 -0.727883
vn -0.688390 -0.128402 -0.713885
vn -0.999804 0.019799 -0.000008
vn -0.999804 0.019817 -0.000006
vn -0.999804 0.019817 -0.000006
vn -0.999804 0.019799 -0.000008
vn -0.999804 0.019801 -0.000005
vn -0.999804 0.019824 0.000000
vn -0.672249 0.685924 0.278548
vn -0.671429 0.727339 0.141993
vn -0.999804 0.019814 -0.000001
vn -0.999804 0.019806 0.000002
vn -0.999804 0.019806 0.000002
vn -0.999804 0.019814 -0.000001
vn -0.999804 0.019780 -0.000001
vn -0.999804 0.019795 -0.000006
vn -0.693591 -0.390717 0.605204
vn -0.691092 -0.264902 0.672473
vn -0.999804 0.019800 -0.000002
vn -0.999804 0.019807 0.000002
vn -0.999804 0.019807 0.000002
vn -0.999804 0.019800 -0.000002
vn -0.999804 0.019781 0.000010
vn -0.999804 0.019783 0.000016
vn -0.695764 -0.501005 -0.514690
vn -0.697557 -0.591513 -0.404384
vn -0.999804 0.019806 0.000006
vn -0.999804 0.019806 -0.000005
vn -0.999804 0.019806 -0.000005
vn -0.999804 0.019806 0.000006
vn -0.999804 0.019822 0.000008
vn -0.999804 0.019810 0.000002
vn -0.672245 0.685929 -0.278547
vn -0.673589 0.618667 -0.404387
vn -0.999804 0.019803 -0.000002
vn -0.999804 0.019810 -0.000002
vn -0.999804 0.019810 -0.000002
vn -0.999804 0.019803 -0.000002
vn -0.999804 0.019806 -0.000002
vn -0.999804 0.019795 0.000006
vn -0.682760 0.155561 0.713891
vn -0.680054 0.292054 0.672481
vn -0.999804 0.019792 -0.000001
vn -0.999804 0.019806 0.000004
vn -0.999804 0.019806 0.000004
vn -0.999804 0.019792 -0.000001
vn -0.999804 0.019791 -0.000003
vn -0.999804 0.019807 -0.000005
vn -0.700007 -0.714136 -0.000000
vn -0.699731 -0.700154 0.141993
vn -0.999804 0.019801 -0.000006
vn -0.999804 0.019801 0.000000
vn -0.999804 0.019801 0.000000
vn -0.999804 0.019801 -0.000006
vn -0.999805 0.019771 0.000002
vn -0.999805 0.019775 0.000000
vn -0.680060 0.292069 -0.672469
vn -0.682749 0.155561 -0.713901
vn -0.999804 0.019806 -0.000004
vn -0.999804 0.019792 0.000001
vn -0.999804 0.019792 0.000001
vn -0.999804 0.019806 -0.000004
vn -0.999804 0.019809 0.000005
vn -0.999804 0.019787 0.000003
vn -0.673591 0.618665 0.404388
vn -0.672249 0.685924 0.278548
vn -0.999804 0.019806 0.000002
vn -0.999804 0.019803 0.000002
vn -0.999804 0.019803 0.000002
vn -0.999804 0.019806 0.000002
vn -0.999804 0.019795 -0.000006
vn -0.999804 0.019811 0.000002
vn -0.695766 -0.501001 0.514692
vn -0.693591 -0.390717 0.605204
vn -0.999804 0.019807 0.000002
vn -0.999804 0.019810 0.000005
vn -0.999804 0.019810 0.000005
vn -0.999804 0.019807 0.000002
vn -0.999804 0.019783 0.000016
vn -0.999804 0.019806 -0.000002
vn -0.693589 -0.390724 -0.605201
vn -0.695764 -0.501005 -0.514690
vn -0.999804 0.019806 -0.000005
vn -0.999804 0.019800 -0.000002
vn -0.999804 0.019800 -0.000002
vn -0.999804 0.019806 -0.000005
vn -0.999804 0.019810 0.000002
vn -0.999804 0.019789 -0.000016
vn -0.671429 0.727339 -0.141993
vn -0.672245 0.685929 -0.278547
vn -0.999804 0.019810 -0.000002
vn -0.999804 0.019821 0.000001
vn -0.999804 0.019821 0.000001
vn -0.999804 0.019810 -0.000002
vn -0.999804 0.019795 0.000006
vn -0.999804 0.019784 0.000001
vn -0.685561 0.013587 0.727888
vn -0.682760 0.155561 0.713891
vn -0.999804 0.019806 0.000004
vn -0.999804 0.019818 0.000005
vn -0.999804 0.019818 0.000005
vn -0.999804 0.019806 0.000004
vn -0.999804 0.019807 -0.000005
vn -0.999804 0.019821 -0.000001
vn -0.699726 -0.700158 -0.141992
vn -0.700007 -0.714136 -0.000000
vn -0.999804 0.019801 0.000000
vn -0.999804 0.019807 0.000006
vn -0.999804 0.019807 0.000006
vn -0.999804 0.019801 0.000000
vn -0.999805 0.019775 0.000000
vn -0.999804 0.019779 -0.000002
vn -0.677574 0.417884 -0.605199
vn -0.680060 0.292069 -0.672469
vn -0.999804 0.019792 0.000001
vn -0.999804 0.019796 0.000014
vn -0.999804 0.019796 0.000014
vn -0.999804 0.019792 0.000001
vn -0.999804 0.019787 0.000003
vn -0.999804 0.019799 -0.000004
vn -0.675386 0.528159 0.514686
vn -0.673591 0.618665 0.404388
vn -0.999804 0.019803 0.000002
vn -0.999804 0.019792 -0.000005
vn -0.999804 0.019792 -0.000005
vn -0.999804 0.019803 0.000002
vn -0.999804 0.019811 0.000002
vn -0.999804 0.019811 0.000012
vn -0.697559 -0.591510 0.404384
vn -0.695766 -0.501001 0.514692
vn -0.999804 0.019810 0.000005
vn -0.999804 0.019809 -0.000006
vn -0.999804 0.019809 -0.000006
vn -0.999804 0.019810 0.000005
vn -0.999804 0.019806 -0.000002
vn -0.999804 0.019822 -0.000008
vn -0.691090 -0.264910 -0.672471
vn -0.693589 -0.390724 -0.605201
vn -0.999804 0.019800 -0.000002
vn -0.999804 0.019791 0.000002
vn -0.999804 0.019791 0.000002
vn -0.999804 0.019800 -0.000002
vn -0.999804 0.019789 -0.000016
vn -0.999804 0.019783 -0.000010
vn -0.671121 0.741348 0.000000
vn -0.671429 0.727339 -0.141993
vn -0.999804 0.019821 0.000001
vn -0.999803 0.019829 -0.000000
vn -0.999803 0.019829 -0.000000
vn -0.999804 0.019821 0.000001
vn -0.999804 0.019784 0.000001
vn -0.999804 0.019783 0.000000
vn -0.688390 -0.128402 0.713885
vn -0.685561 0.013587 0.727888
vn -0.999804 0.019818 0.000005
vn -0.999804 0.019800 0.000008
vn -0.999804 0.019800 0.000008
vn -0.999804 0.019818 0.000005
vn -0.999804 0.019821 -0.000001
vn -0.999804 0.019800 0.000005
vn -0.698895 -0.658757 -0.278541
vn -0.699726 -0.700158 -0.141992
vn -0.999804 0.019807 0.000006
vn -0.999804 0.019807 0.000009
vn -0.999804 0.019807 0.000009
vn -0.999804 0.019807 0.000006
vn -0.999804 0.019779 -0.000002
vn -0.999804 0.019799 -0.000005
vn -0.675385 0.528163 -0.514684
vn -0.677574 0.417884 -0.605199
vn -0.999804 0.019796 0.000014
vn -0.999804 0.019792 0.000005
vn -0.999804 0.019792 0.000005
vn -0.999804 0.019796 0.000014
vn -0.999804 0.019799 -0.000004
vn -0.999804 0.019806 -0.000012
vn -0.677578 0.417875 0.605201
vn -0.675386 0.528159 0.514686
vn -0.999804 0.019792 -0.000005
vn -0.999804 0.019792 -0.000014
vn -0.999804 0.019792 -0.000014
vn -0.999804 0.019792 -0.000005
vn -0.999804 0.019811 0.000012
vn -0.999804 0.019805 0.000004
vn -0.698895 -0.658758 0.278539
vn -0.697559 -0.591510 0.404384
vn -0.999804 0.019809 -0.000006
vn -0.999804 0.019807 -0.000009
vn -0.999804 0.019807 -0.000009
vn -0.999804 0.019809 -0.000006
vn -0.999804 0.019822 -0.000008
vn -0.999804 0.019799 0.000005
vn -0.688390 -0.128402 -0.713885
vn -0.691090 -0.264910 -0.672471
vn -0.999804 0.019791 0.000002
vn -0.999804 0.019799 -0.000008
vn -0.999804 0.019799 -0.000008
vn -0.999804 0.019791 0.000002
vn -0.999804 0.019783 -0.000010
vn -0.999804 0.019801 -0.000005
vn -0.671429 0.727339 0.141993
vn -0.671121 0.741348 0.000000
vn -0.999803 0.019829 -0.000000
vn -0.999804 0.019814 -0.000001
vn -0.999804 0.019814 -0.000001
vn -0.999803 0.019829 -0.000000
vn -0.999804 0.019783 0.000000
vn -0.999804 0.019780 -0.000001
vn -0.691092 -0.264902 0.672473
vn -0.688390 -0.128402 0.713885
vn -0.999804 0.019800 0.000008
vn -0.999804 0.019800 -0.000002
vn -0.999804 0.019800 -0.000002
vn -0.999804 0.019800 0.000008
vn -0.999804 0.019800 0.000005
vn -0.999804 0.019781 0.000010
vn -0.697557 -0.591513 -0.404384
vn -0.698895 -0.658757 -0.278541
vn -0.999804 0.019807 0.000009
vn -0.999804 0.019806 0.000006
vn -0.999804 0.019806 0.000006
vn -0.999804 0.019807 0.000009
vn -0.999804 0.019799 -0.000005
vn -0.999804 0.019822 0.000008
vn -0.673589 0.618667 -0.404387
vn -0.675385 0.528163 -0.514684
vn -0.999804 0.019792 0.000005
vn -0.999804 0.019803 -0.000002
vn -0.999804 0.019803 -0.000002
vn -0.999804 0.019792 0.000005
vn -0.999804 0.019806 -0.000012
vn -0.999804 0.019806 -0.000002
vn -0.680054 0.292054 0.672481
vn -0.677578 0.417875 0.605201
vn -0.999804 0.019792 -0.000014
vn -0.999804 0.019792 -0.000001
vn -0.999804 0.019792 -0.000001
vn -0.999804 0.019792 -0.000014
vn -0.999804 0.019805 0.000004
vn -0.999804 0.019791 -0.000003
vn -0.699731 -0.700154 0.141993
vn -0.698895 -0.658758 0.278539
vn -0.999804 0.019807 -0.000009
vn -0.999804 0.019801 -0.000006
vn -0.999804 0.019801 -0.000006
vn -0.999804 0.019807 -0.000009
vn -0.999804 0.019799 0.000005
vn -0.999805 0.019771 0.000002
vn -0.902814 0.017899 -0.429660
vn -0.904469 -0.065922 -0.421414
vn -0.593129 -0.145776 -0.791800
vn -0.590009 0.011696 -0.807312
vn -0.907550 -0.220770 0.357231
vn -0.906064 -0.146537 0.396957
vn -0.596134 -0.297203 0.745852
vn -0.598897 -0.436743 0.671251
vn -0.899554 0.182271 0.396963
vn -0.898095 0.256529 0.357238
vn -0.581133 0.460126 0.671244
vn -0.583893 0.320571 0.745858
vn -0.901151 0.101688 -0.421411
vn -0.902814 0.017899 -0.429660
vn -0.590009 0.011696 -0.807312
vn -0.586886 0.169145 -0.791805
vn -0.908838 -0.285864 0.303801
vn -0.907550 -0.220770 0.357231
vn -0.598897 -0.436743 0.671251
vn -0.601321 -0.559057 0.570849
vn -0.901163 0.101683 0.421386
vn -0.899554 0.182271 0.396963
vn -0.583893 0.320571 0.745858
vn -0.586895 0.169142 0.791799
vn -0.899557 0.182261 -0.396962
vn -0.901151 0.101688 -0.421411
vn -0.586886 0.169145 -0.791805
vn -0.583888 0.320571 -0.745861
vn -0.909891 -0.339290 0.238707
vn -0.908838 -0.285864 0.303801
vn -0.601321 -0.559057 0.570849
vn -0.603309 -0.659432 0.448517
vn -0.902810 0.017903 0.429668
vn -0.901163 0.101683 0.421386
vn -0.586895 0.169142 0.791799
vn -0.590017 0.011697 0.807306
vn -0.898095 0.256524 -0.357240
vn -0.899557 0.182261 -0.396962
vn -0.583888 0.320571 -0.745861
vn -0.581132 0.460128 -0.671244
vn -0.910672 -0.378996 0.164432
vn -0.909891 -0.339290 0.238707
vn -0.603309 -0.659432 0.448517
vn -0.604787 -0.734018 0.308951
vn -0.896801 0.321627 -0.303815
vn -0.898095 0.256524 -0.357240
vn -0.581132 0.460128 -0.671244
vn -0.578716 0.582427 -0.570847
vn -0.911156 -0.403447 0.083819
vn -0.910672 -0.378996 0.164432
vn -0.604787 -0.734018 0.308951
vn -0.605701 -0.779950 0.157493
vn -0.895741 0.375060 -0.238701
vn -0.896801 0.321627 -0.303815
vn -0.578716 0.582427 -0.570847
vn -0.576727 0.682803 -0.448516
vn -0.911325 -0.411688 -0.000000
vn -0.911156 -0.403447 0.083819
vn -0.605701 -0.779950 0.157493
vn -0.606008 -0.795458 -0.000000
vn -0.894961 0.414747 -0.164408
vn -0.895741 0.375060 -0.238701
vn -0.576727 0.682803 -0.448516
vn -0.575246 0.757395 -0.308940
vn -0.911158 -0.403442 -0.083821
vn -0.911325 -0.411688 -0.000000
vn -0.606008 -0.795458 -0.000000
vn -0.605702 -0.779949 -0.157498
vn -0.894470 0.439200 -0.083824
vn -0.894961 0.414747 -0.164408
vn -0.575246 0.757395 -0.308940
vn -0.574336 0.803326 -0.157496
vn -0.910673 -0.378996 -0.164432
vn -0.911158 -0.403442 -0.083821
vn -0.605702 -0.779949 -0.157498
vn -0.604789 -0.734017 -0.308948
vn -0.894304 0.447460 0.000000
vn -0.894470 0.439200 -0.083824
vn -0.574336 0.803326 -0.157496
vn -0.574031 0.818834 0.000000
vn -0.909893 -0.339287 -0.238703
vn -0.910673 -0.378996 -0.164432
vn -0.604789 -0.734017 -0.308948
vn -0.603313 -0.659434 -0.448509
vn -0.894474 0.439192 0.083824
vn -0.894304 0.447460 0.000000
vn -0.574031 0.818834 0.000000
vn -0.574337 0.803326 0.157497
vn -0.908839 -0.285861 -0.303801
vn -0.909893 -0.339287 -0.238703
vn -0.603313 -0.659434 -0.448509
vn -0.601322 -0.559056 -0.570848
vn -0.894960 0.414749 0.164406
vn -0.894474 0.439192 0.083824
vn -0.574337 0.803326 0.157497
vn -0.575246 0.757397 0.308937
vn -0.907550 -0.220769 -0.357232
vn -0.908839 -0.285861 -0.303801
vn -0.601322 -0.559056 -0.570848
vn -0.598896 -0.436744 -0.671251
vn -0.895740 0.375062 0.238701
vn -0.894960 0.414749 0.164406
vn -0.575246 0.757397 0.308937
vn -0.576727 0.682802 0.448517
vn -0.906066 -0.146526 -0.396957
vn -0.907550 -0.220769 -0.357232
vn -0.598896 -0.436744 -0.671251
vn -0.596129 -0.297201 -0.745857
vn -0.904482 -0.065915 0.421389
vn -0.902810 0.017903 0.429668
vn -0.590017 0.011697 0.807306
vn -0.593139 -0.145772 0.791794
vn -0.896799 0.321633 0.303816
vn -0.895740 0.375062 0.238701
vn -0.576727 0.682802 0.448517
vn -0.578715 0.582426 0.570849
vn -0.904469 -0.065922 -0.421414
vn -0.906066 -0.146526 -0.396957
vn -0.596129 -0.297201 -0.745857
vn -0.593129 -0.145776 -0.791800
vn -0.906064 -0.146537 0.396957
vn -0.904482 -0.065915 0.421389
vn -0.593139 -0.145772 0.791794
vn -0.596134 -0.297203 0.745852
vn -0.898095 0.256529 0.357238
vn -0.896799 0.321633 0.303816
vn -0.578715 0.582426 0.570849
vn -0.581133 0.460126 0.671244
vn -0.590009 0.011696 -0.807312
vn -0.593129 -0.145776 -0.791800
vn -0.593136 -0.145773 -0.791796
vn -0.590015 0.011696 -0.807307
vn -0.598897 -0.436743 0.671251
vn -0.596134 -0.297203 0.745852
vn -0.596140 -0.297198 0.745849
vn -0.598901 -0.436755 0.671240
vn -0.583893 0.320571 0.745858
vn -0.581133 0.460126 0.671244
vn -0.581135 0.460147 0.671228
vn -0.583905 0.320570 0.745848
vn -0.586886 0.169145 -0.791805
vn -0.590009 0.011696 -0.807312
vn -0.590015 0.011696 -0.807307
vn -0.586897 0.169133 -0.791800
vn -0.601321 -0.559057 0.570849
vn -0.598897 -0.436743 0.671251
vn -0.598901 -0.436755 0.671240
vn -0.601323 -0.559044 0.570860
vn -0.586895 0.169142 0.791799
vn -0.583893 0.320571 0.745858
vn -0.583905 0.320570 0.745848
vn -0.586896 0.169138 0.791799
vn -0.583888 0.320571 -0.745861
vn -0.586886 0.169145 -0.791805
vn -0.586897 0.169133 -0.791800
vn -0.583905 0.320567 -0.745850
vn -0.603309 -0.659432 0.448517
vn -0.601321 -0.559057 0.570849
vn -0.601323 -0.559044 0.570860
vn -0.603313 -0.659425 0.448522
vn -0.590017 0.011697 0.807306
vn -0.586895 0.169142 0.791799
vn -0.586896 0.169138 0.791799
vn -0.590016 0.011698 0.807307
vn -0.581132 0.460128 -0.671244
vn -0.583888 0.320571 -0.745861
vn -0.583905 0.320567 -0.745850
vn -0.581134 0.460147 -0.671228
vn -0.604787 -0.734018 0.308951
vn -0.603309 -0.659432 0.448517
vn -0.603313 -0.659425 0.448522
vn -0.604789 -0.734020 0.308942
vn -0.578716 0.582427 -0.570847
vn -0.581132 0.460128 -0.671244
vn -0.581134 0.460147 -0.671228
vn -0.578709 0.582423 -0.570858
vn -0.605701 -0.779950 0.157493
vn -0.604787 -0.734018 0.308951
vn -0.604789 -0.734020 0.308942
vn -0.605698 -0.779951 0.157502
vn -0.576727 0.682803 -0.448516
vn -0.578716 0.582427 -0.570847
vn -0.578709 0.582423 -0.570858
vn -0.576721 0.682791 -0.448542
vn -0.606008 -0.795458 -0.000000
vn -0.605701 -0.779950 0.157493
vn -0.605698 -0.779951 0.157502
vn -0.606002 -0.795463 -0.000000
vn -0.575246 0.757395 -0.308940
vn -0.576727 0.682803 -0.448516
vn -0.576721 0.682791 -0.448542
vn -0.575245 0.757395 -0.308944
vn -0.605702 -0.779949 -0.157498
vn -0.606008 -0.795458 -0.000000
vn -0.606002 -0.795463 -0.000000
vn -0.605696 -0.779951 -0.157505
vn -0.574336 0.803326 -0.157496
vn -0.575246 0.757395 -0.308940
vn -0.575245 0.757395 -0.308944
vn -0.574334 0.803330 -0.157484
vn -0.604789 -0.734017 -0.308948
vn -0.605702 -0.779949 -0.157498
vn -0.605696 -0.779951 -0.157505
vn -0.604786 -0.734022 -0.308942
vn -0.574031 0.818834 0.000000
vn -0.574336 0.803326 -0.157496
vn -0.574334 0.803330 -0.157484
vn -0.574028 0.818836 0.000000
vn -0.603313 -0.659434 -0.448509
vn -0.604789 -0.734017 -0.308948
vn -0.604786 -0.734022 -0.308942
vn -0.603311 -0.659431 -0.448516
vn -0.574337 0.803326 0.157497
vn -0.574031 0.818834 0.000000
vn -0.574028 0.818836 0.000000
vn -0.574335 0.803329 0.157484
vn -0.601322 -0.559056 -0.570848
vn -0.603313 -0.659434 -0.448509
vn -0.603311 -0.659431 -0.448516
vn -0.601321 -0.559047 -0.570858
vn -0.575246 0.757397 0.308937
vn -0.574337 0.803326 0.157497
vn -0.574335 0.803329 0.157484
vn -0.575245 0.757396 0.308942
vn -0.598896 -0.436744 -0.671251
vn -0.601322 -0.559056 -0.570848
vn -0.601321 -0.559047 -0.570858
vn -0.598901 -0.436754 -0.671240
vn -0.576727 0.682802 0.448517
vn -0.575246 0.757397 0.308937
vn -0.575245 0.757396 0.308942
vn -0.576722 0.682790 0.448542
vn -0.596129 -0.297201 -0.745857
vn -0.598896 -0.436744 -0.671251
vn -0.598901 -0.436754 -0.671240
vn -0.596139 -0.297200 -0.745849
vn -0.593139 -0.145772 0.791794
vn -0.590017 0.011697 0.807306
vn -0.590016 0.011698 0.807307
vn -0.593136 -0.145769 0.791796
vn -0.578715 0.582426 0.570849
vn -0.576727 0.682802 0.448517
vn -0.576722 0.682790 0.448542
vn -0.578710 0.582420 0.570861
vn -0.593129 -0.145776 -0.791800
vn -0.596129 -0.297201 -0.745857
vn -0.596139 -0.297200 -0.745849
vn -0.593136 -0.145773 -0.791796
vn -0.596134 -0.297203 0.745852
vn -0.593139 -0.145772 0.791794
vn -0.593136 -0.145769 0.791796
vn -0.596140 -0.297198 0.745849
vn -0.581133 0.460126 0.671244
vn -0.578715 0.582426 0.570849
vn -0.578710 0.582420 0.570861
vn -0.581135 0.460147 0.671228
vn -0.682749 0.155561 -0.713901
vn 0.003864 0.195061 -0.980784
vn -0.000001 -0.000027 -1.000000
vn -0.685567 0.013568 -0.727883
vn -0.680060 0.292069 -0.672469
vn 0.007579 0.382621 -0.923874
vn 0.003864 0.195061 -0.980784
vn -0.682749 0.155561 -0.713901
vn -0.677574 0.417884 -0.605199
vn 0.011003 0.555460 -0.831470
vn 0.007579 0.382621 -0.923874
vn -0.680060 0.292069 -0.672469
vn -0.675385 0.528163 -0.514684
vn 0.014005 0.706967 -0.707108
vn 0.011003 0.555460 -0.831470
vn -0.677574 0.417884 -0.605199
vn -0.673589 0.618667 -0.404387
vn 0.016468 0.831306 -0.555571
vn 0.014005 0.706967 -0.707108
vn -0.675385 0.528163 -0.514684
vn -0.672245 0.685929 -0.278547
vn 0.018298 0.923699 -0.382682
vn 0.016468 0.831306 -0.555571
vn -0.673589 0.618667 -0.404387
vn -0.671429 0.727339 -0.141993
vn 0.019423 0.980594 -0.195087
vn 0.018298 0.923699 -0.382682
vn -0.672245 0.685929 -0.278547
vn -0.671121 0.741348 0.000000
vn 0.019804 0.999804 0.000000
vn 0.019423 0.980594 -0.195087
vn -0.671429 0.727339 -0.141993
vn -0.671429 0.727339 0.141993
vn 0.019423 0.980594 0.195087
vn 0.019804 0.999804 0.000000
vn -0.671121 0.741348 0.000000
vn -0.672249 0.685924 0.278548
vn 0.018298 0.923699 0.382682
vn 0.019423 0.980594 0.195087
vn -0.671429 0.727339 0.141993
vn -0.673591 0.618665 0.404388
vn 0.016468 0.831306 0.555571
vn 0.018298 0.923699 0.382682
vn -0.672249 0.685924 0.278548
vn -0.675386 0.528159 0.514686
vn 0.014004 0.706966 0.707109
vn 0.016468 0.831306 0.555571
vn -0.673591 0.618665 0.404388
vn -0.677578 0.417875 0.605201
vn 0.011003 0.555459 0.831471
vn 0.014004 0.706966 0.707109
vn -0.675386 0.528159 0.514686
vn -0.680054 0.292054 0.672481
vn 0.007579 0.382597 0.923885
vn 0.011003 0.555459 0.831471
vn -0.677578 0.417875 0.605201
vn -0.682760 0.155561 0.713891
vn 0.003864 0.195061 0.980784
vn 0.007579 0.382597 0.923885
vn -0.680054 0.292054 0.672481
vn -0.685561 0.013587 0.727888
vn -0.000000 -0.000000 1.000000
vn 0.003864 0.195061 0.980784
vn -0.682760 0.155561 0.713891
vn -0.688390 -0.128402 0.713885
vn -0.003864 -0.195061 0.980783
vn -0.000000 -0.000000 1.000000
vn -0.685561 0.013587 0.727888
vn -0.691092 -0.264902 0.672473
vn -0.007578 -0.382598 0.923884
vn -0.003864 -0.195061 0.980783
vn -0.688390 -0.128402 0.713885
vn -0.693591 -0.390717 0.605204
vn -0.011002 -0.555458 0.831472
vn -0.007578 -0.382598 0.923884
vn -0.691092 -0.264902 0.672473
vn -0.695766 -0.501001 0.514692
vn -0.014004 -0.706964 0.707111
vn -0.011002 -0.555458 0.831472
vn -0.693591 -0.390717 0.605204
vn -0.697559 -0.591510 0.404384
vn -0.016467 -0.831306 0.555571
vn -0.014004 -0.706964 0.707111
vn -0.695766 -0.501001 0.514692
vn -0.698895 -0.658758 0.278539
vn -0.018297 -0.923700 0.382681
vn -0.016467 -0.831306 0.555571
vn -0.697559 -0.591510 0.404384
vn -0.699731 -0.700154 0.141993
vn -0.019424 -0.980594 0.195085
vn -0.018297 -0.923700 0.382681
vn -0.698895 -0.658758 0.278539
vn -0.700007 -0.714136 -0.000000
vn -0.019805 -0.999804 -0.000000
vn -0.019424 -0.980594 0.195085
vn -0.699731 -0.700154 0.141993
vn -0.699726 -0.700158 -0.141992
vn -0.019424 -0.980594 -0.195087
vn -0.019805 -0.999804 -0.000000
vn -0.700007 -0.714136 -0.000000
vn -0.698895 -0.658757 -0.278541
vn -0.018296 -0.923699 -0.382683
vn -0.019424 -0.980594 -0.195087
vn -0.699726 -0.700158 -0.141992
vn -0.697557 -0.591513 -0.404384
vn -0.016466 -0.831306 -0.555572
vn -0.018296 -0.923699 -0.382683
vn -0.698895 -0.658757 -0.278541
vn -0.695764 -0.501005 -0.514690
vn -0.014003 -0.706964 -0.707111
vn -0.016466 -0.831306 -0.555572
vn -0.697557 -0.591513 -0.404384
vn -0.693589 -0.390724 -0.605201
vn -0.011003 -0.555459 -0.831471
vn -0.014003 -0.706964 -0.707111
vn -0.695764 -0.501005 -0.514690
vn -0.691090 -0.264910 -0.672471
vn -0.007578 -0.382598 -0.923884
vn -0.011003 -0.555459 -0.831471
vn -0.693589 -0.390724 -0.605201
vn -0.688390 -0.128402 -0.713885
vn -0.003864 -0.195061 -0.980784
vn -0.007578 -0.382598 -0.923884
vn -0.691090 -0.264910 -0.672471
vn -0.685567 0.013568 -0.727883
vn -0.000001 -0.000027 -1.000000
vn -0.003864 -0.195061 -0.980784
vn -0.688390 -0.128402 -0.713885
vn 0.003864 0.195060 -0.980784
vn 0.630215 0.139483 -0.763789
vn 0.627198 -0.012450 -0.778761
vn -0.000001 -0.000024 -1.000000
vn 0.641315 -0.012700 -0.767173
vn 0.958852 -0.018998 -0.283270
vn 0.959948 0.036274 -0.277822
vn 0.644274 0.136949 -0.752433
vn 0.424971 -0.184715 -0.886160
vn 0.488257 -0.179583 -0.854023
vn 0.485056 -0.342892 -0.804454
vn 0.421614 -0.354178 -0.834746
vn 0.435306 0.337228 -0.834737
vn 0.498266 0.323419 -0.804445
vn 0.495000 0.160104 -0.854015
vn 0.431955 0.167743 -0.886159
vn 0.438398 0.493383 -0.751252
vn 0.501251 0.473911 -0.723987
vn 0.498266 0.323419 -0.804445
vn 0.435306 0.337228 -0.834737
vn 0.441115 0.630264 -0.638894
vn 0.503852 0.605839 -0.615704
vn 0.501251 0.473911 -0.723987
vn 0.438398 0.493383 -0.751252
vn 0.443345 0.742621 -0.501955
vn 0.505981 0.714123 -0.483748
vn 0.503852 0.605839 -0.615704
vn 0.441115 0.630264 -0.638894
vn 0.444995 0.826092 -0.345762
vn 0.507570 0.794565 -0.333225
vn 0.505981 0.714123 -0.483748
vn 0.443345 0.742621 -0.501955
vn 0.446016 0.877496 -0.176268
vn 0.508558 0.844104 -0.169874
vn 0.507570 0.794565 -0.333225
vn 0.444995 0.826092 -0.345762
vn 0.446357 0.894855 0.000000
vn 0.508889 0.860832 -0.000000
vn 0.508558 0.844104 -0.169874
vn 0.446016 0.877496 -0.176268
vn 0.446016 0.877496 0.176269
vn 0.508558 0.844104 0.169875
vn 0.508889 0.860832 -0.000000
vn 0.446357 0.894855 0.000000
vn 0.444996 0.826091 0.345763
vn 0.507571 0.794565 0.333225
vn 0.508558 0.844104 0.169875
vn 0.446016 0.877496 0.176269
vn 0.443346 0.742620 0.501955
vn 0.505978 0.714128 0.483744
vn 0.507571 0.794565 0.333225
vn 0.444996 0.826091 0.345763
vn 0.441116 0.630263 0.638894
vn 0.503852 0.605840 0.615704
vn 0.505978 0.714128 0.483744
vn 0.443346 0.742620 0.501955
vn 0.438398 0.493383 0.751253
vn 0.501251 0.473908 0.723988
vn 0.503852 0.605840 0.615704
vn 0.441116 0.630263 0.638894
vn 0.435305 0.337209 0.834745
vn 0.498279 0.323394 0.804447
vn 0.501251 0.473908 0.723988
vn 0.438398 0.493383 0.751253
vn 0.431952 0.167733 0.886162
vn 0.495024 0.160096 0.854003
vn 0.498279 0.323394 0.804447
vn 0.435305 0.337209 0.834745
vn 0.428459 -0.008490 0.903522
vn 0.491642 -0.009736 0.870743
vn 0.495024 0.160096 0.854003
vn 0.431952 0.167733 0.886162
vn 0.424968 -0.184708 0.886163
vn 0.488289 -0.179581 0.854005
vn 0.491642 -0.009736 0.870743
vn 0.428459 -0.008490 0.903522
vn 0.421613 -0.354178 0.834746
vn 0.485071 -0.342881 0.804449
vn 0.488289 -0.179581 0.854005
vn 0.424968 -0.184708 0.886163
vn 0.418518 -0.510357 0.751252
vn 0.482087 -0.493392 0.723987
vn 0.485071 -0.342881 0.804449
vn 0.421613 -0.354178 0.834746
vn 0.415812 -0.647244 0.638886
vn 0.479462 -0.625317 0.615706
vn 0.482087 -0.493392 0.723987
vn 0.418518 -0.510357 0.751252
vn 0.413584 -0.759596 0.501958
vn 0.477294 -0.733602 0.483754
vn 0.479462 -0.625317 0.615706
vn 0.415812 -0.647244 0.638886
vn 0.411933 -0.843066 0.345763
vn 0.475694 -0.814052 0.333219
vn 0.477294 -0.733602 0.483754
vn 0.413584 -0.759596 0.501958
vn 0.410914 -0.894472 0.176266
vn 0.474718 -0.863589 0.169874
vn 0.475694 -0.814052 0.333219
vn 0.411933 -0.843066 0.345763
vn 0.410571 -0.911829 -0.000000
vn 0.474389 -0.880316 -0.000001
vn 0.474718 -0.863589 0.169874
vn 0.410914 -0.894472 0.176266
vn 0.410913 -0.894472 -0.176267
vn 0.474719 -0.863588 -0.169875
vn 0.474389 -0.880316 -0.000001
vn 0.410571 -0.911829 -0.000000
vn 0.411933 -0.843065 -0.345764
vn 0.475695 -0.814050 -0.333222
vn 0.474719 -0.863588 -0.169875
vn 0.410913 -0.894472 -0.176267
vn 0.413584 -0.759596 -0.501958
vn 0.477294 -0.733601 -0.483755
vn 0.475695 -0.814050 -0.333222
vn 0.411933 -0.843065 -0.345764
vn 0.415812 -0.647244 -0.638886
vn 0.479463 -0.625318 -0.615705
vn 0.477294 -0.733601 -0.483755
vn 0.413584 -0.759596 -0.501958
vn 0.418517 -0.510357 -0.751252
vn 0.482088 -0.493391 -0.723987
vn 0.479463 -0.625318 -0.615705
vn 0.415812 -0.647244 -0.638886
vn 0.421614 -0.354178 -0.834746
vn 0.485056 -0.342892 -0.804454
vn 0.482088 -0.493391 -0.723987
vn 0.418517 -0.510357 -0.751252
vn 0.428468 -0.008509 -0.903517
vn 0.491612 -0.009746 -0.870760
vn 0.488257 -0.179583 -0.854023
vn 0.424971 -0.184715 -0.886160
vn 0.431955 0.167743 -0.886159
vn 0.495000 0.160104 -0.854015
vn 0.491612 -0.009746 -0.870760
vn 0.428468 -0.008509 -0.903517
vn 0.261879 0.183351 -0.947524
vn 0.003864 0.195088 -0.980778
vn -0.000000 0.000002 -1.000000
vn 0.258124 -0.005111 -0.966098
vn 0.265512 0.364535 -0.892534
vn 0.007578 0.382638 -0.923867
vn 0.003864 0.195088 -0.980778
vn 0.261879 0.183351 -0.947524
vn 0.268828 0.531492 -0.803273
vn 0.011000 0.555444 -0.831481
vn 0.007578 0.382638 -0.923867
vn 0.265512 0.364535 -0.892534
vn 0.271714 0.677874 -0.683124
vn 0.014002 0.706962 -0.707113
vn 0.011000 0.555444 -0.831481
vn 0.268828 0.531492 -0.803273
vn 0.274065 0.798001 -0.536734
vn 0.016466 0.831302 -0.555577
vn 0.014002 0.706962 -0.707113
vn 0.271714 0.677874 -0.683124
vn 0.275834 0.887260 -0.369710
vn 0.018297 0.923700 -0.382680
vn 0.016466 0.831302 -0.555577
vn 0.274065 0.798001 -0.536734
vn 0.276923 0.942227 -0.188471
vn 0.019424 0.980593 -0.195089
vn 0.018297 0.923700 -0.382680
vn 0.275834 0.887260 -0.369710
vn 0.277300 0.960783 -0.000000
vn 0.019805 0.999804 0.000000
vn 0.019424 0.980593 -0.195089
vn 0.276923 0.942227 -0.188471
vn 0.276923 0.942227 0.188472
vn 0.019424 0.980593 0.195090
vn 0.019805 0.999804 0.000000
vn 0.277300 0.960783 -0.000000
vn 0.275835 0.887260 0.369710
vn 0.018297 0.923700 0.382680
vn 0.019424 0.980593 0.195090
vn 0.276923 0.942227 0.188472
vn 0.274061 0.798005 0.536730
vn 0.016466 0.831302 0.555577
vn 0.018297 0.923700 0.382680
vn 0.275835 0.887260 0.369710
vn 0.271713 0.677875 0.683123
vn 0.014002 0.706963 0.707112
vn 0.016466 0.831302 0.555577
vn 0.274061 0.798005 0.536730
vn 0.268831 0.531489 0.803274
vn 0.011001 0.555445 0.831481
vn 0.014002 0.706963 0.707112
vn 0.271713 0.677875 0.683123
vn 0.265535 0.364489 0.892546
vn 0.007577 0.382584 0.923890
vn 0.011001 0.555445 0.831481
vn 0.268831 0.531489 0.803274
vn 0.261912 0.183347 0.947516
vn 0.003864 0.195091 0.980778
vn 0.007577 0.382584 0.923890
vn 0.265535 0.364489 0.892546
vn 0.258170 -0.005112 0.966086
vn 0.000000 0.000000 1.000000
vn 0.003864 0.195091 0.980778
vn 0.261912 0.183347 0.947516
vn 0.254439 -0.193585 0.947516
vn -0.003864 -0.195092 0.980777
vn 0.000000 0.000000 1.000000
vn 0.258170 -0.005112 0.966086
vn 0.250871 -0.374735 0.892545
vn -0.007578 -0.382588 0.923888
vn -0.003864 -0.195092 0.980777
vn 0.254439 -0.193585 0.947516
vn 0.247567 -0.541728 0.803270
vn -0.011002 -0.555450 0.831477
vn -0.007578 -0.382588 0.923888
vn 0.250871 -0.374735 0.892545
vn 0.244647 -0.688100 0.683130
vn -0.014003 -0.706963 0.707112
vn -0.011002 -0.555450 0.831477
vn 0.247567 -0.541728 0.803270
vn 0.242243 -0.808227 0.536738
vn -0.016464 -0.831303 0.555576
vn -0.014003 -0.706963 0.707112
vn 0.244647 -0.688100 0.683130
vn 0.240465 -0.897495 0.369701
vn -0.018294 -0.923701 0.382677
vn -0.016464 -0.831303 0.555576
vn 0.242243 -0.808227 0.536738
vn 0.239384 -0.952457 0.188470
vn -0.019422 -0.980593 0.195089
vn -0.018294 -0.923701 0.382677
vn 0.240465 -0.897495 0.369701
vn 0.239011 -0.971017 -0.000001
vn -0.019803 -0.999804 -0.000000
vn -0.019422 -0.980593 0.195089
vn 0.239384 -0.952457 0.188470
vn 0.239387 -0.952457 -0.188469
vn -0.019420 -0.980593 -0.195088
vn -0.019803 -0.999804 -0.000000
vn 0.239011 -0.971017 -0.000001
vn 0.240468 -0.897493 -0.369704
vn -0.018291 -0.923701 -0.382678
vn -0.019420 -0.980593 -0.195088
vn 0.239387 -0.952457 -0.188469
vn 0.242243 -0.808225 -0.536740
vn -0.016464 -0.831302 -0.555577
vn -0.018291 -0.923701 -0.382678
vn 0.240468 -0.897493 -0.369704
vn 0.244646 -0.688101 -0.683129
vn -0.014004 -0.706962 -0.707112
vn -0.016464 -0.831302 -0.555577
vn 0.242243 -0.808225 -0.536740
vn 0.247568 -0.541725 -0.803271
vn -0.011002 -0.555449 -0.831478
vn -0.014004 -0.706962 -0.707112
vn 0.244646 -0.688101 -0.683129
vn 0.250850 -0.374774 -0.892535
vn -0.007579 -0.382641 -0.923866
vn -0.011002 -0.555449 -0.831478
vn 0.247568 -0.541725 -0.803271
vn 0.254406 -0.193581 -0.947525
vn -0.003864 -0.195088 -0.980778
vn -0.007579 -0.382641 -0.923866
vn 0.250850 -0.374774 -0.892535
vn 0.258124 -0.005111 -0.966098
vn -0.000000 0.000002 -1.000000
vn -0.003864 -0.195088 -0.980778
vn 0.254406 -0.193581 -0.947525
vn -0.333582 -0.870027 -0.363010
vn -0.334607 -0.924006 -0.185072
vn -0.019423 -0.980597 -0.195072
vn -0.018297 -0.923721 -0.382629
vn -0.297758 0.936535 -0.185049
vn -0.298843 0.882557 -0.363024
vn 0.018296 0.923716 -0.382642
vn 0.019423 0.980600 -0.195056
vn -0.334607 -0.924006 -0.185072
vn -0.334989 -0.942222 -0.000000
vn -0.019804 -0.999804 -0.000000
vn -0.019423 -0.980597 -0.195072
vn -0.298843 0.882557 -0.363024
vn -0.300598 0.794856 -0.527110
vn 0.016465 0.831262 -0.555637
vn 0.018296 0.923716 -0.382642
vn -0.334989 -0.942222 -0.000000
vn -0.334608 -0.924005 0.185072
vn -0.019423 -0.980597 0.195071
vn -0.019804 -0.999804 -0.000000
vn -0.300598 0.794856 -0.527110
vn -0.302918 0.676906 -0.670850
vn 0.014002 0.706912 -0.707163
vn 0.016465 0.831262 -0.555637
vn -0.334608 -0.924005 0.185072
vn -0.333582 -0.870027 0.363010
vn -0.018297 -0.923721 0.382628
vn -0.019423 -0.980597 0.195071
vn -0.302918 0.676906 -0.670850
vn -0.305757 0.533261 -0.788762
vn 0.011003 0.555505 -0.831440
vn 0.014002 0.706912 -0.707163
vn -0.333582 -0.870027 0.363010
vn -0.331826 -0.782352 0.527084
vn -0.016466 -0.831279 0.555612
vn -0.018297 -0.923721 0.382628
vn -0.305757 0.533261 -0.788762
vn -0.309009 0.369285 -0.876437
vn 0.007580 0.382707 -0.923839
vn 0.011003 0.555505 -0.831440
vn -0.316175 0.006269 0.948680
vn -0.312556 0.191332 0.930430
vn 0.003865 0.195120 0.980772
vn 0.000000 -0.000000 1.000000
vn -0.331826 -0.782352 0.527084
vn -0.329482 -0.664368 0.670863
vn -0.014002 -0.706894 0.707181
vn -0.016466 -0.831279 0.555612
vn -0.309009 0.369285 -0.876437
vn -0.312556 0.191328 -0.930431
vn 0.003865 0.195120 -0.980772
vn 0.007580 0.382707 -0.923839
vn -0.312556 0.191332 0.930430
vn -0.309008 0.369293 0.876434
vn 0.007580 0.382707 0.923839
vn 0.003865 0.195120 0.980772
vn -0.329482 -0.664368 0.670863
vn -0.326640 -0.520720 0.788769
vn -0.011003 -0.555502 0.831443
vn -0.014002 -0.706894 0.707181
vn -0.312556 0.191328 -0.930431
vn -0.316175 0.006267 -0.948680
vn -0.000000 -0.000001 -1.000000
vn 0.003865 0.195120 -0.980772
vn -0.309008 0.369293 0.876434
vn -0.305757 0.533260 0.788762
vn 0.011003 0.555505 0.831441
vn 0.007580 0.382707 0.923839
vn -0.326640 -0.520720 0.788769
vn -0.323386 -0.356773 0.876433
vn -0.007581 -0.382723 0.923832
vn -0.011003 -0.555502 0.831443
vn -0.316175 0.006267 -0.948680
vn -0.319882 -0.178811 -0.930431
vn -0.003865 -0.195121 -0.980772
vn -0.000000 -0.000001 -1.000000
vn -0.305757 0.533260 0.788762
vn -0.302918 0.676904 0.670852
vn 0.014002 0.706912 0.707163
vn 0.011003 0.555505 0.831441
vn -0.323386 -0.356773 0.876433
vn -0.319882 -0.178812 0.930431
vn -0.003865 -0.195122 0.980771
vn -0.007581 -0.382723 0.923832
vn -0.319882 -0.178811 -0.930431
vn -0.323386 -0.356774 -0.876432
vn -0.007581 -0.382723 -0.923832
vn -0.003865 -0.195121 -0.980772
vn -0.302918 0.676904 0.670852
vn -0.300596 0.794857 0.527109
vn 0.016465 0.831262 0.555638
vn 0.014002 0.706912 0.707163
vn -0.319882 -0.178812 0.930431
vn -0.316175 0.006269 0.948680
vn 0.000000 -0.000000 1.000000
vn -0.003865 -0.195122 0.980771
vn -0.323386 -0.356774 -0.876432
vn -0.326640 -0.520721 -0.788768
vn -0.011003 -0.555503 -0.831442
vn -0.007581 -0.382723 -0.923832
vn -0.300596 0.794857 0.527109
vn -0.298842 0.882557 0.363024
vn 0.018296 0.923715 0.382643
vn 0.016465 0.831262 0.555638
vn -0.326640 -0.520721 -0.788768
vn -0.329481 -0.664369 -0.670862
vn -0.014002 -0.706894 -0.707181
vn -0.011003 -0.555503 -0.831442
vn -0.298842 0.882557 0.363024
vn -0.297759 0.936534 0.185050
vn 0.019423 0.980600 0.195057
vn 0.018296 0.923715 0.382643
vn -0.329481 -0.664369 -0.670862
vn -0.331825 -0.782352 -0.527084
vn -0.016466 -0.831278 -0.555613
vn -0.014002 -0.706894 -0.707181
vn -0.297759 0.936534 0.185050
vn -0.297433 0.954743 0.000000
vn 0.019803 0.999804 0.000000
vn 0.019423 0.980600 0.195057
vn -0.331825 -0.782352 -0.527084
vn -0.333582 -0.870027 -0.363010
vn -0.018297 -0.923721 -0.382629
vn -0.016466 -0.831278 -0.555613
vn -0.297433 0.954743 0.000000
vn -0.297758 0.936535 -0.185049
vn 0.019423 0.980600 -0.195056
vn 0.019803 0.999804 0.000000
vn -0.011003 -0.555503 -0.831442
vn -0.014002 -0.706894 -0.707181
vn -0.014002 -0.706894 -0.707181
vn -0.011003 -0.555501 -0.831443
vn 0.018296 0.923715 0.382643
vn 0.019423 0.980600 0.195057
vn 0.019424 0.980601 0.195052
vn 0.018298 0.923717 0.382640
vn -0.014002 -0.706894 -0.707181
vn -0.016466 -0.831278 -0.555613
vn -0.016467 -0.831283 -0.555605
vn -0.014002 -0.706894 -0.707181
vn 0.019423 0.980600 0.195057
vn 0.019803 0.999804 0.000000
vn 0.019805 0.999804 0.000000
vn 0.019424 0.980601 0.195052
vn -0.016466 -0.831278 -0.555613
vn -0.018297 -0.923721 -0.382629
vn -0.018299 -0.923726 -0.382617
vn -0.016467 -0.831283 -0.555605
vn 0.019803 0.999804 0.000000
vn 0.019423 0.980600 -0.195056
vn 0.019424 0.980601 -0.195052
vn 0.019805 0.999804 0.000000
vn -0.018297 -0.923721 -0.382629
vn -0.019423 -0.980597 -0.195072
vn -0.019425 -0.980595 -0.195080
vn -0.018299 -0.923726 -0.382617
vn 0.019423 0.980600 -0.195056
vn 0.018296 0.923716 -0.382642
vn 0.018298 0.923717 -0.382639
vn 0.019424 0.980601 -0.195052
vn -0.019423 -0.980597 -0.195072
vn -0.019804 -0.999804 -0.000000
vn -0.019806 -0.999804 -0.000000
vn -0.019425 -0.980595 -0.195080
vn 0.018296 0.923716 -0.382642
vn 0.016465 0.831262 -0.555637
vn 0.016466 0.831262 -0.555637
vn 0.018298 0.923717 -0.382639
vn -0.019804 -0.999804 -0.000000
vn -0.019423 -0.980597 0.195071
vn -0.019425 -0.980595 0.195079
vn -0.019806 -0.999804 -0.000000
vn 0.016465 0.831262 -0.555637
vn 0.014002 0.706912 -0.707163
vn 0.014003 0.706912 -0.707163
vn 0.016466 0.831262 -0.555637
vn -0.019423 -0.980597 0.195071
vn -0.018297 -0.923721 0.382628
vn -0.018299 -0.923726 0.382616
vn -0.019425 -0.980595 0.195079
vn 0.014002 0.706912 -0.707163
vn 0.011003 0.555505 -0.831440
vn 0.011003 0.555501 -0.831443
vn 0.014003 0.706912 -0.707163
vn -0.018297 -0.923721 0.382628
vn -0.016466 -0.831279 0.555612
vn -0.016467 -0.831284 0.555605
vn -0.018299 -0.923726 0.382616
vn 0.011003 0.555505 -0.831440
vn 0.007580 0.382707 -0.923839
vn 0.007581 0.382706 -0.923839
vn 0.011003 0.555501 -0.831443
vn 0.000000 -0.000000 1.000000
vn 0.003865 0.195120 0.980772
vn 0.003865 0.195124 0.980771
vn 0.000000 0.000002 1.000000
vn -0.016466 -0.831279 0.555612
vn -0.014002 -0.706894 0.707181
vn -0.014002 -0.706894 0.707181
vn -0.016467 -0.831284 0.555605
vn 0.007580 0.382707 -0.923839
vn 0.003865 0.195120 -0.980772
vn 0.003865 0.195124 -0.980771
vn 0.007581 0.382706 -0.923839
vn 0.003865 0.195120 0.980772
vn 0.007580 0.382707 0.923839
vn 0.007581 0.382705 0.923839
vn 0.003865 0.195124 0.980771
vn -0.014002 -0.706894 0.707181
vn -0.011003 -0.555502 0.831443
vn -0.011003 -0.555502 0.831443
vn -0.014002 -0.706894 0.707181
vn 0.003865 0.195120 -0.980772
vn -0.000000 -0.000001 -1.000000
vn -0.000000 0.000001 -1.000000
vn 0.003865 0.195124 -0.980771
vn 0.007580 0.382707 0.923839
vn 0.011003 0.555505 0.831441
vn 0.011003 0.555501 0.831443
vn 0.007581 0.382705 0.923839
vn -0.011003 -0.555502 0.831443
vn -0.007581 -0.382723 0.923832
vn -0.007581 -0.382720 0.923833
vn -0.011003 -0.555502 0.831443
vn -0.000000 -0.000001 -1.000000
vn -0.003865 -0.195121 -0.980772
vn -0.003865 -0.195118 -0.980772
vn -0.000000 0.000001 -1.000000
vn 0.011003 0.555505 0.831441
vn 0.014002 0.706912 0.707163
vn 0.014003 0.706911 0.707164
vn 0.011003 0.555501 0.831443
vn -0.007581 -0.382723 0.923832
vn -0.003865 -0.195122 0.980771
vn -0.003865 -0.195117 0.980772
vn -0.007581 -0.382720 0.923833
vn -0.003865 -0.195121 -0.980772
vn -0.007581 -0.382723 -0.923832
vn -0.007581 -0.382720 -0.923834
vn -0.003865 -0.195118 -0.980772
vn 0.014002 0.706912 0.707163
vn 0.016465 0.831262 0.555638
vn 0.016466 0.831262 0.555637
vn 0.014003 0.706911 0.707164
vn -0.003865 -0.195122 0.980771
vn 0.000000 -0.000000 1.000000
vn 0.000000 0.000002 1.000000
vn -0.003865 -0.195117 0.980772
vn -0.007581 -0.382723 -0.923832
vn -0.011003 -0.555503 -0.831442
vn -0.011003 -0.555501 -0.831443
vn -0.007581 -0.382720 -0.923834
vn 0.016465 0.831262 0.555638
vn 0.018296 0.923715 0.382643
vn 0.018298 0.923717 0.382640
vn 0.016466 0.831262 0.555637
vn 0.999880 -0.015506 0.000035
vn 0.999883 -0.015314 0.000049
vn 0.999881 -0.015431 0.000121
vn 0.999880 -0.015483 0.000075
vn 0.999883 -0.015314 0.000049
vn 0.999883 -0.015270 0.000083
vn 0.999882 -0.015368 0.000156
vn 0.999881 -0.015431 0.000121
vn 0.999883 -0.015270 0.000083
vn 0.999884 -0.015240 0.000093
vn 0.999883 -0.015309 0.000166
vn 0.999882 -0.015368 0.000156
vn 0.999884 -0.015240 0.000093
vn 0.999884 -0.015208 0.000092
vn 0.999884 -0.015255 0.000157
vn 0.999883 -0.015309 0.000166
vn 0.999884 -0.015208 0.000092
vn 0.999885 -0.015179 0.000083
vn 0.999884 -0.015208 0.000135
vn 0.999884 -0.015255 0.000157
vn 0.999885 -0.015179 0.000083
vn 0.999885 -0.015158 0.000070
vn 0.999885 -0.015173 0.000103
vn 0.999884 -0.015208 0.000135
vn 0.999885 -0.015158 0.000070
vn 0.999885 -0.015148 0.000061
vn 0.999885 -0.015158 0.000067
vn 0.999885 -0.015173 0.000103
vn 0.999885 -0.015148 0.000061
vn 0.999885 -0.015160 0.000019
vn 0.999885 -0.015166 0.000038
vn 0.999885 -0.015158 0.000067
vn 0.999879 -0.015529 -0.000040
vn 0.999882 -0.015356 0.000016
vn 0.999883 -0.015314 0.000049
vn 0.999880 -0.015506 0.000035
vn 0.999882 -0.015356 0.000016
vn 0.999885 -0.015144 0.000035
vn 0.999883 -0.015270 0.000083
vn 0.999883 -0.015314 0.000049
vn 0.999885 -0.015144 0.000035
vn 0.999885 -0.015155 0.000032
vn 0.999884 -0.015240 0.000093
vn 0.999883 -0.015270 0.000083
vn 0.999885 -0.015155 0.000032
vn 0.999885 -0.015167 0.000031
vn 0.999884 -0.015208 0.000092
vn 0.999884 -0.015240 0.000093
vn 0.999885 -0.015167 0.000031
vn 0.999885 -0.015166 0.000041
vn 0.999885 -0.015179 0.000083
vn 0.999884 -0.015208 0.000092
vn 0.999885 -0.015166 0.000041
vn 0.999885 -0.015145 0.000066
vn 0.999885 -0.015158 0.000070
vn 0.999885 -0.015179 0.000083
vn 0.999885 -0.015145 0.000066
vn 0.999885 -0.015142 0.000043
vn 0.999885 -0.015148 0.000061
vn 0.999885 -0.015158 0.000070
vn 0.999885 -0.015142 0.000043
vn 0.999885 -0.015168 0.000002
vn 0.999885 -0.015160 0.000019
vn 0.999885 -0.015148 0.000061
vn 0.999880 -0.015522 -0.000121
vn 0.999882 -0.015366 -0.000043
vn 0.999882 -0.015356 0.000016
vn 0.999879 -0.015529 -0.000040
vn 0.999882 -0.015366 -0.000043
vn 0.999885 -0.015161 0.000039
vn 0.999885 -0.015144 0.000035
vn 0.999882 -0.015356 0.000016
vn 0.999885 -0.015161 0.000039
vn 0.999885 -0.015161 0.000040
vn 0.999885 -0.015155 0.000032
vn 0.999885 -0.015144 0.000035
vn 0.999885 -0.015161 0.000040
vn 0.999885 -0.015170 0.000031
vn 0.999885 -0.015167 0.000031
vn 0.999885 -0.015155 0.000032
vn 0.999885 -0.015170 0.000031
vn 0.999885 -0.015165 0.000033
vn 0.999885 -0.015166 0.000041
vn 0.999885 -0.015167 0.000031
vn 0.999885 -0.015165 0.000033
vn 0.999886 -0.015134 0.000054
vn 0.999885 -0.015145 0.000066
vn 0.999885 -0.015166 0.000041
vn 0.999886 -0.015134 0.000054
vn 0.999885 -0.015142 0.000031
vn 0.999885 -0.015142 0.000043
vn 0.999885 -0.015145 0.000066
vn 0.999885 -0.015142 0.000031
vn 0.999885 -0.015177 -0.000002
vn 0.999885 -0.015168 0.000002
vn 0.999885 -0.015142 0.000043
vn 0.999880 -0.015491 -0.000195
vn 0.999882 -0.015345 -0.000102
vn 0.999882 -0.015366 -0.000043
vn 0.999880 -0.015522 -0.000121
vn 0.999882 -0.015345 -0.000102
vn 0.999885 -0.015151 0.000019
vn 0.999885 -0.015161 0.000039
vn 0.999882 -0.015366 -0.000043
vn 0.999885 -0.015151 0.000019
vn 0.999885 -0.015143 0.000020
vn 0.999885 -0.015161 0.000040
vn 0.999885 -0.015161 0.000039
vn 0.999885 -0.015143 0.000020
vn 0.999885 -0.015157 0.000011
vn 0.999885 -0.015170 0.000031
vn 0.999885 -0.015161 0.000040
vn 0.999885 -0.015157 0.000011
vn 0.999885 -0.015154 0.000014
vn 0.999885 -0.015165 0.000033
vn 0.999885 -0.015170 0.000031
vn 0.999885 -0.015154 0.000014
vn 0.999886 -0.015124 0.000036
vn 0.999886 -0.015134 0.000054
vn 0.999885 -0.015165 0.000033
vn 0.999886 -0.015124 0.000036
vn 0.999885 -0.015142 0.000026
vn 0.999885 -0.015142 0.000031
vn 0.999886 -0.015134 0.000054
vn 0.999885 -0.015142 0.000026
vn 0.999885 -0.015181 0.000001
vn 0.999885 -0.015177 -0.000002
vn 0.999885 -0.015142 0.000031
vn 0.999881 -0.015441 -0.000258
vn 0.999883 -0.015302 -0.000148
vn 0.999882 -0.015345 -0.000102
vn 0.999880 -0.015491 -0.000195
vn 0.999883 -0.015302 -0.000148
vn 0.999885 -0.015138 0.000007
vn 0.999885 -0.015151 0.000019
vn 0.999882 -0.015345 -0.000102
vn 0.999885 -0.015138 0.000007
vn 0.999885 -0.015138 0.000007
vn 0.999885 -0.015143 0.000020
vn 0.999885 -0.015151 0.000019
vn 0.999885 -0.015138 0.000007
vn 0.999885 -0.015154 0.000003
vn 0.999885 -0.015157 0.000011
vn 0.999885 -0.015143 0.000020
vn 0.999885 -0.015154 0.000003
vn 0.999885 -0.015150 0.000007
vn 0.999885 -0.015154 0.000014
vn 0.999885 -0.015157 0.000011
vn 0.999885 -0.015150 0.000007
vn 0.999886 -0.015118 0.000024
vn 0.999886 -0.015124 0.000036
vn 0.999885 -0.015154 0.000014
vn 0.999886 -0.015118 0.000024
vn 0.999885 -0.015135 0.000025
vn 0.999885 -0.015142 0.000026
vn 0.999886 -0.015124 0.000036
vn 0.999885 -0.015135 0.000025
vn 0.999885 -0.015176 0.000008
vn 0.999885 -0.015181 0.000001
vn 0.999885 -0.015142 0.000026
vn 0.999882 -0.015374 -0.000304
vn 0.999884 -0.015250 -0.000169
vn 0.999883 -0.015302 -0.000148
vn 0.999881 -0.015441 -0.000258
vn 0.999884 -0.015250 -0.000169
vn 0.999886 -0.015134 0.000029
vn 0.999885 -0.015138 0.000007
vn 0.999883 -0.015302 -0.000148
vn 0.999886 -0.015134 0.000029
vn 0.999885 -0.015147 0.000017
vn 0.999885 -0.015138 0.000007
vn 0.999885 -0.015138 0.000007
vn 0.999885 -0.015147 0.000017
vn 0.999885 -0.015153 0.000006
vn 0.999885 -0.015154 0.000003
vn 0.999885 -0.015138 0.000007
vn 0.999885 -0.015153 0.000006
vn 0.999885 -0.015141 0.000003
vn 0.999885 -0.015150 0.000007
vn 0.999885 -0.015154 0.000003
vn 0.999885 -0.015141 0.000003
vn 0.999886 -0.015105 0.000009
vn 0.999886 -0.015118 0.000024
vn 0.999885 -0.015150 0.000007
vn 0.999886 -0.015105 0.000009
vn 0.999886 -0.015118 0.000021
vn 0.999885 -0.015135 0.000025
vn 0.999886 -0.015118 0.000024
vn 0.999886 -0.015118 0.000021
vn 0.999885 -0.015158 0.000014
vn 0.999885 -0.015176 0.000008
vn 0.999885 -0.015135 0.000025
vn 0.999883 -0.015304 -0.000328
vn 0.999884 -0.015199 -0.000148
vn 0.999884 -0.015250 -0.000169
vn 0.999882 -0.015374 -0.000304
vn 0.999884 -0.015199 -0.000148
vn 0.999885 -0.015148 -0.000132
vn 0.999886 -0.015134 0.000029
vn 0.999884 -0.015250 -0.000169
vn 0.999885 -0.015148 -0.000132
vn 0.999886 -0.015120 -0.000109
vn 0.999885 -0.015147 0.000017
vn 0.999886 -0.015134 0.000029
vn 0.999886 -0.015120 -0.000109
vn 0.999886 -0.015102 -0.000078
vn 0.999885 -0.015153 0.000006
vn 0.999885 -0.015147 0.000017
vn 0.999886 -0.015102 -0.000078
vn 0.999886 -0.015093 -0.000045
vn 0.999885 -0.015141 0.000003
vn 0.999885 -0.015153 0.000006
vn 0.999886 -0.015093 -0.000045
vn 0.999886 -0.015096 -0.000019
vn 0.999886 -0.015105 0.000009
vn 0.999885 -0.015141 0.000003
vn 0.999886 -0.015096 -0.000019
vn 0.999886 -0.015091 -0.000001
vn 0.999886 -0.015118 0.000021
vn 0.999886 -0.015105 0.000009
vn 0.999886 -0.015091 -0.000001
vn 0.999886 -0.015132 0.000009
vn 0.999885 -0.015158 0.000014
vn 0.999886 -0.015118 0.000021
vn 0.999884 -0.015254 -0.000330
vn 0.999885 -0.015188 -0.000306
vn 0.999884 -0.015199 -0.000148
vn 0.999883 -0.015304 -0.000328
vn 0.999885 -0.015188 -0.000306
vn 0.999886 -0.015122 -0.000264
vn 0.999885 -0.015148 -0.000132
vn 0.999884 -0.015199 -0.000148
vn 0.999886 -0.015122 -0.000264
vn 0.999886 -0.015078 -0.000212
vn 0.999886 -0.015120 -0.000109
vn 0.999885 -0.015148 -0.000132
vn 0.999886 -0.015078 -0.000212
vn 0.999887 -0.015058 -0.000156
vn 0.999886 -0.015102 -0.000078
vn 0.999886 -0.015120 -0.000109
vn 0.999887 -0.015058 -0.000156
vn 0.999887 -0.015054 -0.000102
vn 0.999886 -0.015093 -0.000045
vn 0.999886 -0.015102 -0.000078
vn 0.999887 -0.015054 -0.000102
vn 0.999887 -0.015064 -0.000053
vn 0.999886 -0.015096 -0.000019
vn 0.999886 -0.015093 -0.000045
vn 0.999887 -0.015064 -0.000053
vn 0.999886 -0.015089 -0.000020
vn 0.999886 -0.015091 -0.000001
vn 0.999886 -0.015096 -0.000019
vn 0.999886 -0.015089 -0.000020
vn 0.999886 -0.015107 -0.000010
vn 0.999886 -0.015132 0.000009
vn 0.999886 -0.015091 -0.000001
vn -0.999806 0.019681 0.000224
vn -0.999804 0.019797 0.000144
vn -0.999801 0.019953 -0.000018
vn -0.999804 0.019816 0.000339
vn -0.999804 0.019797 0.000144
vn -0.999803 0.019842 -0.000012
vn -0.999803 0.019857 -0.000008
vn -0.999801 0.019953 -0.000018
vn -0.999803 0.019842 -0.000012
vn -0.999804 0.019816 0.000062
vn -0.999804 0.019820 0.000085
vn -0.999803 0.019857 -0.000008
vn -0.999804 0.019816 0.000062
vn -0.999803 0.019835 0.000030
vn -0.999804 0.019791 0.000033
vn -0.999804 0.019820 0.000085
vn -0.999803 0.019835 0.000030
vn -0.999803 0.019827 0.000019
vn -0.999805 0.019760 -0.000008
vn -0.999804 0.019791 0.000033
vn -0.999803 0.019827 0.000019
vn -0.999806 0.019725 -0.000047
vn -0.999806 0.019705 0.000028
vn -0.999805 0.019760 -0.000008
vn -0.999806 0.019725 -0.000047
vn -0.999808 0.019605 -0.000107
vn -0.999809 0.019529 -0.000160
vn -0.999806 0.019705 0.000028
vn -0.999808 0.019605 -0.000107
vn -0.999801 0.019967 -0.000097
vn -0.999812 0.019381 -0.000084
vn -0.999809 0.019529 -0.000160
vn -0.999805 0.019747 0.000100
vn -0.999806 0.019711 0.000078
vn -0.999804 0.019797 0.000144
vn -0.999806 0.019681 0.000224
vn -0.999806 0.019711 0.000078
vn -0.999805 0.019763 0.000001
vn -0.999803 0.019842 -0.000012
vn -0.999804 0.019797 0.000144
vn -0.999805 0.019763 0.000001
vn -0.999804 0.019805 0.000038
vn -0.999804 0.019816 0.000062
vn -0.999803 0.019842 -0.000012
vn -0.999804 0.019805 0.000038
vn -0.999803 0.019873 0.000009
vn -0.999803 0.019835 0.000030
vn -0.999804 0.019816 0.000062
vn -0.999803 0.019873 0.000009
vn -0.999802 0.019901 0.000004
vn -0.999803 0.019827 0.000019
vn -0.999803 0.019835 0.000030
vn -0.999802 0.019901 0.000004
vn -0.999803 0.019854 -0.000040
vn -0.999806 0.019725 -0.000047
vn -0.999803 0.019827 0.000019
vn -0.999803 0.019854 -0.000040
vn -0.999801 0.019938 -0.000089
vn -0.999808 0.019605 -0.000107
vn -0.999806 0.019725 -0.000047
vn -0.999801 0.019938 -0.000089
vn -0.999801 0.019932 -0.000089
vn -0.999801 0.019967 -0.000097
vn -0.999808 0.019605 -0.000107
vn -0.999804 0.019779 0.000087
vn -0.999805 0.019741 0.000037
vn -0.999806 0.019711 0.000078
vn -0.999805 0.019747 0.000100
vn -0.999805 0.019741 0.000037
vn -0.999805 0.019756 0.000008
vn -0.999805 0.019763 0.000001
vn -0.999806 0.019711 0.000078
vn -0.999805 0.019756 0.000008
vn -0.999804 0.019799 0.000019
vn -0.999804 0.019805 0.000038
vn -0.999805 0.019763 0.000001
vn -0.999804 0.019799 0.000019
vn -0.999804 0.019782 -0.000002
vn -0.999803 0.019873 0.000009
vn -0.999804 0.019805 0.000038
vn -0.999804 0.019782 -0.000002
vn -0.999805 0.019768 0.000001
vn -0.999802 0.019901 0.000004
vn -0.999803 0.019873 0.000009
vn -0.999805 0.019768 0.000001
vn -0.999804 0.019772 -0.000016
vn -0.999803 0.019854 -0.000040
vn -0.999802 0.019901 0.000004
vn -0.999804 0.019772 -0.000016
vn -0.999804 0.019776 -0.000063
vn -0.999801 0.019938 -0.000089
vn -0.999803 0.019854 -0.000040
vn -0.999804 0.019776 -0.000063
vn -0.999805 0.019734 -0.000078
vn -0.999801 0.019932 -0.000089
vn -0.999801 0.019938 -0.000089
vn -0.999804 0.019781 0.000109
vn -0.999805 0.019773 0.000036
vn -0.999805 0.019741 0.000037
vn -0.999804 0.019779 0.000087
vn -0.999805 0.019773 0.000036
vn -0.999804 0.019778 -0.000008
vn -0.999805 0.019756 0.000008
vn -0.999805 0.019741 0.000037
vn -0.999804 0.019778 -0.000008
vn -0.999804 0.019781 0.000025
vn -0.999804 0.019799 0.000019
vn -0.999805 0.019756 0.000008
vn -0.999804 0.019781 0.000025
vn -0.999805 0.019742 0.000003
vn -0.999804 0.019782 -0.000002
vn -0.999804 0.019799 0.000019
vn -0.999805 0.019742 0.000003
vn -0.999805 0.019726 0.000013
vn -0.999805 0.019768 0.000001
vn -0.999804 0.019782 -0.000002
vn -0.999805 0.019726 0.000013
vn -0.999805 0.019738 -0.000012
vn -0.999804 0.019772 -0.000016
vn -0.999805 0.019768 0.000001
vn -0.999805 0.019738 -0.000012
vn -0.999805 0.019743 -0.000075
vn -0.999804 0.019776 -0.000063
vn -0.999804 0.019772 -0.000016
vn -0.999805 0.019743 -0.000075
vn -0.999805 0.019746 -0.000090
vn -0.999805 0.019734 -0.000078
vn -0.999804 0.019776 -0.000063
vn -0.999804 0.019824 0.000119
vn -0.999804 0.019808 0.000017
vn -0.999805 0.019773 0.000036
vn -0.999804 0.019781 0.000109
vn -0.999804 0.019808 0.000017
vn -0.999805 0.019761 -0.000024
vn -0.999804 0.019778 -0.000008
vn -0.999805 0.019773 0.000036
vn -0.999805 0.019761 -0.000024
vn -0.999804 0.019791 0.000041
vn -0.999804 0.019781 0.000025
vn -0.999804 0.019778 -0.000008
vn -0.999804 0.019791 0.000041
vn -0.999804 0.019778 -0.000003
vn -0.999805 0.019742 0.000003
vn -0.999804 0.019781 0.000025
vn -0.999804 0.019778 -0.000003
vn -0.999804 0.019788 0.000012
vn -0.999805 0.019726 0.000013
vn -0.999805 0.019742 0.000003
vn -0.999804 0.019788 0.000012
vn -0.999804 0.019805 -0.000036
vn -0.999805 0.019738 -0.000012
vn -0.999805 0.019726 0.000013
vn -0.999804 0.019805 -0.000036
vn -0.999804 0.019820 -0.000078
vn -0.999805 0.019743 -0.000075
vn -0.999805 0.019738 -0.000012
vn -0.999804 0.019820 -0.000078
vn -0.999803 0.019840 -0.000072
vn -0.999805 0.019746 -0.000090
vn -0.999805 0.019743 -0.000075
vn -0.999802 0.019878 0.000109
vn -0.999804 0.019780 -0.000004
vn -0.999804 0.019808 0.000017
vn -0.999804 0.019824 0.000119
vn -0.999804 0.019780 -0.000004
vn -0.999804 0.019810 -0.000007
vn -0.999805 0.019761 -0.000024
vn -0.999804 0.019808 0.000017
vn -0.999804 0.019810 -0.000007
vn -0.999802 0.019877 0.000029
vn -0.999804 0.019791 0.000041
vn -0.999805 0.019761 -0.000024
vn -0.999802 0.019877 0.000029
vn -0.999803 0.019873 -0.000034
vn -0.999804 0.019778 -0.000003
vn -0.999804 0.019791 0.000041
vn -0.999803 0.019873 -0.000034
vn -0.999803 0.019865 -0.000005
vn -0.999804 0.019788 0.000012
vn -0.999804 0.019778 -0.000003
vn -0.999803 0.019865 -0.000005
vn -0.999803 0.019843 -0.000067
vn -0.999804 0.019805 -0.000036
vn -0.999804 0.019788 0.000012
vn -0.999803 0.019843 -0.000067
vn -0.999804 0.019816 -0.000054
vn -0.999804 0.019820 -0.000078
vn -0.999804 0.019805 -0.000036
vn -0.999804 0.019816 -0.000054
vn -0.999804 0.019818 -0.000002
vn -0.999803 0.019840 -0.000072
vn -0.999804 0.019820 -0.000078
vn -0.999804 0.019820 0.000054
vn -0.999804 0.019806 -0.000063
vn -0.999804 0.019780 -0.000004
vn -0.999802 0.019878 0.000109
vn -0.999804 0.019806 -0.000063
vn -0.999803 0.019827 0.000009
vn -0.999804 0.019810 -0.000007
vn -0.999804 0.019780 -0.000004
vn -0.999803 0.019827 0.000009
vn -0.999803 0.019850 -0.000009
vn -0.999802 0.019877 0.000029
vn -0.999804 0.019810 -0.000007
vn -0.999803 0.019850 -0.000009
vn -0.999803 0.019847 -0.000036
vn -0.999803 0.019873 -0.000034
vn -0.999802 0.019877 0.000029
vn -0.999803 0.019847 -0.000036
vn -0.999804 0.019825 0.000024
vn -0.999803 0.019865 -0.000005
vn -0.999803 0.019873 -0.000034
vn -0.999804 0.019825 0.000024
vn -0.999803 0.019832 -0.000001
vn -0.999803 0.019843 -0.000067
vn -0.999803 0.019865 -0.000005
vn -0.999803 0.019832 -0.000001
vn -0.999805 0.019754 0.000059
vn -0.999804 0.019816 -0.000054
vn -0.999803 0.019843 -0.000067
vn -0.999805 0.019754 0.000059
vn -0.999804 0.019802 0.000071
vn -0.999804 0.019818 -0.000002
vn -0.999804 0.019816 -0.000054
vn -0.999804 0.019803 -0.000085
vn -0.999805 0.019759 -0.000044
vn -0.999804 0.019806 -0.000063
vn -0.999804 0.019820 0.000054
vn -0.999805 0.019759 -0.000044
vn -0.999805 0.019754 0.000036
vn -0.999803 0.019827 0.000009
vn -0.999804 0.019806 -0.000063
vn -0.999805 0.019754 0.000036
vn -0.999805 0.019761 -0.000035
vn -0.999803 0.019850 -0.000009
vn -0.999803 0.019827 0.000009
vn -0.999805 0.019761 -0.000035
vn -0.999805 0.019732 -0.000013
vn -0.999803 0.019847 -0.000036
vn -0.999803 0.019850 -0.000009
vn -0.999805 0.019732 -0.000013
vn -0.999806 0.019692 0.000065
vn -0.999804 0.019825 0.000024
vn -0.999803 0.019847 -0.000036
vn -0.999806 0.019692 0.000065
vn -0.999806 0.019702 0.000065
vn -0.999803 0.019832 -0.000001
vn -0.999804 0.019825 0.000024
vn -0.999806 0.019702 0.000065
vn -0.999805 0.019751 0.000073
vn -0.999805 0.019754 0.000059
vn -0.999803 0.019832 -0.000001
vn -0.999805 0.019751 0.000073
vn -0.999808 0.019610 0.000266
vn -0.999804 0.019802 0.000071
vn -0.999805 0.019754 0.000059
s off
g Bugle
usemtl set1
f 4/833/1 223/834/2 224/1363/3 2/1359/4
f 229/290/5 190/291/6 223/834/7 4/833/8
f 8/911/9 221/912/10 222/1470/11 6/1468/12
f 658/368/13 619/375/14 221/912/15 8/911/16
f 223/834/17 187/835/18 188/1364/19 224/1363/20
f 190/291/21 151/301/22 187/835/23 223/834/24
f 221/912/25 185/919/26 186/1473/27 222/1470/28
f 619/375/29 580/376/30 185/919/31 221/912/32
f 12/856/33 183/857/34 184/1399/35 10/1394/36
f 1048/339/37 1009/344/38 183/857/39 12/856/40
f 187/835/41 149/836/42 182/1366/43 188/1364/44
f 151/301/45 112/308/46 149/836/47 187/835/48
f 185/919/49 147/920/50 148/1477/51 186/1473/52
f 580/376/53 541/377/54 147/920/55 185/919/56
f 183/857/57 145/864/58 146/1403/59 184/1399/60
f 1009/344/61 970/347/62 145/864/63 183/857/64
f 149/836/65 109/843/66 110/1367/67 182/1366/68
f 112/308/69 95/312/70 109/843/71 149/836/72
f 147/920/73 143/921/74 144/1480/75 148/1477/76
f 541/377/77 502/378/78 143/921/79 147/920/80
f 145/864/81 107/870/82 108/1406/83 146/1403/84
f 970/347/85 931/349/86 107/870/87 145/864/88
f 143/921/89 105/922/90 106/1481/91 144/1480/92
f 502/378/93 463/385/94 105/922/95 143/921/96
f 109/843/97 103/844/98 104/1368/99 110/1367/100
f 95/312/101 1282/315/102 103/844/103 109/843/104
f 107/870/105 101/899/106 102/1410/107 108/1406/108
f 931/349/109 892/356/110 101/899/111 107/870/112
f 105/922/113 99/923/114 100/1482/115 106/1481/116
f 463/385/117 424/386/118 99/923/119 105/922/120
f 103/844/121 62/845/122 64/1370/123 104/1368/124
f 1282/315/125 1243/318/126 62/845/127 103/844/128
f 3392/3427/129 1312/3425/130 65/3446/131 3361/3448/132
f 2112/3409/133 1311/3399/134 66/3416/135 2081/3429/136
f 2973/4329/137 2972/4322/138 2637/4321/139 2638/4328/140
f 1310/117/141 1309/451/142 68/453/143 67/122/144
f 1309/451/145 1308/672/146 69/674/147 68/453/148
f 1308/672/149 1307/941/150 70/944/151 69/674/152
f 1307/941/153 1306/1165/154 71/1181/155 70/944/156
f 1306/1165/157 1305/1436/158 72/1435/159 71/1181/160
f 1305/1436/161 1304/1727/162 73/1730/163 72/1435/164
f 1304/1727/165 1303/2072/166 74/2074/167 73/1730/168
f 1303/2072/169 1302/2340/170 75/2342/171 74/2074/172
f 1302/2340/173 1301/2486/174 76/2485/175 75/2342/176
f 1301/2486/177 1300/2675/178 77/2671/179 76/2485/180
f 2539/370/181 2537/380/182 2363/379/183 2364/369/184
f 1393/2663/185 1298/2590/186 79/2589/187 1424/2656/188
f 1456/2513/189 1297/2428/190 80/2427/191 1425/2515/192
f 1488/2373/193 1296/2274/194 81/2277/195 1457/2371/196
f 2572/373/197 2602/364/198 2251/365/199 2253/374/200
f 1295/145/201 1294/491/202 83/493/203 82/149/204
f 1294/491/205 1293/699/206 84/698/207 83/493/208
f 1293/699/209 1292/988/210 85/986/211 84/698/212
f 1292/988/213 1291/1310/214 86/1309/215 85/986/216
f 1251/3975/217 666/3967/218 2689/3968/219 2694/3976/220
f 2822/3895/221 2817/3904/222 2761/3901/223 2758/3893/224
f 1289/1995/225 1288/1513/226 89/1510/227 88/1994/228
f 1288/1513/229 1287/1231/230 90/1233/231 89/1510/232
f 1329/1114/233 1286/1041/234 91/1036/235 1360/1112/236
f 1520/876/237 1285/778/238 92/780/239 1489/875/240
f 1552/637/241 1284/562/242 93/559/243 1521/636/244
f 1584/407/245 1283/314/246 94/317/247 1553/409/248
f 1361/186/249 1282/315/250 95/312/251 1392/181/252
f 575/2965/253 226/2977/254 1164/3665/255 1125/3659/256
f 101/899/257 97/900/258 98/1418/259 102/1410/260
f 892/356/261 853/357/262 97/900/263 101/899/264
f 99/923/265 58/930/266 60/1484/267 100/1482/268
f 424/386/269 385/387/270 58/930/271 99/923/272
f 97/900/273 54/901/274 56/1423/275 98/1418/276
f 853/357/277 814/358/278 54/901/279 97/900/280
f 62/845/281 50/846/282 52/1374/283 64/1370/284
f 3391/3407/285 1273/3406/286 1312/3425/287 3392/3427/288
f 2111/3393/289 1272/3382/290 1311/3399/291 2112/3409/292
f 2898/4179/293 2896/4187/294 2660/4186/295 2661/4178/296
f 1271/113/297 1270/449/298 1309/451/299 1310/117/300
f 1270/449/301 1269/670/302 1308/672/303 1309/451/304
f 1269/670/305 1268/935/306 1307/941/307 1308/672/308
f 1268/935/309 1267/1166/310 1306/1165/311 1307/941/312
f 1267/1166/313 1266/1437/314 1305/1436/315 1306/1165/316
f 1266/1437/317 1265/1725/318 1304/1727/319 1305/1436/320
f 1265/1725/321 1264/2070/322 1303/2072/323 1304/1727/324
f 1264/2070/325 1263/2338/326 1302/2340/327 1303/2072/328
f 1263/2338/329 1262/2488/330 1301/2486/331 1302/2340/332
f 1262/2488/333 1261/2678/334 1300/2675/335 1301/2486/336
f 2456/966/337 2468/1005/338 2266/1007/339 2268/967/340
f 1394/2669/341 1259/2593/342 1298/2590/343 1393/2663/344
f 1455/2511/345 1258/2429/346 1297/2428/347 1456/2513/348
f 1487/2375/349 1257/2271/350 1296/2274/351 1488/2373/352
f 2409/1039/353 2407/1017/354 2307/1015/355 2330/1038/356
f 1256/143/357 1255/489/358 1294/491/359 1295/145/360
f 1255/489/361 1254/702/362 1293/699/363 1294/491/364
f 1254/702/365 1253/990/366 1292/988/367 1293/699/368
f 1253/990/369 1252/1312/370 1291/1310/371 1292/988/372
f 2826/3879/373 2819/3887/374 2755/3885/375 2752/3877/376
f 2830/3864/377 2823/3870/378 2749/3867/379 2746/3861/380
f 1250/1999/381 1249/1515/382 1288/1513/383 1289/1995/384
f 1249/1515/385 1248/1229/386 1287/1231/387 1288/1513/388
f 1330/1115/389 1247/1046/390 1286/1041/391 1329/1114/392
f 1519/878/393 1246/776/394 1285/778/395 1520/876/396
f 1551/638/397 1245/564/398 1284/562/399 1552/637/400
f 1583/406/401 1244/311/402 1283/314/403 1584/407/404
f 1362/191/405 1243/318/406 1282/315/407 1361/186/408
f 573/3167/409 260/3174/410 735/3757/411 696/3759/412
f 1243/318/413 1204/321/414 50/846/415 62/845/416
f 58/823/417 46/824/418 48/1308/419 60/1289/420
f 385/286/421 346/287/422 46/824/423 58/823/424
f 54/901/425 38/908/426 40/1460/427 56/1423/428
f 814/358/429 775/359/430 38/908/431 54/901/432
f 50/846/433 42/847/434 44/1380/435 52/1374/436
f 1204/321/437 1165/324/438 42/847/439 50/846/440
f 3390/3385/441 1234/3384/442 1273/3406/443 3391/3407/444
f 2110/3371/445 1233/3360/446 1272/3382/447 2111/3393/448
f 2969/4347/449 2968/4337/450 2639/4336/451 2640/4346/452
f 1232/105/453 1231/447/454 1270/449/455 1271/113/456
f 1231/447/457 1230/668/458 1269/670/459 1270/449/460
f 1230/668/461 1229/936/462 1268/935/463 1269/670/464
f 1229/936/465 1228/1167/466 1267/1166/467 1268/935/468
f 1228/1167/469 1227/1438/470 1266/1437/471 1267/1166/472
f 1227/1438/473 1226/1723/474 1265/1725/475 1266/1437/476
f 1226/1723/477 1225/2068/478 1264/2070/479 1265/1725/480
f 1225/2068/481 1224/2336/482 1263/2338/483 1264/2070/484
f 1224/2336/485 1223/2490/486 1262/2488/487 1263/2338/488
f 1223/2490/489 1222/2683/490 1261/2678/491 1262/2488/492
f 2537/380/493 2535/389/494 2362/388/495 2363/379/496
f 1395/2673/497 1220/2595/498 1259/2593/499 1394/2669/500
f 1454/2509/501 1219/2436/502 1258/2429/503 1455/2511/504
f 1486/2376/505 1218/2269/506 1257/2271/507 1487/2375/508
f 2576/602/509 2600/596/510 2281/595/511 2283/601/512
f 1217/140/513 1216/486/514 1255/489/515 1256/143/516
f 1216/486/517 1215/704/518 1254/702/519 1255/489/520
f 1215/704/521 1214/992/522 1253/990/523 1254/702/524
f 1214/992/525 1213/1314/526 1252/1312/527 1253/990/528
f 2836/3839/529 2827/3854/530 2743/3850/531 2740/3837/532
f 2840/3952/533 2831/3962/534 2782/3963/535 2779/3953/536
f 1211/2000/537 1210/1519/538 1249/1515/539 1250/1999/540
f 1210/1519/541 1209/1227/542 1248/1229/543 1249/1515/544
f 1331/1116/545 1208/1048/546 1247/1046/547 1330/1115/548
f 1518/879/549 1207/774/550 1246/776/551 1519/878/552
f 1550/639/553 1206/566/554 1245/564/555 1551/638/556
f 1582/408/557 1205/309/558 1244/311/559 1583/406/560
f 1363/193/561 1204/321/562 1243/318/563 1362/191/564
f 226/2977/565 262/2987/566 1203/3670/567 1164/3665/568
f 46/824/569 34/825/570 36/1335/571 48/1308/572
f 346/287/573 307/288/574 34/825/575 46/824/576
f 42/847/577 30/854/578 32/1386/579 44/1380/580
f 1165/324/581 1126/327/582 30/854/583 42/847/584
f 38/908/585 26/909/586 28/1464/587 40/1460/588
f 775/359/589 736/366/590 26/909/591 38/908/592
f 34/825/593 22/831/594 24/1357/595 36/1335/596
f 3389/3363/597 1195/3362/598 1234/3384/599 3390/3385/600
f 2109/3346/601 1194/3342/602 1233/3360/603 2110/3371/604
f 2897/4233/605 2895/4241/606 2686/4240/607 2687/4232/608
f 1193/102/609 1192/445/610 1231/447/611 1232/105/612
f 1192/445/613 1191/666/614 1230/668/615 1231/447/616
f 1191/666/617 1190/937/618 1229/936/619 1230/668/620
f 1190/937/621 1189/1168/622 1228/1167/623 1229/936/624
f 1189/1168/625 1188/1439/626 1227/1438/627 1228/1167/628
f 1188/1439/629 1187/1720/630 1226/1723/631 1227/1438/632
f 1187/1720/633 1186/2066/634 1225/2068/635 1226/1723/636
f 1186/2066/637 1185/2334/638 1224/2336/639 1225/2068/640
f 1185/2334/641 1184/2492/642 1223/2490/643 1224/2336/644
f 1184/2492/645 1183/2687/646 1222/2683/647 1223/2490/648
f 2407/1017/649 2405/1011/650 2308/1009/651 2307/1015/652
f 1396/2677/653 1181/2598/654 1220/2595/655 1395/2673/656
f 1453/2507/657 1180/2439/658 1219/2436/659 1454/2509/660
f 1485/2378/661 1179/2266/662 1218/2269/663 1486/2376/664
f 2535/389/665 2533/398/666 2361/397/667 2362/388/668
f 1178/134/669 1177/484/670 1216/486/671 1217/140/672
f 1177/484/673 1176/706/674 1215/704/675 1216/486/676
f 1176/706/677 1175/994/678 1214/992/679 1215/704/680
f 1175/994/681 1174/1321/682 1213/1314/683 1214/992/684
f 1173/3903/685 1134/3898/686 2760/3894/687 2763/3900/688
f 2844/3811/689 2833/3826/690 2737/3825/691 2734/3813/692
f 1172/2004/693 1171/1521/694 1210/1519/695 1211/2000/696
f 1171/1521/697 1170/1225/698 1209/1227/699 1210/1519/700
f 1332/1117/701 1169/1050/702 1208/1048/703 1331/1116/704
f 1517/881/705 1168/772/706 1207/774/707 1518/879/708
f 1549/640/709 1167/568/710 1206/566/711 1550/639/712
f 1581/410/713 1166/306/714 1205/309/715 1582/408/716
f 1364/196/717 1165/324/718 1204/321/719 1363/193/720
f 260/3174/721 264/3180/722 774/3755/723 735/3757/724
f 307/288/725 268/289/726 22/831/727 34/825/728
f 30/854/729 14/855/730 16/1390/731 32/1386/732
f 1126/327/733 1087/336/734 14/855/735 30/854/736
f 26/909/737 18/910/738 20/1467/739 28/1464/740
f 736/366/741 697/367/742 18/910/743 26/909/744
f 22/831/745 4/833/746 2/1359/747 24/1357/748
f 268/289/749 229/290/750 4/833/751 22/831/752
f 3388/3337/753 1156/3335/754 1195/3362/755 3389/3363/756
f 2108/3324/757 1155/3322/758 1194/3342/759 2109/3346/760
f 2965/4364/761 2964/4354/762 2641/4353/763 2642/4363/764
f 1154/103/765 1153/443/766 1192/445/767 1193/102/768
f 1153/443/769 1152/663/770 1191/666/771 1192/445/772
f 1152/663/773 1151/931/774 1190/937/775 1191/666/776
f 1151/931/777 1150/1169/778 1189/1168/779 1190/937/780
f 1150/1169/781 1149/1440/782 1188/1439/783 1189/1168/784
f 1149/1440/785 1148/1718/786 1187/1720/787 1188/1439/788
f 1148/1718/789 1147/2064/790 1186/2066/791 1187/1720/792
f 1147/2064/793 1146/2332/794 1185/2334/795 1186/2066/796
f 1146/2332/797 1145/2494/798 1184/2492/799 1185/2334/800
f 1145/2494/801 1144/2693/802 1183/2687/803 1184/2492/804
f 2580/296/805 2598/284/806 2242/285/807 2245/297/808
f 1397/2681/809 1142/2601/810 1181/2598/811 1396/2677/812
f 1452/2505/813 1141/2441/814 1180/2439/815 1453/2507/816
f 1484/2379/817 1140/2264/818 1179/2266/819 1485/2378/820
f 2405/1011/821 2403/1006/822 2309/1004/823 2308/1009/824
f 1139/127/825 1138/482/826 1177/484/827 1178/134/828
f 1138/482/829 1137/707/830 1176/706/831 1177/484/832
f 1137/707/833 1136/996/834 1175/994/835 1176/706/836
f 1136/996/837 1135/1320/838 1174/1321/839 1175/994/840
f 2848/3935/841 2837/3945/842 2776/3946/843 2773/3937/844
f 1017/3890/845 978/3881/846 2754/3878/847 2757/3886/848
f 1133/2008/849 1132/1524/850 1171/1521/851 1172/2004/852
f 1132/1524/853 1131/1223/854 1170/1225/855 1171/1521/856
f 1333/1118/857 1130/1052/858 1169/1050/859 1332/1117/860
f 1516/883/861 1129/770/862 1168/772/863 1517/881/864
f 1548/641/865 1128/570/866 1167/568/867 1549/640/868
f 1580/411/869 1127/304/870 1166/306/871 1581/410/872
f 1365/198/873 1126/327/874 1165/324/875 1364/196/876
f 539/3095/877 266/3101/878 345/3721/879 306/3716/880
f 18/910/881 8/911/882 6/1468/883 20/1467/884
f 697/367/885 658/368/886 8/911/887 18/910/888
f 14/855/889 12/856/890 10/1394/891 16/1390/892
f 1087/336/893 1048/339/894 12/856/895 14/855/896
f 576/2502/897 225/2532/898 226/2977/899 575/2965/900
f 1158/1972/901 1280/1983/902 225/2532/903 576/2502/904
f 574/2568/905 227/2570/906 260/3174/907 573/3167/908
f 3387/3313/909 1117/3312/910 1156/3335/911 3388/3337/912
f 2107/3307/913 1116/3305/914 1155/3322/915 2108/3324/916
f 2896/4187/917 2894/4197/918 2659/4196/919 2660/4186/920
f 1115/104/921 1114/441/922 1153/443/923 1154/103/924
f 1114/441/925 1113/661/926 1152/663/927 1153/443/928
f 1113/661/929 1112/932/930 1151/931/931 1152/663/932
f 1112/932/933 1111/1170/934 1150/1169/935 1151/931/936
f 1111/1170/937 1110/1441/938 1149/1440/939 1150/1169/940
f 1110/1441/941 1109/1716/942 1148/1718/943 1149/1440/944
f 1109/1716/945 1108/2062/946 1147/2064/947 1148/1718/948
f 1108/2062/949 1107/2330/950 1146/2332/951 1147/2064/952
f 1107/2330/953 1106/2496/954 1145/2494/955 1146/2332/956
f 1106/2496/957 1105/2695/958 1144/2693/959 1145/2494/960
f 2584/542/961 2596/536/962 2273/535/963 2275/541/964
f 1398/2685/965 1103/2603/966 1142/2601/967 1397/2681/968
f 1451/2504/969 1102/2443/970 1141/2441/971 1452/2505/972
f 1483/2380/973 1101/2261/974 1140/2264/975 1484/2379/976
f 2533/398/977 2531/404/978 2360/405/979 2361/397/980
f 1100/123/981 1099/480/982 1138/482/983 1139/127/984
f 1099/480/985 1098/708/986 1137/707/987 1138/482/988
f 1098/708/989 1097/998/990 1136/996/991 1137/707/992
f 1097/998/993 1096/1318/994 1135/1320/995 1136/996/996
f 2852/3788/997 2841/3800/998 2731/3804/999 2728/3792/1000
f 2856/3920/1001 2845/3928/1002 2770/3929/1003 2767/3922/1004
f 1094/2011/1005 1093/1526/1006 1132/1524/1007 1133/2008/1008
f 1093/1526/1009 1092/1222/1010 1131/1223/1011 1132/1524/1012
f 1334/1122/1013 1091/1054/1014 1130/1052/1015 1333/1118/1016
f 1515/884/1017 1090/768/1018 1129/770/1019 1516/883/1020
f 1547/642/1021 1089/573/1022 1128/570/1023 1548/641/1024
f 1579/413/1025 1088/302/1026 1127/304/1027 1580/411/1028
f 1366/202/1029 1087/336/1030 1126/327/1031 1365/198/1032
f 262/2987/1033 300/3001/1034 1242/3675/1035 1203/3670/1036
f 1124/2197/1037 1279/2201/1038 227/2570/1039 574/2568/1040
f 225/2532/1041 261/2540/1042 262/2987/1043 226/2977/1044
f 1280/1983/1045 1278/2017/1046 261/2540/1047 225/2532/1048
f 227/2570/1049 263/2571/1050 264/3180/1051 260/3174/1052
f 1279/2201/1053 1277/2204/1054 263/2571/1055 227/2570/1056
f 572/2556/1057 265/2557/1058 266/3101/1059 539/3095/1060
f 1122/2139/1061 1276/2142/1062 265/2557/1063 572/2556/1064
f 3386/3292/1065 1078/3291/1066 1117/3312/1067 3387/3313/1068
f 2106/3286/1069 1077/3285/1070 1116/3305/1071 2107/3307/1072
f 2961/4381/1073 2960/4372/1074 2643/4371/1075 2644/4380/1076
f 1076/107/1077 1075/439/1078 1114/441/1079 1115/104/1080
f 1075/439/1081 1074/662/1082 1113/661/1083 1114/441/1084
f 1074/662/1085 1073/933/1086 1112/932/1087 1113/661/1088
f 1073/933/1089 1072/1171/1090 1111/1170/1091 1112/932/1092
f 1072/1171/1093 1071/1442/1094 1110/1441/1095 1111/1170/1096
f 1071/1442/1097 1070/1714/1098 1109/1716/1099 1110/1441/1100
f 1070/1714/1101 1069/2060/1102 1108/2062/1103 1109/1716/1104
f 1069/2060/1105 1068/2328/1106 1107/2330/1107 1108/2062/1108
f 1068/2328/1109 1067/2498/1110 1106/2496/1111 1107/2330/1112
f 1067/2498/1113 1066/2697/1114 1105/2695/1115 1106/2496/1116
f 2403/1006/1117 2401/968/1118 2310/965/1119 2309/1004/1120
f 1399/2689/1121 1064/2605/1122 1103/2603/1123 1398/2685/1124
f 1450/2506/1125 1063/2445/1126 1102/2443/1127 1451/2504/1128
f 1482/2382/1129 1062/2259/1130 1101/2261/1131 1483/2380/1132
f 2531/404/1133 2529/476/1134 2359/477/1135 2360/405/1136
f 1061/115/1137 1060/478/1138 1099/480/1139 1100/123/1140
f 1060/478/1141 1059/709/1142 1098/708/1143 1099/480/1144
f 1059/709/1145 1058/1000/1146 1097/998/1147 1098/708/1148
f 1058/1000/1149 1057/1322/1150 1096/1318/1151 1097/998/1152
f 861/3873/1153 822/3863/1154 2748/3860/1155 2751/3868/1156
f 2860/3762/1157 2849/3775/1158 2725/3779/1159 2722/3766/1160
f 1055/2007/1161 1054/1528/1162 1093/1526/1163 1094/2011/1164
f 1054/1528/1165 1053/1224/1166 1092/1222/1167 1093/1526/1168
f 1335/1127/1169 1052/1056/1170 1091/1054/1171 1334/1122/1172
f 1514/886/1173 1051/766/1174 1090/768/1175 1515/884/1176
f 1546/643/1177 1050/577/1178 1089/573/1179 1547/642/1180
f 1578/414/1181 1049/299/1182 1088/302/1183 1579/413/1184
f 1367/204/1185 1048/339/1186 1087/336/1187 1366/202/1188
f 264/3180/1189 302/3183/1190 813/3753/1191 774/3755/1192
f 261/2540/1193 299/2542/1194 300/3001/1195 262/2987/1196
f 1278/2017/1197 1275/2048/1198 299/2542/1199 261/2540/1200
f 263/2571/1201 301/2573/1202 302/3183/1203 264/3180/1204
f 1277/2204/1205 1274/2206/1206 301/2573/1207 263/2571/1208
f 265/2557/1209 303/2558/1210 304/3111/1211 266/3101/1212
f 1276/2142/1213 1241/2150/1214 303/2558/1215 265/2557/1216
f 299/2542/1217 339/2544/1218 340/3010/1219 300/3001/1220
f 3385/3270/1221 1039/3269/1222 1078/3291/1223 3386/3292/1224
f 2105/3266/1225 1038/3261/1226 1077/3285/1227 2106/3286/1228
f 2895/4241/1229 2893/4250/1230 2685/4249/1231 2686/4240/1232
f 1037/101/1233 1036/440/1234 1075/439/1235 1076/107/1236
f 1036/440/1237 1035/664/1238 1074/662/1239 1075/439/1240
f 1035/664/1241 1034/934/1242 1073/933/1243 1074/662/1244
f 1034/934/1245 1033/1172/1246 1072/1171/1247 1073/933/1248
f 1033/1172/1249 1032/1443/1250 1071/1442/1251 1072/1171/1252
f 1032/1443/1253 1031/1713/1254 1070/1714/1255 1071/1442/1256
f 1031/1713/1257 1030/2059/1258 1069/2060/1259 1070/1714/1260
f 1030/2059/1261 1029/2327/1262 1068/2328/1263 1069/2060/1264
f 1029/2327/1265 1028/2499/1266 1067/2498/1267 1068/2328/1268
f 1028/2499/1269 1027/2699/1270 1066/2697/1271 1067/2498/1272
f 2588/518/1273 2594/512/1274 2265/511/1275 2267/517/1276
f 1400/2691/1277 1025/2607/1278 1064/2605/1279 1399/2689/1280
f 1449/2508/1281 1024/2447/1282 1063/2445/1283 1450/2506/1284
f 1481/2383/1285 1023/2260/1286 1062/2259/1287 1482/2382/1288
f 2401/968/1289 2369/928/1290 2311/927/1291 2310/965/1292
f 1022/94/1293 1021/479/1294 1060/478/1295 1061/115/1296
f 1021/479/1297 1020/710/1298 1059/709/1299 1060/478/1300
f 1020/710/1301 1019/1001/1302 1058/1000/1303 1059/709/1304
f 1019/1001/1305 1018/1323/1306 1057/1322/1307 1058/1000/1308
f 705/3853/1309 510/3841/1310 2742/3838/1311 2745/3851/1312
f 549/3960/1313 354/3949/1314 2781/3950/1315 2784/3961/1316
f 1016/2010/1317 1015/1530/1318 1054/1528/1319 1055/2007/1320
f 1015/1530/1321 1014/1226/1322 1053/1224/1323 1054/1528/1324
f 1336/1128/1325 1013/1057/1326 1052/1056/1327 1335/1127/1328
f 1513/887/1329 1012/767/1330 1051/766/1331 1514/886/1332
f 1545/644/1333 1011/581/1334 1050/577/1335 1546/643/1336
f 1577/416/1337 1010/298/1338 1049/299/1339 1578/414/1340
f 1368/209/1341 1009/344/1342 1048/339/1343 1367/204/1344
f 266/3101/1345 304/3111/1346 384/3729/1347 345/3721/1348
f 1275/2048/1349 1239/2051/1350 339/2544/1351 299/2542/1352
f 301/2573/1353 305/2575/1354 338/3184/1355 302/3183/1356
f 1274/2206/1357 1240/2209/1358 305/2575/1359 301/2573/1360
f 303/2558/1361 341/2559/1362 342/3121/1363 304/3111/1364
f 1241/2150/1365 1238/2157/1366 341/2559/1367 303/2558/1368
f 305/2575/1369 343/2576/1370 344/3190/1371 338/3184/1372
f 1240/2209/1373 1237/2213/1374 343/2576/1375 305/2575/1376
f 3384/3246/1377 1000/3247/1378 1039/3269/1379 3385/3270/1380
f 2104/3252/1381 999/3253/1382 1038/3261/1383 2105/3266/1384
f 2957/4399/1385 2956/4390/1386 2645/4389/1387 2646/4398/1388
f 998/111/1389 997/442/1390 1036/440/1391 1037/101/1392
f 997/442/1393 996/665/1394 1035/664/1395 1036/440/1396
f 996/665/1397 995/938/1398 1034/934/1399 1035/664/1400
f 995/938/1401 994/1173/1402 1033/1172/1403 1034/934/1404
f 994/1173/1405 993/1444/1406 1032/1443/1407 1033/1172/1408
f 993/1444/1409 992/1715/1410 1031/1713/1411 1032/1443/1412
f 992/1715/1413 991/2061/1414 1030/2059/1415 1031/1713/1416
f 991/2061/1417 990/2329/1418 1029/2327/1419 1030/2059/1420
f 990/2329/1421 989/2500/1422 1028/2499/1423 1029/2327/1424
f 989/2500/1425 988/2698/1426 1027/2699/1427 1028/2499/1428
f 2529/476/1429 2497/515/1430 2358/516/1431 2359/477/1432
f 1401/2692/1433 986/2609/1434 1025/2607/1435 1400/2691/1436
f 1448/2510/1437 985/2448/1438 1024/2447/1439 1449/2508/1440
f 1480/2384/1441 984/2263/1442 1023/2260/1443 1481/2383/1444
f 2464/1157/1445 2466/1162/1446 2300/1160/1447 2302/1156/1448
f 983/91/1449 982/481/1450 1021/479/1451 1022/94/1452
f 982/481/1453 981/711/1454 1020/710/1455 1021/479/1456
f 981/711/1457 980/1002/1458 1019/1001/1459 1020/710/1460
f 980/1002/1461 979/1319/1462 1018/1323/1463 1019/1001/1464
f 2864/3722/1465 2857/3738/1466 2719/3743/1467 2716/3725/1468
f 393/3829/1469 198/3814/1470 2736/3816/1471 2739/3828/1472
f 977/2012/1473 976/1533/1474 1015/1530/1475 1016/2010/1476
f 976/1533/1477 975/1228/1478 1014/1226/1479 1015/1530/1480
f 1337/1130/1481 974/1059/1482 1013/1057/1483 1336/1128/1484
f 1512/889/1485 973/769/1486 1012/767/1487 1513/887/1488
f 1544/645/1489 972/584/1490 1011/581/1491 1545/644/1492
f 1576/417/1493 971/300/1494 1010/298/1495 1577/416/1496
f 1369/219/1497 970/347/1498 1009/344/1499 1368/209/1500
f 300/3001/1501 340/3010/1502 1281/3679/1503 1242/3675/1504
f 339/2544/1505 377/2545/1506 378/3025/1507 340/3010/1508
f 1239/2051/1509 1236/2095/1510 377/2545/1511 339/2544/1512
f 341/2559/1513 379/2560/1514 380/3126/1515 342/3121/1516
f 1238/2157/1517 1235/2163/1518 379/2560/1519 341/2559/1520
f 343/2576/1521 381/2578/1522 382/3197/1523 344/3190/1524
f 1237/2213/1525 1202/2216/1526 381/2578/1527 343/2576/1528
f 377/2545/1529 417/2548/1530 418/3039/1531 378/3025/1532
f 3383/3225/1533 961/3226/1534 1000/3247/1535 3384/3246/1536
f 2103/3231/1537 960/3232/1538 999/3253/1539 2104/3252/1540
f 2894/4197/1541 2881/4205/1542 2658/4204/1543 2659/4196/1544
f 959/108/1545 958/444/1546 997/442/1547 998/111/1548
f 958/444/1549 957/667/1550 996/665/1551 997/442/1552
f 957/667/1553 956/939/1554 995/938/1555 996/665/1556
f 956/939/1557 955/1174/1558 994/1173/1559 995/938/1560
f 955/1174/1561 954/1445/1562 993/1444/1563 994/1173/1564
f 954/1445/1565 953/1717/1566 992/1715/1567 993/1444/1568
f 953/1717/1569 952/2063/1570 991/2061/1571 992/1715/1572
f 952/2063/1573 951/2331/1574 990/2329/1575 991/2061/1576
f 951/2331/1577 950/2497/1578 989/2500/1579 990/2329/1580
f 950/2497/1581 949/2696/1582 988/2698/1583 989/2500/1584
f 2369/928/1585 2371/917/1586 2312/916/1587 2311/927/1588
f 1402/2690/1589 947/2611/1590 986/2609/1591 1401/2692/1592
f 1447/2512/1593 946/2450/1594 985/2448/1595 1448/2510/1596
f 1479/2385/1597 945/2265/1598 984/2263/1599 1480/2384/1600
f 2497/515/1601 2499/521/1602 2357/522/1603 2358/516/1604
f 944/84/1605 943/483/1606 982/481/1607 983/91/1608
f 943/483/1609 942/712/1610 981/711/1611 982/481/1612
f 942/712/1613 941/999/1614 980/1002/1615 981/711/1616
f 941/999/1617 940/1316/1618 979/1319/1619 980/1002/1620
f 237/3942/1621 2785/3936/1622 2775/3938/1623 2778/3943/1624
f 2868/4092/1625 2861/4114/1626 2713/4119/1627 2710/4096/1628
f 938/2009/1629 937/1534/1630 976/1533/1631 977/2012/1632
f 937/1534/1633 936/1230/1634 975/1228/1635 976/1533/1636
f 1338/1131/1637 935/1058/1638 974/1059/1639 1337/1130/1640
f 1511/891/1641 934/771/1642 973/769/1643 1512/889/1644
f 1543/646/1645 933/585/1646 972/584/1647 1544/645/1648
f 1575/419/1649 932/303/1650 971/300/1651 1576/417/1652
f 1370/222/1653 931/349/1654 970/347/1655 1369/219/1656
f 302/3183/1657 338/3184/1658 852/3747/1659 813/3753/1660
f 1236/2095/1661 1200/2104/1662 417/2548/1663 377/2545/1664
f 379/2560/1665 383/2561/1666 416/3137/1667 380/3126/1668
f 1235/2163/1669 1201/2168/1670 383/2561/1671 379/2560/1672
f 381/2578/1673 419/2580/1674 420/3201/1675 382/3197/1676
f 1202/2216/1677 1199/2220/1678 419/2580/1679 381/2578/1680
f 383/2561/1681 421/2563/1682 422/3142/1683 416/3137/1684
f 1201/2168/1685 1198/2175/1686 421/2563/1687 383/2561/1688
f 3382/3193/1689 922/3196/1690 961/3226/1691 3383/3225/1692
f 2102/3205/1693 921/3212/1694 960/3232/1695 2103/3231/1696
f 2893/4250/1697 2883/4260/1698 2684/4259/1699 2685/4249/1700
f 920/106/1701 919/446/1702 958/444/1703 959/108/1704
f 919/446/1705 918/669/1706 957/667/1707 958/444/1708
f 918/669/1709 917/940/1710 956/939/1711 957/667/1712
f 917/940/1713 916/1182/1714 955/1174/1715 956/939/1716
f 916/1182/1717 915/1446/1718 954/1445/1719 955/1174/1720
f 915/1446/1721 914/1719/1722 953/1717/1723 954/1445/1724
f 914/1719/1725 913/2065/1726 952/2063/1727 953/1717/1728
f 913/2065/1729 912/2333/1730 951/2331/1731 952/2063/1732
f 912/2333/1733 911/2495/1734 950/2497/1735 951/2331/1736
f 911/2495/1737 910/2694/1738 949/2696/1739 950/2497/1740
f 2371/917/1741 2373/906/1742 2313/907/1743 2312/916/1744
f 1403/2686/1745 908/2613/1746 947/2611/1747 1402/2690/1748
f 1446/2514/1749 907/2451/1750 946/2450/1751 1447/2512/1752
f 1478/2387/1753 906/2267/1754 945/2265/1755 1479/2385/1756
f 2499/521/1757 2501/527/1758 2356/528/1759 2357/522/1760
f 905/80/1761 904/485/1762 943/483/1763 944/84/1764
f 904/485/1765 903/713/1766 942/712/1767 943/483/1768
f 903/713/1769 902/997/1770 941/999/1771 942/712/1772
f 902/997/1773 901/1317/1774 940/1316/1775 941/999/1776
f 87/3802/1777 2789/3790/1778 2730/3793/1779 2733/3807/1780
f 2788/3930/1781 2793/3921/1782 2769/3923/1783 2772/3931/1784
f 899/2005/1785 898/1535/1786 937/1534/1787 938/2009/1788
f 898/1535/1789 897/1232/1790 936/1230/1791 937/1534/1792
f 1339/1133/1793 896/1055/1794 935/1058/1795 1338/1131/1796
f 1510/892/1797 895/773/1798 934/771/1799 1511/891/1800
f 1542/647/1801 894/583/1802 933/585/1803 1543/646/1804
f 1574/421/1805 893/305/1806 932/303/1807 1575/419/1808
f 1371/227/1809 892/356/1810 931/349/1811 1370/222/1812
f 304/3111/1813 342/3121/1814 423/3735/1815 384/3729/1816
f 417/2548/1817 455/2550/1818 456/3054/1819 418/3039/1820
f 1200/2104/1821 1197/2113/1822 455/2550/1823 417/2548/1824
f 419/2464/1825 457/2466/1826 458/2927/1827 420/2917/1828
f 1199/1958/1829 1196/1963/1830 457/2466/1831 419/2464/1832
f 421/2563/1833 461/2564/1834 494/3148/1835 422/3142/1836
f 1198/2175/1837 1162/2181/1838 461/2564/1839 421/2563/1840
f 455/2550/1841 459/2552/1842 460/3063/1843 456/3054/1844
f 3381/3165/1845 883/3166/1846 922/3196/1847 3382/3193/1848
f 2101/3181/1849 882/3185/1850 921/3212/1851 2102/3205/1852
f 2953/4418/1853 2914/4410/1854 2647/4409/1855 2648/4417/1856
f 881/109/1857 880/448/1858 919/446/1859 920/106/1860
f 880/448/1861 879/671/1862 918/669/1863 919/446/1864
f 879/671/1865 878/942/1866 917/940/1867 918/669/1868
f 878/942/1869 877/1183/1870 916/1182/1871 917/940/1872
f 877/1183/1873 876/1447/1874 915/1446/1875 916/1182/1876
f 876/1447/1877 875/1721/1878 914/1719/1879 915/1446/1880
f 875/1721/1881 874/2067/1882 913/2065/1883 914/1719/1884
f 874/2067/1885 873/2335/1886 912/2333/1887 913/2065/1888
f 873/2335/1889 872/2493/1890 911/2495/1891 912/2333/1892
f 872/2493/1893 871/2688/1894 910/2694/1895 911/2495/1896
f 2433/1213/1897 2436/1219/1898 2292/1221/1899 2294/1214/1900
f 1404/2682/1901 869/2614/1902 908/2613/1903 1403/2686/1904
f 1445/2516/1905 868/2449/1906 907/2451/1907 1446/2514/1908
f 1477/2388/1909 867/2270/1910 906/2267/1911 1478/2387/1912
f 2373/906/1913 2375/862/1914 2314/863/1915 2313/907/1916
f 866/72/1917 865/487/1918 904/485/1919 905/80/1920
f 865/487/1921 864/714/1922 903/713/1923 904/485/1924
f 864/714/1925 863/995/1926 902/997/1927 903/713/1928
f 863/995/1929 862/1315/1930 901/1317/1931 902/997/1932
f 2872/4045/1933 2865/4071/1934 2707/4072/1935 2704/4046/1936
f 2792/3777/1937 2797/3764/1938 2724/3768/1939 2727/3780/1940
f 860/2006/1941 859/1532/1942 898/1535/1943 899/2005/1944
f 859/1532/1945 858/1235/1946 897/1232/1947 898/1535/1948
f 1340/1134/1949 857/1053/1950 896/1055/1951 1339/1133/1952
f 1509/894/1953 856/775/1954 895/773/1955 1510/892/1956
f 1541/648/1957 855/578/1958 894/583/1959 1542/647/1960
f 1573/422/1961 854/307/1962 893/305/1963 1574/421/1964
f 1372/232/1965 853/357/1966 892/356/1967 1371/227/1968
f 338/3184/1969 344/3190/1970 891/3746/1971 852/3747/1972
f 1197/2113/1973 1163/2119/1974 459/2552/1975 455/2550/1976
f 457/2466/1977 495/2467/1978 496/2941/1979 458/2927/1980
f 1196/1963/1981 1161/1968/1982 495/2467/1983 457/2466/1984
f 459/2552/1985 497/2553/1986 498/3074/1987 460/3063/1988
f 1163/2119/1989 1160/2125/1990 497/2553/1991 459/2552/1992
f 461/2564/1993 499/2565/1994 500/3158/1995 494/3148/1996
f 1162/2181/1997 1159/2185/1998 499/2565/1999 461/2564/2000
f 3380/3140/2001 844/3141/2002 883/3166/2003 3381/3165/2004
f 2100/3156/2005 843/3164/2006 882/3185/2007 2101/3181/2008
f 2915/4441/2009 2918/4429/2010 2649/4430/2011 2650/4442/2012
f 842/114/2013 841/450/2014 880/448/2015 881/109/2016
f 841/450/2017 840/673/2018 879/671/2019 880/448/2020
f 840/673/2021 839/945/2022 878/942/2023 879/671/2024
f 839/945/2025 838/1184/2026 877/1183/2027 878/942/2028
f 838/1184/2029 837/1448/2030 876/1447/2031 877/1183/2032
f 837/1448/2033 836/1724/2034 875/1721/2035 876/1447/2036
f 836/1724/2037 835/2069/2038 874/2067/2039 875/1721/2040
f 835/2069/2041 834/2337/2042 873/2335/2043 874/2067/2044
f 834/2337/2045 833/2491/2046 872/2493/2047 873/2335/2048
f 833/2491/2049 832/2684/2050 871/2688/2051 872/2493/2052
f 2501/527/2053 2503/533/2054 2355/534/2055 2356/528/2056
f 1405/2680/2057 830/2612/2058 869/2614/2059 1404/2682/2060
f 1444/2519/2061 829/2446/2062 868/2449/2063 1445/2516/2064
f 1476/2389/2065 828/2272/2066 867/2270/2067 1477/2388/2068
f 2437/1070/2069 2440/1076/2070 2254/1077/2071 2256/1071/2072
f 827/67/2073 826/488/2074 865/487/2075 866/72/2076
f 826/488/2077 825/715/2078 864/714/2079 865/487/2080
f 825/715/2081 824/993/2082 863/995/2083 864/714/2084
f 824/993/2085 823/1311/2086 862/1315/2087 863/995/2088
f 2876/3995/2089 2869/4022/2090 2701/4023/2091 2698/3996/2092
f 2800/3740/2093 2801/3724/2094 2718/3727/2095 2721/3745/2096
f 821/2003/2097 820/1531/2098 859/1532/2099 860/2006/2100
f 820/1531/2101 819/1238/2102 858/1235/2103 859/1532/2104
f 1341/1136/2105 818/1051/2106 857/1053/2107 1340/1134/2108
f 1508/896/2109 817/777/2110 856/775/2111 1509/894/2112
f 1540/649/2113 816/576/2114 855/578/2115 1541/648/2116
f 1572/424/2117 815/310/2118 854/307/2119 1573/422/2120
f 1373/243/2121 814/358/2122 853/357/2123 1372/232/2124
f 340/3010/2125 378/3025/2126 96/3685/2127 1281/3679/2128
f 495/2467/2129 533/2501/2130 534/2951/2131 496/2941/2132
f 1161/1968/2133 1157/1971/2134 533/2501/2135 495/2467/2136
f 497/2553/2137 537/2554/2138 538/3083/2139 498/3074/2140
f 1160/2125/2141 1121/2133/2142 537/2554/2143 497/2553/2144
f 499/2565/2145 535/2566/2146 536/3161/2147 500/3158/2148
f 1159/2185/2149 1123/2191/2150 535/2566/2151 499/2565/2152
f 533/2501/2153 576/2502/2154 575/2965/2155 534/2951/2156
f 3379/3114/2157 805/3119/2158 844/3141/2159 3380/3140/2160
f 2099/3131/2161 804/3145/2162 843/3164/2163 2100/3156/2164
f 2881/4205/2165 2882/4213/2166 2625/4212/2167 2658/4204/2168
f 803/120/2169 802/452/2170 841/450/2171 842/114/2172
f 802/452/2173 801/675/2174 840/673/2175 841/450/2176
f 801/675/2177 800/946/2178 839/945/2179 840/673/2180
f 800/946/2181 799/1185/2182 838/1184/2183 839/945/2184
f 799/1185/2185 798/1449/2186 837/1448/2187 838/1184/2188
f 798/1449/2189 797/1726/2190 836/1724/2191 837/1448/2192
f 797/1726/2193 796/2071/2194 835/2069/2195 836/1724/2196
f 796/2071/2197 795/2339/2198 834/2337/2199 835/2069/2200
f 795/2339/2201 794/2489/2202 833/2491/2203 834/2337/2204
f 794/2489/2205 793/2679/2206 832/2684/2207 833/2491/2208
f 2375/862/2209 2377/852/2210 2315/853/2211 2314/863/2212
f 1406/2674/2213 791/2610/2214 830/2612/2215 1405/2680/2216
f 1443/2521/2217 790/2444/2218 829/2446/2219 1444/2519/2220
f 1475/2390/2221 789/2275/2222 828/2272/2223 1476/2389/2224
f 2503/533/2225 2505/539/2226 2354/540/2227 2355/534/2228
f 788/65/2229 787/490/2230 826/488/2231 827/67/2232
f 787/490/2233 786/718/2234 825/715/2235 826/488/2236
f 786/718/2237 785/991/2238 824/993/2239 825/715/2240
f 785/991/2241 784/1306/2242 823/1311/2243 824/993/2244
f 2880/3978/2245 2873/3986/2246 2695/3987/2247 2692/3979/2248
f 2804/4112/2249 2805/4087/2250 2712/4095/2251 2715/4117/2252
f 782/2002/2253 781/1529/2254 820/1531/2255 821/2003/2256
f 781/1529/2257 780/1244/2258 819/1238/2259 820/1531/2260
f 1342/1138/2261 779/1049/2262 818/1051/2263 1341/1136/2264
f 1507/898/2265 778/779/2266 817/777/2267 1508/896/2268
f 1539/650/2269 777/571/2270 816/576/2271 1540/649/2272
f 1571/425/2273 776/313/2274 815/310/2275 1572/424/2276
f 1374/245/2277 775/359/2278 814/358/2279 1373/243/2280
f 342/3121/2281 380/3126/2282 462/3744/2283 423/3735/2284
f 1157/1971/2285 1158/1972/2286 576/2502/2287 533/2501/2288
f 535/2566/2289 574/2568/2290 573/3167/2291 536/3161/2292
f 1123/2191/2293 1124/2197/2294 574/2568/2295 535/2566/2296
f 537/2554/2297 572/2556/2298 539/3095/2299 538/3083/2300
f 1121/2133/2301 1122/2139/2302 572/2556/2303 537/2554/2304
f 928/3989/2305 771/4012/2306 767/4203/2307 733/4185/2308
f 927/4145/2309 769/4143/2310 768/4296/2311 732/4298/2312
f 3378/3090/2313 766/3091/2314 805/3119/2315 3379/3114/2316
f 2098/3109/2317 765/3124/2318 804/3145/2319 2099/3131/2320
f 2883/4260/2321 2884/4270/2322 2683/4269/2323 2684/4259/2324
f 764/118/2325 763/454/2326 802/452/2327 803/120/2328
f 763/454/2329 762/677/2330 801/675/2331 802/452/2332
f 762/677/2333 761/948/2334 800/946/2335 801/675/2336
f 761/948/2337 760/1186/2338 799/1185/2339 800/946/2340
f 760/1186/2341 759/1450/2342 798/1449/2343 799/1185/2344
f 759/1450/2345 758/1728/2346 797/1726/2347 798/1449/2348
f 758/1728/2349 757/2073/2350 796/2071/2351 797/1726/2352
f 757/2073/2353 756/2341/2354 795/2339/2355 796/2071/2356
f 756/2341/2357 755/2487/2358 794/2489/2359 795/2339/2360
f 755/2487/2361 754/2676/2362 793/2679/2363 794/2489/2364
f 2441/812/2365 2444/818/2366 2284/817/2367 2286/811/2368
f 1407/2670/2369 752/2608/2370 791/2610/2371 1406/2674/2372
f 1442/2528/2373 751/2442/2374 790/2444/2375 1443/2521/2376
f 1474/2391/2377 750/2278/2378 789/2275/2379 1475/2390/2380
f 2561/257/2381 2564/248/2382 2299/249/2383 2301/258/2384
f 749/64/2385 748/492/2386 787/490/2387 788/65/2388
f 748/492/2389 747/720/2390 786/718/2391 787/490/2392
f 747/720/2393 746/989/2394 785/991/2395 786/718/2396
f 746/989/2397 745/1307/2398 784/1306/2399 785/991/2400
f 2808/4067/2401 2809/4042/2402 2706/4044/2403 2709/4065/2404
f 2812/4017/2405 2813/3992/2406 2700/3993/2407 2703/4018/2408
f 743/1998/2409 742/1527/2410 781/1529/2411 782/2002/2412
f 742/1527/2413 741/1245/2414 780/1244/2415 781/1529/2416
f 1343/1139/2417 740/1047/2418 779/1049/2419 1342/1138/2420
f 1506/897/2421 739/781/2422 778/779/2423 1507/898/2424
f 1538/651/2425 738/569/2426 777/571/2427 1539/650/2428
f 1570/427/2429 737/316/2430 776/313/2431 1571/425/2432
f 1375/246/2433 736/366/2434 775/359/2435 1374/245/2436
f 344/3190/2437 382/3197/2438 930/3736/2439 891/3746/2440
f 926/3796/2441 773/3822/2442 734/3883/2443 731/3857/2444
f 925/3973/2445 928/3989/2446 733/4185/2447 730/4168/2448
f 924/4144/2449 927/4145/2450 732/4298/2451 729/4297/2452
f 923/4002/2453 926/3981/2454 731/4141/2455 728/4170/2456
f 889/3955/2457 925/3973/2458 730/4168/2459 694/4146/2460
f 890/4140/2461 924/4144/2462 729/4297/2463 695/4295/2464
f 888/4033/2465 923/4002/2466 728/4170/2467 693/4189/2468
f 3377/3068/2469 727/3070/2470 766/3091/2471 3378/3090/2472
f 2097/3088/2473 726/3102/2474 765/3124/2475 2098/3109/2476
f 2919/4159/2477 2922/4151/2478 2651/4150/2479 2652/4160/2480
f 725/124/2481 724/456/2482 763/454/2483 764/118/2484
f 724/456/2485 723/679/2486 762/677/2487 763/454/2488
f 723/679/2489 722/950/2490 761/948/2491 762/677/2492
f 722/950/2493 721/1187/2494 760/1186/2495 761/948/2496
f 721/1187/2497 720/1451/2498 759/1450/2499 760/1186/2500
f 720/1451/2501 719/1731/2502 758/1728/2503 759/1450/2504
f 719/1731/2505 718/2075/2506 757/2073/2507 758/1728/2508
f 718/2075/2509 717/2343/2510 756/2341/2511 757/2073/2512
f 717/2343/2513 716/2484/2514 755/2487/2515 756/2341/2516
f 716/2484/2517 715/2672/2518 754/2676/2519 755/2487/2520
f 2377/852/2521 2379/841/2522 2316/842/2523 2315/853/2524
f 1408/2666/2525 713/2606/2526 752/2608/2527 1407/2670/2528
f 1441/2529/2529 712/2440/2530 751/2442/2531 1442/2528/2532
f 1473/2392/2533 711/2281/2534 750/2278/2535 1474/2391/2536
f 2505/539/2537 2507/545/2538 2353/544/2539 2354/540/2540
f 710/66/2541 709/494/2542 748/492/2543 749/64/2544
f 709/494/2545 708/723/2546 747/720/2547 748/492/2548
f 708/723/2549 707/987/2550 746/989/2551 747/720/2552
f 707/987/2553 706/1304/2554 745/1307/2555 746/989/2556
f 2816/3984/2557 1251/3975/2558 2694/3976/2559 2697/3985/2560
f 2817/3904/2561 2853/3913/2562 2764/3909/2563 2761/3901/2564
f 704/1997/2565 703/1525/2566 742/1527/2567 743/1998/2568
f 703/1525/2569 702/1246/2570 741/1245/2571 742/1527/2572
f 1344/1140/2573 701/1045/2574 740/1047/2575 1343/1139/2576
f 1505/895/2577 700/783/2578 739/781/2579 1506/897/2580
f 1537/652/2581 699/567/2582 738/569/2583 1538/651/2584
f 1569/428/2585 698/319/2586 737/316/2587 1570/427/2588
f 1376/253/2589 697/367/2590 736/366/2591 1375/246/2592
f 378/3025/2593 418/3039/2594 111/3690/2595 96/3685/2596
f 887/4135/2597 890/4140/2598 695/4295/2599 692/4286/2600
f 885/3940/2601 889/3955/2602 694/4146/2603 690/4129/2604
f 886/4061/2605 888/4033/2606 693/4189/2607 691/4208/2608
f 884/4133/2609 887/4135/2610 692/4286/2611 689/4283/2612
f 851/4094/2613 886/4061/2614 691/4208/2615 656/4228/2616
f 850/3924/2617 885/3940/2618 690/4129/2619 655/4059/2620
f 849/4131/2621 884/4133/2622 689/4283/2623 654/4274/2624
f 3376/3040/2625 688/3044/2626 727/3070/2627 3377/3068/2628
f 2096/3069/2629 687/3084/2630 726/3102/2631 2097/3088/2632
f 2923/4176/2633 2926/4167/2634 2653/4169/2635 2654/4177/2636
f 686/125/2637 685/458/2638 724/456/2639 725/124/2640
f 685/458/2641 684/681/2642 723/679/2643 724/456/2644
f 684/681/2645 683/952/2646 722/950/2647 723/679/2648
f 683/952/2649 682/1188/2650 721/1187/2651 722/950/2652
f 682/1188/2653 681/1452/2654 720/1451/2655 721/1187/2656
f 681/1452/2657 680/1734/2658 719/1731/2659 720/1451/2660
f 680/1734/2661 679/2077/2662 718/2075/2663 719/1731/2664
f 679/2077/2665 678/2345/2666 717/2343/2667 718/2075/2668
f 678/2345/2669 677/2483/2670 716/2484/2671 717/2343/2672
f 677/2483/2673 676/2668/2674 715/2672/2675 716/2484/2676
f 2445/1094/2677 2448/1100/2678 2246/1101/2679 2248/1095/2680
f 1409/2659/2681 674/2604/2682 713/2606/2683 1408/2666/2684
f 1440/2530/2685 673/2438/2686 712/2440/2687 1441/2529/2688
f 1472/2393/2689 672/2283/2690 711/2281/2691 1473/2392/2692
f 2379/841/2693 2381/830/2694 2317/832/2695 2316/842/2696
f 671/68/2697 670/496/2698 709/494/2699 710/66/2700
f 670/496/2701 669/725/2702 708/723/2703 709/494/2704
f 669/725/2705 668/985/2706 707/987/2707 708/723/2708
f 668/985/2709 667/1302/2710 706/1304/2711 707/987/2712
f 2819/3887/2713 2822/3895/2714 2758/3893/2715 2755/3885/2716
f 2823/3870/2717 2826/3879/2718 2752/3877/2719 2749/3867/2720
f 665/1996/2721 664/1523/2722 703/1525/2723 704/1997/2724
f 664/1523/2725 663/1248/2726 702/1246/2727 703/1525/2728
f 1345/1137/2729 662/1037/2730 701/1045/2731 1344/1140/2732
f 1504/893/2733 661/785/2734 700/783/2735 1505/895/2736
f 1536/653/2737 660/565/2738 699/567/2739 1537/652/2740
f 1568/430/2741 659/322/2742 698/319/2743 1569/428/2744
f 1377/254/2745 658/368/2746 697/367/2747 1376/253/2748
f 380/3126/2749 416/3137/2750 501/3748/2751 462/3744/2752
f 847/4118/2753 851/4094/2754 656/4228/2755 652/4244/2756
f 848/3906/2757 850/3924/2758 655/4059/2759 653/3990/2760
f 846/4128/2761 849/4131/2762 654/4274/2763 651/4264/2764
f 845/3891/2765 848/3906/2766 653/3990/2767 650/3965/2768
f 812/4130/2769 847/4118/2770 652/4244/2771 617/4258/2772
f 811/4104/2773 846/4128/2774 651/4264/2775 616/4248/2776
f 809/3875/2777 845/3891/2778 650/3965/2779 614/3939/2780
f 3375/3009/2781 649/3012/2782 688/3044/2783 3376/3040/2784
f 2095/3049/2785 648/3064/2786 687/3084/2787 2096/3069/2788
f 2884/4270/2789 2885/4279/2790 2682/4278/2791 2683/4269/2792
f 647/130/2793 646/460/2794 685/458/2795 686/125/2796
f 646/460/2797 645/683/2798 684/681/2799 685/458/2800
f 645/683/2801 644/954/2802 683/952/2803 684/681/2804
f 644/954/2805 643/1191/2806 682/1188/2807 683/952/2808
f 643/1191/2809 642/1453/2810 681/1452/2811 682/1188/2812
f 642/1453/2813 641/1736/2814 680/1734/2815 681/1452/2816
f 641/1736/2817 640/2079/2818 679/2077/2819 680/1734/2820
f 640/2079/2821 639/2347/2822 678/2345/2823 679/2077/2824
f 639/2347/2825 638/2481/2826 677/2483/2827 678/2345/2828
f 638/2481/2829 637/2665/2830 676/2668/2831 677/2483/2832
f 2507/545/2833 2509/580/2834 2352/579/2835 2353/544/2836
f 1410/2653/2837 635/2602/2838 674/2604/2839 1409/2659/2840
f 1439/2531/2841 634/2437/2842 673/2438/2843 1440/2530/2844
f 1471/2394/2845 633/2288/2846 672/2283/2847 1472/2393/2848
f 2449/849/2849 2452/859/2850 2276/858/2851 2278/848/2852
f 632/74/2853 631/498/2854 670/496/2855 671/68/2856
f 631/498/2857 630/726/2858 669/725/2859 670/496/2860
f 630/726/2861 629/984/2862 668/985/2863 669/725/2864
f 629/984/2865 628/1301/2866 667/1302/2867 668/985/2868
f 2827/3854/2869 2830/3864/2870 2746/3861/2871 2743/3850/2872
f 2831/3962/2873 2877/3970/2874 2691/3971/2875 2782/3963/2876
f 626/1993/2877 625/1522/2878 664/1523/2879 665/1996/2880
f 625/1522/2881 624/1250/2882 663/1248/2883 664/1523/2884
f 1346/1135/2885 623/1035/2886 662/1037/2887 1345/1137/2888
f 1503/890/2889 622/790/2890 661/785/2891 1504/893/2892
f 1535/654/2893 621/563/2894 660/565/2895 1536/653/2896
f 1567/432/2897 620/325/2898 659/322/2899 1568/430/2900
f 1378/255/2901 619/375/2902 658/368/2903 1377/254/2904
f 382/3197/2905 420/3201/2906 969/3732/2907 930/3736/2908
f 810/4132/2909 812/4130/2910 617/4258/2911 615/4273/2912
f 808/4077/2913 811/4104/2914 616/4248/2915 613/4236/2916
f 807/4134/2917 810/4132/2918 615/4273/2919 612/4282/2920
f 806/3856/2921 809/3875/2922 614/3939/2923 611/3908/2924
f 772/4048/2925 808/4077/2926 613/4236/2927 578/4221/2928
f 770/4139/2929 807/4134/2930 612/4282/2931 577/4285/2932
f 773/3822/2933 806/3856/2934 611/3908/2935 734/3883/2936
f 3374/2988/2937 610/2990/2938 649/3012/2939 3375/3009/2940
f 2094/3018/2941 609/3047/2942 648/3064/2943 2095/3049/2944
f 2927/4193/2945 2930/4183/2946 2655/4184/2947 2656/4194/2948
f 608/138/2949 607/462/2950 646/460/2951 647/130/2952
f 607/462/2953 606/685/2954 645/683/2955 646/460/2956
f 606/685/2957 605/957/2958 644/954/2959 645/683/2960
f 605/957/2961 604/1192/2962 643/1191/2963 644/954/2964
f 604/1192/2965 603/1454/2966 642/1453/2967 643/1191/2968
f 603/1454/2969 602/1738/2970 641/1736/2971 642/1453/2972
f 602/1738/2973 601/2081/2974 640/2079/2975 641/1736/2976
f 601/2081/2977 600/2349/2978 639/2347/2979 640/2079/2980
f 600/2349/2981 599/2479/2982 638/2481/2983 639/2347/2984
f 599/2479/2985 598/2661/2986 637/2665/2987 638/2481/2988
f 2565/183/2989 2568/35/2990 2291/5/2991 2293/180/2992
f 1411/2645/2993 596/2600/2994 635/2602/2995 1410/2653/2996
f 1438/2533/2997 595/2434/2998 634/2437/2999 1439/2531/3000
f 1470/2395/3001 594/2293/3002 633/2288/3003 1471/2394/3004
f 2381/830/3005 2383/821/3006 2318/822/3007 2317/832/3008
f 593/83/3009 592/500/3010 631/498/3011 632/74/3012
f 592/500/3013 591/724/3014 630/726/3015 631/498/3016
f 591/724/3017 590/982/3018 629/984/3019 630/726/3020
f 590/982/3021 589/1299/3022 628/1301/3023 629/984/3024
f 2796/3914/3025 1173/3903/3026 2763/3900/3027 2766/3910/3028
f 2833/3826/3029 2836/3839/3030 2740/3837/3031 2737/3825/3032
f 587/1992/3033 586/1520/3034 625/1522/3035 626/1993/3036
f 586/1520/3037 585/1251/3038 624/1250/3039 625/1522/3040
f 1347/1132/3041 584/1033/3042 623/1035/3043 1346/1135/3044
f 1502/888/3045 583/796/3046 622/790/3047 1503/890/3048
f 1534/655/3049 582/561/3050 621/563/3051 1535/654/3052
f 1566/433/3053 581/328/3054 620/325/3055 1567/432/3056
f 1379/262/3057 580/376/3058 619/375/3059 1378/255/3060
f 416/3137/3061 422/3142/3062 540/3754/3063 501/3748/3064
f 771/4012/3065 772/4048/3066 578/4221/3067 767/4203/3068
f 769/4143/3069 770/4139/3070 577/4285/3071 768/4296/3072
f 111/3690/3073 150/3695/3074 771/4012/3075 928/3989/3076
f 540/3754/3077 579/3756/3078 769/4143/3079 927/4145/3080
f 969/3631/3081 1008/3637/3082 773/3822/3083 926/3796/3084
f 96/3685/3085 111/3690/3086 928/3989/3087 925/3973/3088
f 501/3748/3089 540/3754/3090 927/4145/3091 924/4144/3092
f 3373/2967/3093 571/2968/3094 610/2990/3095 3374/2988/3096
f 2093/2996/3097 570/3020/3098 609/3047/3099 2094/3018/3100
f 2885/4279/3101 2886/4293/3102 2681/4291/3103 2682/4278/3104
f 569/141/3105 568/464/3106 607/462/3107 608/138/3108
f 568/464/3109 567/687/3110 606/685/3111 607/462/3112
f 567/687/3113 566/959/3114 605/957/3115 606/685/3116
f 566/959/3117 565/1193/3118 604/1192/3119 605/957/3120
f 565/1193/3121 564/1455/3122 603/1454/3123 604/1192/3124
f 564/1455/3125 563/1740/3126 602/1738/3127 603/1454/3128
f 563/1740/3129 562/2083/3130 601/2081/3131 602/1738/3132
f 562/2083/3133 561/2351/3134 600/2349/3135 601/2081/3136
f 561/2351/3137 560/2477/3138 599/2479/3139 600/2349/3140
f 560/2477/3141 559/2658/3142 598/2661/3143 599/2479/3144
f 2509/580/3145 2511/587/3146 2351/586/3147 2352/579/3148
f 1412/2643/3149 557/2599/3150 596/2600/3151 1411/2645/3152
f 1437/2534/3153 556/2432/3154 595/2434/3155 1438/2533/3156
f 1469/2396/3157 555/2296/3158 594/2293/3159 1470/2395/3160
f 2569/382/3161 2572/373/3162 2253/374/3163 2255/384/3164
f 554/90/3165 553/502/3166 592/500/3167 593/83/3168
f 553/502/3169 552/722/3170 591/724/3171 592/500/3172
f 552/722/3173 551/980/3174 590/982/3175 591/724/3176
f 551/980/3177 550/1298/3178 589/1299/3179 590/982/3180
f 2837/3945/3181 2840/3952/3182 2779/3953/3183 2776/3946/3184
f 1134/3898/3185 1017/3890/3186 2757/3886/3187 2760/3894/3188
f 548/1991/3189 547/1518/3190 586/1520/3191 587/1992/3192
f 547/1518/3193 546/1253/3194 585/1251/3195 586/1520/3196
f 1348/1129/3197 545/1031/3198 584/1033/3199 1347/1132/3200
f 1501/885/3201 544/800/3202 583/796/3203 1502/888/3204
f 1533/656/3205 543/560/3206 582/561/3207 1534/655/3208
f 1565/434/3209 542/337/3210 581/328/3211 1566/433/3212
f 1380/263/3213 541/377/3214 580/376/3215 1379/262/3216
f 418/3039/3217 456/3054/3218 150/3695/3219 111/3690/3220
f 930/3736/3221 969/3732/3222 926/3981/3223 923/4002/3224
f 1281/3679/3225 96/3685/3226 925/3973/3227 889/3955/3228
f 462/3744/3229 501/3748/3230 924/4144/3231 890/4140/3232
f 891/3746/3233 930/3736/3234 923/4002/3235 888/4033/3236
f 423/3735/3237 462/3744/3238 890/4140/3239 887/4135/3240
f 1242/3675/3241 1281/3679/3242 889/3955/3243 885/3940/3244
f 852/3747/3245 891/3746/3246 888/4033/3247 886/4061/3248
f 3372/2945/3249 532/2946/3250 571/2968/3251 3373/2967/3252
f 2092/2975/3253 531/3000/3254 570/3020/3255 2093/2996/3256
f 2931/4210/3257 2934/4201/3258 2657/4202/3259 2626/4211/3260
f 530/146/3261 529/466/3262 568/464/3263 569/141/3264
f 529/466/3265 528/689/3266 567/687/3267 568/464/3268
f 528/689/3269 527/960/3270 566/959/3271 567/687/3272
f 527/960/3273 526/1194/3274 565/1193/3275 566/959/3276
f 526/1194/3277 525/1456/3278 564/1455/3279 565/1193/3280
f 525/1456/3281 524/1742/3282 563/1740/3283 564/1455/3284
f 524/1742/3285 523/2086/3286 562/2083/3287 563/1740/3288
f 523/2086/3289 522/2353/3290 561/2351/3291 562/2083/3292
f 522/2353/3293 521/2475/3294 560/2477/3295 561/2351/3296
f 521/2475/3297 520/2655/3298 559/2658/3299 560/2477/3300
f 2383/821/3301 2385/815/3302 2319/816/3303 2318/822/3304
f 1413/2641/3305 518/2597/3306 557/2599/3307 1412/2643/3308
f 1436/2535/3309 517/2430/3310 556/2432/3311 1437/2534/3312
f 1468/2397/3313 516/2298/3314 555/2296/3315 1469/2396/3316
f 2511/587/3317 2513/593/3318 2350/592/3319 2351/586/3320
f 515/112/3321 514/504/3322 553/502/3323 554/90/3324
f 514/504/3325 513/721/3326 552/722/3327 553/502/3328
f 513/721/3329 512/978/3330 551/980/3331 552/722/3332
f 512/978/3333 511/1296/3334 550/1298/3335 551/980/3336
f 2841/3800/3337 2844/3811/3338 2734/3813/3339 2731/3804/3340
f 2845/3928/3341 2848/3935/3342 2773/3937/3343 2770/3929/3344
f 509/1988/3345 508/1516/3346 547/1518/3347 548/1991/3348
f 508/1516/3349 507/1254/3350 546/1253/3351 547/1518/3352
f 1349/1119/3353 506/1029/3354 545/1031/3355 1348/1129/3356
f 1500/882/3357 505/801/3358 544/800/3359 1501/885/3360
f 1532/657/3361 504/558/3362 543/560/3363 1533/656/3364
f 1564/435/3365 503/340/3366 542/337/3367 1565/434/3368
f 1381/264/3369 502/378/3370 541/377/3371 1380/263/3372
f 420/2917/3373 458/2927/3374 1008/3637/3375 969/3631/3376
f 384/3729/3377 423/3735/3378 887/4135/3379 884/4133/3380
f 813/3753/3381 852/3747/3382 886/4061/3383 851/4094/3384
f 1203/3670/3385 1242/3675/3386 885/3940/3387 850/3924/3388
f 345/3721/3389 384/3729/3390 884/4133/3391 849/4131/3392
f 774/3755/3393 813/3753/3394 851/4094/3395 847/4118/3396
f 1164/3665/3397 1203/3670/3398 850/3924/3399 848/3906/3400
f 306/3716/3401 345/3721/3402 849/4131/3403 846/4128/3404
f 3371/2928/3405 493/2930/3406 532/2946/3407 3372/2945/3408
f 2091/2955/3409 492/2981/3410 531/3000/3411 2092/2975/3412
f 2886/4293/3413 2887/4301/3414 2680/4302/3415 2681/4291/3416
f 491/152/3417 490/468/3418 529/466/3419 530/146/3420
f 490/468/3421 489/691/3422 528/689/3423 529/466/3424
f 489/691/3425 488/961/3426 527/960/3427 528/689/3428
f 488/961/3429 487/1195/3430 526/1194/3431 527/960/3432
f 487/1195/3433 486/1457/3434 525/1456/3435 526/1194/3436
f 486/1457/3437 485/1744/3438 524/1742/3439 525/1456/3440
f 485/1744/3441 484/2088/3442 523/2086/3443 524/1742/3444
f 484/2088/3445 483/2357/3446 522/2353/3447 523/2086/3448
f 483/2357/3449 482/2473/3450 521/2475/3451 522/2353/3452
f 482/2473/3453 481/2652/3454 520/2655/3455 521/2475/3456
f 2453/925/3457 2456/966/3458 2268/967/3459 2270/926/3460
f 1414/2639/3461 479/2594/3462 518/2597/3463 1413/2641/3464
f 1435/2536/3465 478/2431/3466 517/2430/3467 1436/2535/3468
f 1467/2398/3469 477/2300/3470 516/2298/3471 1468/2397/3472
f 2573/608/3473 2576/602/3474 2283/601/3475 2285/609/3476
f 476/129/3477 475/506/3478 514/504/3479 515/112/3480
f 475/506/3481 474/719/3482 513/721/3483 514/504/3484
f 474/719/3485 473/976/3486 512/978/3487 513/721/3488
f 473/976/3489 472/1294/3490 511/1296/3491 512/978/3492
f 978/3881/3493 861/3873/3494 2751/3868/3495 2754/3878/3496
f 2849/3775/3497 2852/3788/3498 2728/3792/3499 2725/3779/3500
f 470/1986/3501 469/1514/3502 508/1516/3503 509/1988/3504
f 469/1514/3505 468/1252/3506 507/1254/3507 508/1516/3508
f 1350/1113/3509 467/1027/3510 506/1029/3511 1349/1119/3512
f 1499/880/3513 466/802/3514 505/801/3515 1500/882/3516
f 1531/658/3517 465/557/3518 504/558/3519 1532/657/3520
f 1563/436/3521 464/343/3522 503/340/3523 1564/435/3524
f 1382/265/3525 463/385/3526 502/378/3527 1381/264/3528
f 422/3142/3529 494/3148/3530 579/3756/3531 540/3754/3532
f 1125/3659/3533 1164/3665/3534 848/3906/3535 845/3891/3536
f 735/3757/3537 774/3755/3538 847/4118/3539 812/4130/3540
f 267/3709/3541 306/3716/3542 846/4128/3543 811/4104/3544
f 1086/3651/3545 1125/3659/3546 845/3891/3547 809/3875/3548
f 696/3759/3549 735/3757/3550 812/4130/3551 810/4132/3552
f 228/3704/3553 267/3709/3554 811/4104/3555 808/4077/3556
f 657/3760/3557 696/3759/3558 810/4132/3559 807/4134/3560
f 3370/2911/3561 454/2913/3562 493/2930/3563 3371/2928/3564
f 2090/2936/3565 453/2962/3566 492/2981/3567 2091/2955/3568
f 2887/4301/3569 2888/4310/3570 2679/4311/3571 2680/4302/3572
f 452/160/3573 451/470/3574 490/468/3575 491/152/3576
f 451/470/3577 450/692/3578 489/691/3579 490/468/3580
f 450/692/3581 449/962/3582 488/961/3583 489/691/3584
f 449/962/3585 448/1196/3586 487/1195/3587 488/961/3588
f 448/1196/3589 447/1458/3590 486/1457/3591 487/1195/3592
f 447/1458/3593 446/1747/3594 485/1744/3595 486/1457/3596
f 446/1747/3597 445/2091/3598 484/2088/3599 485/1744/3600
f 445/2091/3601 444/2359/3602 483/2357/3603 484/2088/3604
f 444/2359/3605 443/2471/3606 482/2473/3607 483/2357/3608
f 443/2471/3609 442/2650/3610 481/2652/3611 482/2473/3612
f 2385/815/3613 2387/809/3614 2320/810/3615 2319/816/3616
f 1415/2637/3617 440/2592/3618 479/2594/3619 1414/2639/3620
f 1434/2537/3621 439/2433/3622 478/2431/3623 1435/2536/3624
f 1466/2399/3625 438/2303/3626 477/2300/3627 1467/2398/3628
f 2513/593/3629 2515/599/3630 2349/598/3631 2350/592/3632
f 437/144/3633 436/508/3634 475/506/3635 476/129/3636
f 436/508/3637 435/717/3638 474/719/3639 475/506/3640
f 435/717/3641 434/974/3642 473/976/3643 474/719/3644
f 434/974/3645 433/1292/3646 472/1294/3647 473/976/3648
f 2853/3913/3649 2856/3920/3650 2767/3922/3651 2764/3909/3652
f 822/3863/3653 705/3853/3654 2745/3851/3655 2748/3860/3656
f 431/1982/3657 430/1512/3658 469/1514/3659 470/1986/3660
f 430/1512/3661 429/1249/3662 468/1252/3663 469/1514/3664
f 1351/1108/3665 428/1025/3666 467/1027/3667 1350/1113/3668
f 1498/877/3669 427/803/3670 466/802/3671 1499/880/3672
f 1530/659/3673 426/555/3674 465/557/3675 1531/658/3676
f 1562/437/3677 425/346/3678 464/343/3679 1563/436/3680
f 1383/272/3681 424/386/3682 463/385/3683 1382/265/3684
f 456/3054/3685 460/3063/3686 189/3701/3687 150/3695/3688
f 1047/3644/3689 1086/3651/3690 809/3875/3691 806/3856/3692
f 189/3701/3693 228/3704/3694 808/4077/3695 772/4048/3696
f 618/3758/3697 657/3760/3698 807/4134/3699 770/4139/3700
f 1008/3637/3701 1047/3644/3702 806/3856/3703 773/3822/3704
f 150/3695/3705 189/3701/3706 772/4048/3707 771/4012/3708
f 579/3756/3709 618/3758/3710 770/4139/3711 769/4143/3712
f 3300/4315/3713 3298/4339/3714 1118/4341/3715 1119/4316/3716
f 3369/2902/3717 415/2903/3718 454/2913/3719 3370/2911/3720
f 2089/2918/3721 414/2942/3722 453/2962/3723 2090/2936/3724
f 2935/4230/3725 2938/4218/3726 2627/4219/3727 2628/4231/3728
f 413/168/3729 412/471/3730 451/470/3731 452/160/3732
f 412/471/3733 411/693/3734 450/692/3735 451/470/3736
f 411/693/3737 410/963/3738 449/962/3739 450/692/3740
f 410/963/3741 409/1197/3742 448/1196/3743 449/962/3744
f 409/1197/3745 408/1459/3746 447/1458/3747 448/1196/3748
f 408/1459/3749 407/1748/3750 446/1747/3751 447/1458/3752
f 407/1748/3753 406/2092/3754 445/2091/3755 446/1747/3756
f 406/2092/3757 405/2355/3758 444/2359/3759 445/2091/3760
f 405/2355/3761 404/2469/3762 443/2471/3763 444/2359/3764
f 404/2469/3765 403/2648/3766 442/2650/3767 443/2471/3768
f 2577/334/3769 2580/296/3770 2245/297/3771 2247/335/3772
f 1416/2635/3773 401/2591/3774 440/2592/3775 1415/2637/3776
f 1433/2538/3777 400/2435/3778 439/2433/3779 1434/2537/3780
f 1465/2400/3781 399/2306/3782 438/2303/3783 1466/2399/3784
f 2387/809/3785 2389/793/3786 2321/791/3787 2320/810/3788
f 398/162/3789 397/510/3790 436/508/3791 437/144/3792
f 397/510/3793 396/716/3794 435/717/3795 436/508/3796
f 396/716/3797 395/972/3798 434/974/3799 435/717/3800
f 395/972/3801 394/1290/3802 433/1292/3803 434/974/3804
f 666/3967/3805 549/3960/3806 2784/3961/3807 2689/3968/3808
f 2857/3738/3809 2860/3762/3810 2722/3766/3811 2719/3743/3812
f 392/1977/3813 391/1511/3814 430/1512/3815 431/1982/3816
f 391/1511/3817 390/1247/3818 429/1249/3819 430/1512/3820
f 1352/1105/3821 389/1023/3822 428/1025/3823 1351/1108/3824
f 1497/874/3825 388/804/3826 427/803/3827 1498/877/3828
f 1529/660/3829 387/554/3830 426/555/3831 1530/659/3832
f 1561/438/3833 386/348/3834 425/346/3835 1562/437/3836
f 1384/273/3837 385/387/3838 424/386/3839 1383/272/3840
f 458/2927/3841 496/2941/3842 1047/3644/3843 1008/3637/3844
f 3301/4449/3845 3299/4446/3846 1043/4450/3847 1044/4452/3848
f 3302/3869/3849 3297/3915/3850 968/3916/3851 1001/3874/3852
f 3303/4284/3853 3300/4315/3854 1119/4316/3855 1120/4294/3856
f 3304/4448/3857 3301/4449/3858 1044/4452/3859 1045/4451/3860
f 3305/4263/3861 3302/4216/3862 1001/4220/3863 1002/4265/3864
f 3307/4253/3865 3303/4284/3866 1120/4294/3867 929/4255/3868
f 3306/4445/3869 3304/4448/3870 1045/4451/3871 1046/4447/3872
f 3368/3588/3873 376/3585/3874 415/3597/3875 3369/3598/3876
f 2088/3566/3877 375/3543/3878 414/3561/3879 2089/3583/3880
f 2888/4310/3881 2889/4319/3882 2678/4320/3883 2679/4311/3884
f 374/158/3885 373/467/3886 412/469/3887 413/166/3888
f 373/467/3889 372/688/3890 411/690/3891 412/469/3892
f 372/688/3893 371/956/3894 410/958/3895 411/690/3896
f 371/956/3897 370/1190/3898 409/1189/3899 410/958/3900
f 370/1190/3901 369/1428/3902 408/1427/3903 409/1189/3904
f 369/1428/3905 368/1746/3906 407/1745/3907 408/1427/3908
f 368/1746/3909 367/2090/3910 406/2089/3911 407/1745/3912
f 367/2090/3913 366/2358/3914 405/2354/3915 406/2089/3916
f 366/2358/3917 365/2470/3918 404/2468/3919 405/2354/3920
f 365/2470/3921 364/2649/3922 403/2647/3923 404/2468/3924
f 2457/1018/3925 2460/1042/3926 2260/1044/3927 2262/1020/3928
f 1417/2630/3929 362/2581/3930 401/2579/3931 1416/2629/3932
f 1432/2526/3933 361/2420/3934 400/2419/3935 1433/2525/3936
f 1464/2381/3937 360/2299/3938 399/2301/3939 1465/2386/3940
f 2515/599/3941 2517/605/3942 2348/606/3943 2349/598/3944
f 359/157/3945 358/507/3946 397/509/3947 398/163/3948
f 358/507/3949 357/703/3950 396/705/3951 397/509/3952
f 357/703/3953 356/971/3954 395/970/3955 396/705/3956
f 356/971/3957 355/1291/3958 394/1288/3959 395/970/3960
f 510/3841/3961 393/3829/3962 2739/3828/3963 2742/3838/3964
f 354/3949/3965 237/3942/3966 2778/3943/3967 2781/3950/3968
f 353/1975/3969 352/1503/3970 391/1502/3971 392/1973/3972
f 352/1503/3973 351/1240/3974 390/1236/3975 391/1502/3976
f 1353/1103/3977 350/1022/3978 389/1021/3979 1352/1102/3980
f 1496/866/3981 349/798/3982 388/799/3983 1497/865/3984
f 1528/629/3985 348/548/3986 387/547/3987 1529/628/3988
f 1560/429/3989 347/342/3990 386/345/3991 1561/431/3992
f 1385/82/3993 346/287/3994 385/286/3995 1384/34/3996
f 460/3063/3997 498/3074/3998 228/3704/3999 189/3701/4000
f 3308/4306/4001 3305/4263/4002 1002/4265/4003 1003/4307/4004
f 3309/4438/4005 3306/4445/4006 1046/4447/4007 1079/4443/4008
f 3311/4226/4009 3307/4253/4010 929/4255/4011 962/4227/4012
f 3310/4335/4013 3308/4306/4014 1003/4307/4015 1004/4340/4016
f 3312/4431/4017 3309/4438/4018 1079/4443/4019 1080/4435/4020
f 3313/4362/4021 3310/4335/4022 1004/4340/4023 1005/4366/4024
f 3314/4191/4025 3311/4226/4026 962/4227/4027 963/4195/4028
f 3367/3572/4029 337/3571/4030 376/3585/4031 3368/3588/4032
f 2087/3549/4033 336/3525/4034 375/3543/4035 2088/3566/4036
f 2939/4246/4037 2942/4238/4038 2629/4239/4039 2630/4247/4040
f 335/148/4041 334/465/4042 373/467/4043 374/158/4044
f 334/465/4045 333/686/4046 372/688/4047 373/467/4048
f 333/686/4049 332/955/4050 371/956/4051 372/688/4052
f 332/955/4053 331/1175/4054 370/1190/4055 371/956/4056
f 331/1175/4057 330/1429/4058 369/1428/4059 370/1190/4060
f 330/1429/4061 329/1743/4062 368/1746/4063 369/1428/4064
f 329/1743/4065 328/2087/4066 367/2090/4067 368/1746/4068
f 328/2087/4069 327/2356/4070 366/2358/4071 367/2090/4072
f 327/2356/4073 326/2472/4074 365/2470/4075 366/2358/4076
f 326/2472/4077 325/2651/4078 364/2649/4079 365/2470/4080
f 2581/574/4081 2584/542/4082 2275/541/4083 2277/572/4084
f 1418/2633/4085 323/2582/4086 362/2581/4087 1417/2630/4088
f 1431/2524/4089 322/2421/4090 361/2420/4091 1432/2526/4092
f 1463/2377/4093 321/2297/4094 360/2299/4095 1464/2381/4096
f 2389/793/4097 2391/762/4098 2322/761/4099 2321/791/4100
f 320/156/4101 319/505/4102 358/507/4103 359/157/4104
f 319/505/4105 318/701/4106 357/703/4107 358/507/4108
f 318/701/4109 317/973/4110 356/971/4111 357/703/4112
f 317/973/4113 316/1293/4114 355/1291/4115 356/971/4116
f 2861/3708/4117 2864/3722/4118 2716/3725/4119 2713/3710/4120
f 198/3814/4121 87/3802/4122 2733/3807/4123 2736/3816/4124
f 314/1978/4125 313/1504/4126 352/1503/4127 353/1975/4128
f 313/1504/4129 312/1242/4130 351/1240/4131 352/1503/4132
f 1354/1104/4133 311/1024/4134 350/1022/4135 1353/1103/4136
f 1495/867/4137 310/797/4138 349/798/4139 1496/866/4140
f 1527/630/4141 309/549/4142 348/548/4143 1528/629/4144
f 1559/426/4145 308/341/4146 347/342/4147 1560/429/4148
f 1386/139/4149 307/288/4150 346/287/4151 1385/82/4152
f 494/3148/4153 500/3158/4154 618/3758/4155 579/3756/4156
f 3315/4419/4157 3312/4431/4158 1080/4435/4159 1081/4424/4160
f 3317/4383/4161 3313/4362/4162 1005/4366/4163 1006/4386/4164
f 3316/4157/4165 3314/4191/4166 963/4195/4167 964/4161/4168
f 3318/4407/4169 3315/4419/4170 1081/4424/4171 1082/4408/4172
f 3319/4123/4173 3316/4157/4174 964/4161/4175 965/4126/4176
f 3320/4401/4177 3317/4383/4178 1006/4386/4179 1007/4406/4180
f 3321/4392/4181 3318/4407/4182 1082/4408/4183 1083/4394/4184
f 3366/3558/4185 298/3557/4186 337/3571/4187 3367/3572/4188
f 2086/3529/4189 297/3506/4190 336/3525/4191 2087/3549/4192
f 2943/4267/4193 2946/4256/4194 2631/4257/4195 2632/4268/4196
f 296/142/4197 295/463/4198 334/465/4199 335/148/4200
f 295/463/4201 294/684/4202 333/686/4203 334/465/4204
f 294/684/4205 293/953/4206 332/955/4207 333/686/4208
f 293/953/4209 292/1176/4210 331/1175/4211 332/955/4212
f 292/1176/4213 291/1430/4214 330/1429/4215 331/1175/4216
f 291/1430/4217 290/1741/4218 329/1743/4219 330/1429/4220
f 290/1741/4221 289/2085/4222 328/2087/4223 329/1743/4224
f 289/2085/4225 288/2352/4226 327/2356/4227 328/2087/4228
f 288/2352/4229 287/2474/4230 326/2472/4231 327/2356/4232
f 287/2474/4233 286/2654/4234 325/2651/4235 326/2472/4236
f 2517/605/4237 2519/611/4238 2347/612/4239 2348/606/4240
f 1419/2636/4241 284/2583/4242 323/2582/4243 1418/2633/4244
f 1430/2523/4245 283/2422/4246 322/2421/4247 1431/2524/4248
f 1462/2374/4249 282/2294/4250 321/2297/4251 1463/2377/4252
f 2391/1217/4253 2393/1211/4254 2323/1215/4255 2322/1220/4256
f 281/155/4257 280/503/4258 319/505/4259 320/156/4260
f 280/503/4261 279/700/4262 318/701/4263 319/505/4264
f 279/700/4265 278/975/4266 317/973/4267 318/701/4268
f 278/975/4269 277/1295/4270 316/1293/4271 317/973/4272
f 2785/3936/4273 2788/3930/4274 2772/3931/4275 2775/3938/4276
f 2865/4071/4277 2868/4092/4278 2710/4096/4279 2707/4072/4280
f 275/1979/4281 274/1505/4282 313/1504/4283 314/1978/4284
f 274/1505/4285 273/1243/4286 312/1242/4287 313/1504/4288
f 1355/1106/4289 272/1026/4290 311/1024/4291 1354/1104/4292
f 1494/868/4293 271/794/4294 310/797/4295 1495/867/4296
f 1526/631/4297 270/550/4298 309/549/4299 1527/630/4300
f 1558/423/4301 269/338/4302 308/341/4303 1559/426/4304
f 1387/161/4305 268/289/4306 307/288/4307 1386/139/4308
f 496/2941/4309 534/2951/4310 1086/3651/4311 1047/3644/4312
f 3323/4010/4313 3319/4123/4314 965/4126/4315 966/4014/4316
f 3322/4416/4317 3320/4401/4318 1007/4406/4319 1040/4422/4320
f 3324/4374/4321 3321/4392/4322 1083/4394/4323 1084/4379/4324
f 3325/4433/4325 3322/4416/4326 1040/4422/4327 1041/4436/4328
f 3326/3956/4329 3323/4010/4330 966/4014/4331 967/3957/4332
f 3327/4356/4333 3324/4374/4334 1084/4379/4335 1085/4357/4336
f 3328/4440/4337 3325/4433/4338 1041/4436/4339 1042/4444/4340
f 3365/3539/4341 259/3538/4342 298/3557/4343 3366/3558/4344
f 2085/3511/4345 258/3484/4346 297/3506/4347 2086/3529/4348
f 2889/4319/4349 2890/4326/4350 2677/4327/4351 2678/4320/4352
f 257/136/4353 256/461/4354 295/463/4355 296/142/4356
f 256/461/4357 255/682/4358 294/684/4359 295/463/4360
f 255/682/4361 254/951/4362 293/953/4363 294/684/4364
f 254/951/4365 253/1177/4366 292/1176/4367 293/953/4368
f 253/1177/4369 252/1431/4370 291/1430/4371 292/1176/4372
f 252/1431/4373 251/1739/4374 290/1741/4375 291/1430/4376
f 251/1739/4377 250/2082/4378 289/2085/4379 290/1741/4380
f 250/2082/4381 249/2350/4382 288/2352/4383 289/2085/4384
f 249/2350/4385 248/2476/4386 287/2474/4387 288/2352/4388
f 248/2476/4389 247/2657/4390 286/2654/4391 287/2474/4392
f 2519/611/4393 2521/617/4394 2346/618/4395 2347/612/4396
f 1420/2638/4397 245/2584/4398 284/2583/4399 1419/2636/4400
f 1429/2522/4401 244/2423/4402 283/2422/4403 1430/2523/4404
f 1461/2372/4405 243/2291/4406 282/2294/4407 1462/2374/4408
f 2585/524/4409 2588/518/4410 2267/517/4411 2269/523/4412
f 242/154/4413 241/501/4414 280/503/4415 281/155/4416
f 241/501/4417 240/697/4418 279/700/4419 280/503/4420
f 240/697/4421 239/977/4422 278/975/4423 279/700/4424
f 239/977/4425 238/1297/4426 277/1295/4427 278/975/4428
f 2789/3790/4429 2792/3777/4430 2727/3780/4431 2730/3793/4432
f 2793/3921/4433 2796/3914/4434 2766/3910/4435 2769/3923/4436
f 236/1980/4437 235/1506/4438 274/1505/4439 275/1979/4440
f 235/1506/4441 234/1241/4442 273/1243/4443 274/1505/4444
f 1356/1107/4445 233/1028/4446 272/1026/4447 1355/1106/4448
f 1493/869/4449 232/788/4450 271/794/4451 1494/868/4452
f 1525/632/4453 231/551/4454 270/550/4455 1526/631/4456
f 1557/420/4457 230/332/4458 269/338/4459 1558/423/4460
f 1388/169/4461 229/290/4462 268/289/4463 1387/161/4464
f 498/3074/4465 538/3083/4466 267/3709/4467 228/3704/4468
f 3297/3915/4469 3326/3956/4470 967/3957/4471 968/3916/4472
f 3298/4339/4473 3327/4356/4474 1085/4357/4475 1118/4341/4476
f 3299/4446/4477 3328/4440/4478 1042/4444/4479 1043/4450/4480
f 2/1359/4481 224/1363/4482 1280/1983/4483 1158/1972/4484
f 6/1468/4485 222/1470/4486 1279/2201/4487 1124/2197/4488
f 224/1363/4489 188/1364/4490 1278/2017/4491 1280/1983/4492
f 222/1470/4493 186/1473/4494 1277/2204/4495 1279/2201/4496
f 3364/3518/4497 220/3517/4498 259/3538/4499 3365/3539/4500
f 2084/3486/4501 219/3467/4502 258/3484/4503 2085/3511/4504
f 2952/4288/4505 2948/4276/4506 2633/4277/4507 2634/4289/4508
f 218/133/4509 217/459/4510 256/461/4511 257/136/4512
f 217/459/4513 216/680/4514 255/682/4515 256/461/4516
f 216/680/4517 215/949/4518 254/951/4519 255/682/4520
f 215/949/4521 214/1178/4522 253/1177/4523 254/951/4524
f 214/1178/4525 213/1432/4526 252/1431/4527 253/1177/4528
f 213/1432/4529 212/1737/4530 251/1739/4531 252/1431/4532
f 212/1737/4533 211/2080/4534 250/2082/4535 251/1739/4536
f 211/2080/4537 210/2348/4538 249/2350/4539 250/2082/4540
f 210/2348/4541 209/2478/4542 248/2476/4543 249/2350/4544
f 209/2478/4545 208/2660/4546 247/2657/4547 248/2476/4548
f 2393/1211/4549 2395/1205/4550 2324/1209/4551 2323/1215/4552
f 1421/2642/4553 206/2585/4554 245/2584/4555 1420/2638/4556
f 1428/2520/4557 205/2424/4558 244/2423/4559 1429/2522/4560
f 1460/2368/4561 204/2287/4562 243/2291/4563 1461/2372/4564
f 2521/617/4565 2523/623/4566 2345/624/4567 2346/618/4568
f 203/153/4569 202/499/4570 241/501/4571 242/154/4572
f 202/499/4573 201/695/4574 240/697/4575 241/501/4576
f 201/695/4577 200/979/4578 239/977/4579 240/697/4580
f 200/979/4581 199/1300/4582 238/1297/4583 239/977/4584
f 2869/4022/4585 2872/4045/4586 2704/4046/4587 2701/4023/4588
f 2797/3764/4589 2800/3740/4590 2721/3745/4591 2724/3768/4592
f 197/1984/4593 196/1507/4594 235/1506/4595 236/1980/4596
f 196/1507/4597 195/1239/4598 234/1241/4599 235/1506/4600
f 1357/1109/4601 194/1030/4602 233/1028/4603 1356/1107/4604
f 1492/871/4605 193/786/4606 232/788/4607 1493/869/4608
f 1524/633/4609 192/552/4610 231/551/4611 1525/632/4612
f 1556/418/4613 191/326/4614 230/332/4615 1557/420/4616
f 1389/173/4617 190/291/4618 229/290/4619 1388/169/4620
f 500/3158/4621 536/3161/4622 657/3760/4623 618/3758/4624
f 10/1394/4625 184/1399/4626 1276/2142/4627 1122/2139/4628
f 188/1364/4629 182/1366/4630 1275/2048/4631 1278/2017/4632
f 186/1473/4633 148/1477/4634 1274/2206/4635 1277/2204/4636
f 184/1399/4637 146/1403/4638 1241/2150/4639 1276/2142/4640
f 182/1366/4641 110/1367/4642 1239/2051/4643 1275/2048/4644
f 148/1477/4645 144/1480/4646 1240/2209/4647 1274/2206/4648
f 146/1403/4649 108/1406/4650 1238/2157/4651 1241/2150/4652
f 3363/3493/4653 181/3491/4654 220/3517/4655 3364/3518/4656
f 2083/3466/4657 180/3449/4658 219/3467/4659 2084/3486/4660
f 2890/4326/4661 2891/4333/4662 2676/4334/4663 2677/4327/4664
f 179/126/4665 178/457/4666 217/459/4667 218/133/4668
f 178/457/4669 177/678/4670 216/680/4671 217/459/4672
f 177/678/4673 176/947/4674 215/949/4675 216/680/4676
f 176/947/4677 175/1179/4678 214/1178/4679 215/949/4680
f 175/1179/4681 174/1433/4682 213/1432/4683 214/1178/4684
f 174/1433/4685 173/1735/4686 212/1737/4687 213/1432/4688
f 173/1735/4689 172/2078/4690 211/2080/4691 212/1737/4692
f 172/2078/4693 171/2346/4694 210/2348/4695 211/2080/4696
f 171/2346/4697 170/2480/4698 209/2478/4699 210/2348/4700
f 170/2480/4701 169/2664/4702 208/2660/4703 209/2478/4704
f 2461/1151/4705 2464/1157/4706 2302/1156/4707 2304/1150/4708
f 1422/2644/4709 167/2586/4710 206/2585/4711 1421/2642/4712
f 1427/2518/4713 166/2425/4714 205/2424/4715 1428/2520/4716
f 1459/2367/4717 165/2282/4718 204/2287/4719 1460/2368/4720
f 2395/1205/4721 2397/1200/4722 2325/1203/4723 2324/1209/4724
f 164/151/4725 163/497/4726 202/499/4727 203/153/4728
f 163/497/4729 162/694/4730 201/695/4731 202/499/4732
f 162/694/4733 161/981/4734 200/979/4735 201/695/4736
f 161/981/4737 160/1303/4738 199/1300/4739 200/979/4740
f 2873/3986/4741 2876/3995/4742 2698/3996/4743 2695/3987/4744
f 2801/3724/4745 2804/3711/4746 2715/3713/4747 2718/3727/4748
f 158/1987/4749 157/1508/4750 196/1507/4751 197/1984/4752
f 157/1508/4753 156/1237/4754 195/1239/4755 196/1507/4756
f 1358/1110/4757 155/1032/4758 194/1030/4759 1357/1109/4760
f 1491/872/4761 154/784/4762 193/786/4763 1492/871/4764
f 1523/634/4765 153/553/4766 192/552/4767 1524/633/4768
f 1555/415/4769 152/323/4770 191/326/4771 1556/418/4772
f 1390/176/4773 151/301/4774 190/291/4775 1389/173/4776
f 534/2951/4777 575/2965/4778 1125/3659/4779 1086/3651/4780
f 144/1480/4781 106/1481/4782 1237/2213/4783 1240/2209/4784
f 110/1367/4785 104/1368/4786 1236/2095/4787 1239/2051/4788
f 108/1406/4789 102/1410/4790 1235/2163/4791 1238/2157/4792
f 106/1481/4793 100/1482/4794 1202/2216/4795 1237/2213/4796
f 104/1368/4797 64/1370/4798 1200/2104/4799 1236/2095/4800
f 102/1410/4801 98/1418/4802 1201/2168/4803 1235/2163/4804
f 100/1482/4805 60/1484/4806 1199/2220/4807 1202/2216/4808
f 3362/3470/4809 142/3468/4810 181/3491/4811 3363/3493/4812
f 2082/3447/4813 141/3434/4814 180/3449/4815 2083/3466/4816
f 2891/4333/4817 2892/4344/4818 2675/4345/4819 2676/4334/4820
f 140/121/4821 139/455/4822 178/457/4823 179/126/4824
f 139/455/4825 138/676/4826 177/678/4827 178/457/4828
f 138/676/4829 137/943/4830 176/947/4831 177/678/4832
f 137/943/4833 136/1180/4834 175/1179/4835 176/947/4836
f 136/1180/4837 135/1434/4838 174/1433/4839 175/1179/4840
f 135/1434/4841 134/1733/4842 173/1735/4843 174/1433/4844
f 134/1733/4845 133/2076/4846 172/2078/4847 173/1735/4848
f 133/2076/4849 132/2344/4850 171/2346/4851 172/2078/4852
f 132/2344/4853 131/2482/4854 170/2480/4855 171/2346/4856
f 131/2482/4857 130/2667/4858 169/2664/4859 170/2480/4860
f 2589/402/4861 2592/395/4862 2259/396/4863 2261/400/4864
f 1423/2646/4865 128/2588/4866 167/2586/4867 1422/2644/4868
f 1426/2517/4869 127/2426/4870 166/2425/4871 1427/2518/4872
f 1458/2370/4873 126/2280/4874 165/2282/4875 1459/2367/4876
f 2523/76/4877 2525/188/4878 2344/187/4879 2345/62/4880
f 125/150/4881 124/495/4882 163/497/4883 164/151/4884
f 124/495/4885 123/696/4886 162/694/4887 163/497/4888
f 123/696/4889 122/983/4890 161/981/4891 162/694/4892
f 122/983/4893 121/1305/4894 160/1303/4895 161/981/4896
f 2877/3970/4897 2880/3978/4898 2692/3979/4899 2691/3971/4900
f 2805/4087/4901 2808/4067/4902 2709/4065/4903 2712/4095/4904
f 119/1990/4905 118/1509/4906 157/1508/4907 158/1987/4908
f 118/1509/4909 117/1234/4910 156/1237/4911 157/1508/4912
f 1359/1111/4913 116/1034/4914 155/1032/4915 1358/1110/4916
f 1490/873/4917 115/782/4918 154/784/4919 1491/872/4920
f 1522/635/4921 114/556/4922 153/553/4923 1523/634/4924
f 1554/412/4925 113/320/4926 152/323/4927 1555/415/4928
f 1391/178/4929 112/308/4930 151/301/4931 1390/176/4932
f 536/3161/4933 573/3167/4934 696/3759/4935 657/3760/4936
f 98/1418/4937 56/1423/4938 1198/2175/4939 1201/2168/4940
f 64/1370/4941 52/1374/4942 1197/2113/4943 1200/2104/4944
f 60/1289/4945 48/1308/4946 1196/1963/4947 1199/1958/4948
f 56/1423/4949 40/1460/4950 1162/2181/4951 1198/2175/4952
f 52/1374/4953 44/1380/4954 1163/2119/4955 1197/2113/4956
f 48/1308/4957 36/1335/4958 1161/1968/4959 1196/1963/4960
f 44/1380/4961 32/1386/4962 1160/2125/4963 1163/2119/4964
f 3361/3448/4965 65/3446/4966 142/3468/4967 3362/3470/4968
f 2081/3429/4969 66/3416/4970 141/3434/4971 2082/3447/4972
f 2949/4305/4973 2952/4288/4974 2634/4289/4975 2635/4303/4976
f 67/122/4977 68/453/4978 139/455/4979 140/121/4980
f 68/453/4981 69/674/4982 138/676/4983 139/455/4984
f 69/674/4985 70/944/4986 137/943/4987 138/676/4988
f 70/944/4989 71/1181/4990 136/1180/4991 137/943/4992
f 71/1181/4993 72/1435/4994 135/1434/4995 136/1180/4996
f 72/1435/4997 73/1730/4998 134/1733/4999 135/1434/5000
f 73/1730/5001 74/2074/5002 133/2076/5003 134/1733/5004
f 74/2074/5005 75/2342/5006 132/2344/5007 133/2076/5008
f 75/2342/5009 76/2485/5010 131/2482/5011 132/2344/5012
f 76/2485/5013 77/2671/5014 130/2667/5015 131/2482/5016
f 2397/1200/5017 2400/1161/5018 2326/1163/5019 2325/1203/5020
f 1424/2656/5021 79/2589/5022 128/2588/5023 1423/2646/5024
f 1425/2515/5025 80/2427/5026 127/2426/5027 1426/2517/5028
f 1457/2371/5029 81/2277/5030 126/2280/5031 1458/2370/5032
f 2525/188/5033 2528/215/5034 2343/214/5035 2344/187/5036
f 82/149/5037 83/493/5038 124/495/5039 125/150/5040
f 83/493/5041 84/698/5042 123/696/5043 124/495/5044
f 84/698/5045 85/986/5046 122/983/5047 123/696/5048
f 85/986/5049 86/1309/5050 121/1305/5051 122/983/5052
f 2809/4042/5053 2812/4017/5054 2703/4018/5055 2706/4044/5056
f 2813/3992/5057 2816/3984/5058 2697/3985/5059 2700/3993/5060
f 88/1994/5061 89/1510/5062 118/1509/5063 119/1990/5064
f 89/1510/5065 90/1233/5066 117/1234/5067 118/1509/5068
f 1360/1112/5069 91/1036/5070 116/1034/5071 1359/1111/5072
f 1489/875/5073 92/780/5074 115/782/5075 1490/873/5076
f 1521/636/5077 93/559/5078 114/556/5079 1522/635/5080
f 1553/409/5081 94/317/5082 113/320/5083 1554/412/5084
f 1392/181/5085 95/312/5086 112/308/5087 1391/178/5088
f 538/3083/5089 539/3095/5090 306/3716/5091 267/3709/5092
f 40/1460/5093 28/1464/5094 1159/2185/5095 1162/2181/5096
f 36/1335/5097 24/1357/5098 1157/1971/5099 1161/1968/5100
f 32/1386/5101 16/1390/5102 1121/2133/5103 1160/2125/5104
f 28/1464/5105 20/1467/5106 1123/2191/5107 1159/2185/5108
f 24/1357/5109 2/1359/5110 1158/1972/5111 1157/1971/5112
f 20/1467/5113 6/1468/5114 1124/2197/5115 1123/2191/5116
f 16/1390/5117 10/1394/5118 1122/2139/5119 1121/2133/5120
f 360/2299/5121 1321/2192/5122 1320/2200/5123 399/2301/5124
f 321/2297/5125 1322/2184/5126 1321/2192/5127 360/2299/5128
f 282/2294/5129 1323/2177/5130 1322/2184/5131 321/2297/5132
f 243/2291/5133 1324/2169/5134 1323/2177/5135 282/2294/5136
f 204/2287/5137 1325/2162/5138 1324/2169/5139 243/2291/5140
f 165/2282/5141 1326/2152/5142 1325/2162/5143 204/2287/5144
f 126/2280/5145 1327/2144/5146 1326/2152/5147 165/2282/5148
f 81/2277/5149 1328/2138/5150 1327/2144/5151 126/2280/5152
f 1287/1231/5153 1329/1114/5154 1360/1112/5155 90/1233/5156
f 1248/1229/5157 1330/1115/5158 1329/1114/5159 1287/1231/5160
f 1209/1227/5161 1331/1116/5162 1330/1115/5163 1248/1229/5164
f 1170/1225/5165 1332/1117/5166 1331/1116/5167 1209/1227/5168
f 1131/1223/5169 1333/1118/5170 1332/1117/5171 1170/1225/5172
f 1092/1222/5173 1334/1122/5174 1333/1118/5175 1131/1223/5176
f 1053/1224/5177 1335/1127/5178 1334/1122/5179 1092/1222/5180
f 1014/1226/5181 1336/1128/5182 1335/1127/5183 1053/1224/5184
f 975/1228/5185 1337/1130/5186 1336/1128/5187 1014/1226/5188
f 936/1230/5189 1338/1131/5190 1337/1130/5191 975/1228/5192
f 897/1232/5193 1339/1133/5194 1338/1131/5195 936/1230/5196
f 858/1235/5197 1340/1134/5198 1339/1133/5199 897/1232/5200
f 819/1238/5201 1341/1136/5202 1340/1134/5203 858/1235/5204
f 780/1244/5205 1342/1138/5206 1341/1136/5207 819/1238/5208
f 741/1245/5209 1343/1139/5210 1342/1138/5211 780/1244/5212
f 702/1246/5213 1344/1140/5214 1343/1139/5215 741/1245/5216
f 663/1248/5217 1345/1137/5218 1344/1140/5219 702/1246/5220
f 624/1250/5221 1346/1135/5222 1345/1137/5223 663/1248/5224
f 585/1251/5225 1347/1132/5226 1346/1135/5227 624/1250/5228
f 546/1253/5229 1348/1129/5230 1347/1132/5231 585/1251/5232
f 507/1254/5233 1349/1119/5234 1348/1129/5235 546/1253/5236
f 468/1252/5237 1350/1113/5238 1349/1119/5239 507/1254/5240
f 429/1249/5241 1351/1108/5242 1350/1113/5243 468/1252/5244
f 390/1247/5245 1352/1105/5246 1351/1108/5247 429/1249/5248
f 351/1240/5249 1353/1103/5250 1352/1102/5251 390/1236/5252
f 312/1242/5253 1354/1104/5254 1353/1103/5255 351/1240/5256
f 273/1243/5257 1355/1106/5258 1354/1104/5259 312/1242/5260
f 234/1241/5261 1356/1107/5262 1355/1106/5263 273/1243/5264
f 195/1239/5265 1357/1109/5266 1356/1107/5267 234/1241/5268
f 156/1237/5269 1358/1110/5270 1357/1109/5271 195/1239/5272
f 117/1234/5273 1359/1111/5274 1358/1110/5275 156/1237/5276
f 90/1233/5277 1360/1112/5278 1359/1111/5279 117/1234/5280
f 1283/314/5281 1361/179/5282 1392/192/5283 94/317/5284
f 1244/311/5285 1362/172/5286 1361/179/5287 1283/314/5288
f 1205/309/5289 1363/164/5290 1362/172/5291 1244/311/5292
f 1166/306/5293 1364/128/5294 1363/164/5295 1205/309/5296
f 1127/304/5297 1365/77/5298 1364/128/5299 1166/306/5300
f 1088/302/5301 1366/50/5302 1365/77/5303 1127/304/5304
f 1049/299/5305 1367/27/5306 1366/50/5307 1088/302/5308
f 1010/298/5309 1368/4/5310 1367/27/5311 1049/299/5312
f 971/300/5313 1369/28/5314 1368/4/5315 1010/298/5316
f 932/303/5317 1370/52/5318 1369/28/5319 971/300/5320
f 893/305/5321 1371/79/5322 1370/52/5323 932/303/5324
f 854/307/5325 1372/132/5326 1371/79/5327 893/305/5328
f 815/310/5329 1373/165/5330 1372/132/5331 854/307/5332
f 776/313/5333 1374/174/5334 1373/165/5335 815/310/5336
f 737/316/5337 1375/182/5338 1374/174/5339 776/313/5340
f 698/319/5341 1376/195/5342 1375/182/5343 737/316/5344
f 659/322/5345 1377/201/5346 1376/195/5347 698/319/5348
f 620/325/5349 1378/207/5350 1377/201/5351 659/322/5352
f 581/328/5353 1379/218/5354 1378/207/5355 620/325/5356
f 542/337/5357 1380/223/5358 1379/218/5359 581/328/5360
f 503/340/5361 1381/228/5362 1380/223/5363 542/337/5364
f 464/343/5365 1382/231/5366 1381/228/5367 503/340/5368
f 425/346/5369 1383/242/5370 1382/231/5371 464/343/5372
f 386/348/5373 1384/244/5374 1383/242/5375 425/346/5376
f 347/342/5377 1385/233/5378 1384/241/5379 386/345/5380
f 308/341/5381 1386/229/5382 1385/233/5383 347/342/5384
f 269/338/5385 1387/225/5386 1386/229/5387 308/341/5388
f 230/332/5389 1388/221/5390 1387/225/5391 269/338/5392
f 191/326/5393 1389/213/5394 1388/221/5395 230/332/5396
f 152/323/5397 1390/205/5398 1389/213/5399 191/326/5400
f 113/320/5401 1391/199/5402 1390/205/5403 152/323/5404
f 94/317/5405 1392/192/5406 1391/199/5407 113/320/5408
f 1299/2824/5409 1393/2663/5410 1424/2656/5411 78/2790/5412
f 1260/2832/5413 1394/2669/5414 1393/2663/5415 1299/2824/5416
f 1221/2839/5417 1395/2673/5418 1394/2669/5419 1260/2832/5420
f 1182/2843/5421 1396/2677/5422 1395/2673/5423 1221/2839/5424
f 1143/2849/5425 1397/2681/5426 1396/2677/5427 1182/2843/5428
f 1104/2853/5429 1398/2685/5430 1397/2681/5431 1143/2849/5432
f 1065/2856/5433 1399/2689/5434 1398/2685/5435 1104/2853/5436
f 1026/2858/5437 1400/2691/5438 1399/2689/5439 1065/2856/5440
f 987/2857/5441 1401/2692/5442 1400/2691/5443 1026/2858/5444
f 948/2854/5445 1402/2690/5446 1401/2692/5447 987/2857/5448
f 909/2851/5449 1403/2686/5450 1402/2690/5451 948/2854/5452
f 870/2846/5453 1404/2682/5454 1403/2686/5455 909/2851/5456
f 831/2840/5457 1405/2680/5458 1404/2682/5459 870/2846/5460
f 792/2835/5461 1406/2674/5462 1405/2680/5463 831/2840/5464
f 753/2828/5465 1407/2670/5466 1406/2674/5467 792/2835/5468
f 714/2821/5469 1408/2666/5470 1407/2670/5471 753/2828/5472
f 675/2754/5473 1409/2659/5474 1408/2666/5475 714/2821/5476
f 636/2746/5477 1410/2653/5478 1409/2659/5479 675/2754/5480
f 597/2740/5481 1411/2645/5482 1410/2653/5483 636/2746/5484
f 558/2735/5485 1412/2643/5486 1411/2645/5487 597/2740/5488
f 519/2731/5489 1413/2641/5490 1412/2643/5491 558/2735/5492
f 480/2728/5493 1414/2639/5494 1413/2641/5495 519/2731/5496
f 441/2723/5497 1415/2637/5498 1414/2639/5499 480/2728/5500
f 402/2719/5501 1416/2635/5502 1415/2637/5503 441/2723/5504
f 363/2718/5505 1417/2630/5506 1416/2629/5507 402/2716/5508
f 324/2722/5509 1418/2633/5510 1417/2630/5511 363/2718/5512
f 285/2727/5513 1419/2636/5514 1418/2633/5515 324/2722/5516
f 246/2732/5517 1420/2638/5518 1419/2636/5519 285/2727/5520
f 207/2736/5521 1421/2642/5522 1420/2638/5523 246/2732/5524
f 168/2742/5525 1422/2644/5526 1421/2642/5527 207/2736/5528
f 129/2747/5529 1423/2646/5530 1422/2644/5531 168/2742/5532
f 78/2790/5533 1424/2656/5534 1423/2646/5535 129/2747/5536
f 79/2589/5537 1425/2515/5538 1426/2517/5539 128/2588/5540
f 128/2588/5541 1426/2517/5542 1427/2518/5543 167/2586/5544
f 167/2586/5545 1427/2518/5546 1428/2520/5547 206/2585/5548
f 206/2585/5549 1428/2520/5550 1429/2522/5551 245/2584/5552
f 245/2584/5553 1429/2522/5554 1430/2523/5555 284/2583/5556
f 284/2583/5557 1430/2523/5558 1431/2524/5559 323/2582/5560
f 323/2582/5561 1431/2524/5562 1432/2526/5563 362/2581/5564
f 362/2581/5565 1432/2526/5566 1433/2525/5567 401/2579/5568
f 401/2591/5569 1433/2538/5570 1434/2537/5571 440/2592/5572
f 440/2592/5573 1434/2537/5574 1435/2536/5575 479/2594/5576
f 479/2594/5577 1435/2536/5578 1436/2535/5579 518/2597/5580
f 518/2597/5581 1436/2535/5582 1437/2534/5583 557/2599/5584
f 557/2599/5585 1437/2534/5586 1438/2533/5587 596/2600/5588
f 596/2600/5589 1438/2533/5590 1439/2531/5591 635/2602/5592
f 635/2602/5593 1439/2531/5594 1440/2530/5595 674/2604/5596
f 674/2604/5597 1440/2530/5598 1441/2529/5599 713/2606/5600
f 713/2606/5601 1441/2529/5602 1442/2528/5603 752/2608/5604
f 752/2608/5605 1442/2528/5606 1443/2521/5607 791/2610/5608
f 791/2610/5609 1443/2521/5610 1444/2519/5611 830/2612/5612
f 830/2612/5613 1444/2519/5614 1445/2516/5615 869/2614/5616
f 869/2614/5617 1445/2516/5618 1446/2514/5619 908/2613/5620
f 908/2613/5621 1446/2514/5622 1447/2512/5623 947/2611/5624
f 947/2611/5625 1447/2512/5626 1448/2510/5627 986/2609/5628
f 986/2609/5629 1448/2510/5630 1449/2508/5631 1025/2607/5632
f 1025/2607/5633 1449/2508/5634 1450/2506/5635 1064/2605/5636
f 1064/2605/5637 1450/2506/5638 1451/2504/5639 1103/2603/5640
f 1103/2603/5641 1451/2504/5642 1452/2505/5643 1142/2601/5644
f 1142/2601/5645 1452/2505/5646 1453/2507/5647 1181/2598/5648
f 1181/2598/5649 1453/2507/5650 1454/2509/5651 1220/2595/5652
f 1220/2595/5653 1454/2509/5654 1455/2511/5655 1259/2593/5656
f 1259/2593/5657 1455/2511/5658 1456/2513/5659 1298/2590/5660
f 1298/2590/5661 1456/2513/5662 1425/2515/5663 79/2589/5664
f 80/2427/5665 1457/2371/5666 1458/2370/5667 127/2426/5668
f 127/2426/5669 1458/2370/5670 1459/2367/5671 166/2425/5672
f 166/2425/5673 1459/2367/5674 1460/2368/5675 205/2424/5676
f 205/2424/5677 1460/2368/5678 1461/2372/5679 244/2423/5680
f 244/2423/5681 1461/2372/5682 1462/2374/5683 283/2422/5684
f 283/2422/5685 1462/2374/5686 1463/2377/5687 322/2421/5688
f 322/2421/5689 1463/2377/5690 1464/2381/5691 361/2420/5692
f 361/2420/5693 1464/2381/5694 1465/2386/5695 400/2419/5696
f 400/2435/5697 1465/2400/5698 1466/2399/5699 439/2433/5700
f 439/2433/5701 1466/2399/5702 1467/2398/5703 478/2431/5704
f 478/2431/5705 1467/2398/5706 1468/2397/5707 517/2430/5708
f 517/2430/5709 1468/2397/5710 1469/2396/5711 556/2432/5712
f 556/2432/5713 1469/2396/5714 1470/2395/5715 595/2434/5716
f 595/2434/5717 1470/2395/5718 1471/2394/5719 634/2437/5720
f 634/2437/5721 1471/2394/5722 1472/2393/5723 673/2438/5724
f 673/2438/5725 1472/2393/5726 1473/2392/5727 712/2440/5728
f 712/2440/5729 1473/2392/5730 1474/2391/5731 751/2442/5732
f 751/2442/5733 1474/2391/5734 1475/2390/5735 790/2444/5736
f 790/2444/5737 1475/2390/5738 1476/2389/5739 829/2446/5740
f 829/2446/5741 1476/2389/5742 1477/2388/5743 868/2449/5744
f 868/2449/5745 1477/2388/5746 1478/2387/5747 907/2451/5748
f 907/2451/5749 1478/2387/5750 1479/2385/5751 946/2450/5752
f 946/2450/5753 1479/2385/5754 1480/2384/5755 985/2448/5756
f 985/2448/5757 1480/2384/5758 1481/2383/5759 1024/2447/5760
f 1024/2447/5761 1481/2383/5762 1482/2382/5763 1063/2445/5764
f 1063/2445/5765 1482/2382/5766 1483/2380/5767 1102/2443/5768
f 1102/2443/5769 1483/2380/5770 1484/2379/5771 1141/2441/5772
f 1141/2441/5773 1484/2379/5774 1485/2378/5775 1180/2439/5776
f 1180/2439/5777 1485/2378/5778 1486/2376/5779 1219/2436/5780
f 1219/2436/5781 1486/2376/5782 1487/2375/5783 1258/2429/5784
f 1258/2429/5785 1487/2375/5786 1488/2373/5787 1297/2428/5788
f 1297/2428/5789 1488/2373/5790 1457/2371/5791 80/2427/5792
f 91/1036/5793 1489/875/5794 1490/873/5795 116/1034/5796
f 116/1034/5797 1490/873/5798 1491/872/5799 155/1032/5800
f 155/1032/5801 1491/872/5802 1492/871/5803 194/1030/5804
f 194/1030/5805 1492/871/5806 1493/869/5807 233/1028/5808
f 233/1028/5809 1493/869/5810 1494/868/5811 272/1026/5812
f 272/1026/5813 1494/868/5814 1495/867/5815 311/1024/5816
f 311/1024/5817 1495/867/5818 1496/866/5819 350/1022/5820
f 350/1022/5821 1496/866/5822 1497/865/5823 389/1021/5824
f 389/1023/5825 1497/874/5826 1498/877/5827 428/1025/5828
f 428/1025/5829 1498/877/5830 1499/880/5831 467/1027/5832
f 467/1027/5833 1499/880/5834 1500/882/5835 506/1029/5836
f 506/1029/5837 1500/882/5838 1501/885/5839 545/1031/5840
f 545/1031/5841 1501/885/5842 1502/888/5843 584/1033/5844
f 584/1033/5845 1502/888/5846 1503/890/5847 623/1035/5848
f 623/1035/5849 1503/890/5850 1504/893/5851 662/1037/5852
f 662/1037/5853 1504/893/5854 1505/895/5855 701/1045/5856
f 701/1045/5857 1505/895/5858 1506/897/5859 740/1047/5860
f 740/1047/5861 1506/897/5862 1507/898/5863 779/1049/5864
f 779/1049/5865 1507/898/5866 1508/896/5867 818/1051/5868
f 818/1051/5869 1508/896/5870 1509/894/5871 857/1053/5872
f 857/1053/5873 1509/894/5874 1510/892/5875 896/1055/5876
f 896/1055/5877 1510/892/5878 1511/891/5879 935/1058/5880
f 935/1058/5881 1511/891/5882 1512/889/5883 974/1059/5884
f 974/1059/5885 1512/889/5886 1513/887/5887 1013/1057/5888
f 1013/1057/5889 1513/887/5890 1514/886/5891 1052/1056/5892
f 1052/1056/5893 1514/886/5894 1515/884/5895 1091/1054/5896
f 1091/1054/5897 1515/884/5898 1516/883/5899 1130/1052/5900
f 1130/1052/5901 1516/883/5902 1517/881/5903 1169/1050/5904
f 1169/1050/5905 1517/881/5906 1518/879/5907 1208/1048/5908
f 1208/1048/5909 1518/879/5910 1519/878/5911 1247/1046/5912
f 1247/1046/5913 1519/878/5914 1520/876/5915 1286/1041/5916
f 1286/1041/5917 1520/876/5918 1489/875/5919 91/1036/5920
f 92/780/5921 1521/636/5922 1522/635/5923 115/782/5924
f 115/782/5925 1522/635/5926 1523/634/5927 154/784/5928
f 154/784/5929 1523/634/5930 1524/633/5931 193/786/5932
f 193/786/5933 1524/633/5934 1525/632/5935 232/788/5936
f 232/788/5937 1525/632/5938 1526/631/5939 271/794/5940
f 271/794/5941 1526/631/5942 1527/630/5943 310/797/5944
f 310/797/5945 1527/630/5946 1528/629/5947 349/798/5948
f 349/798/5949 1528/629/5950 1529/628/5951 388/799/5952
f 388/804/5953 1529/660/5954 1530/659/5955 427/803/5956
f 427/803/5957 1530/659/5958 1531/658/5959 466/802/5960
f 466/802/5961 1531/658/5962 1532/657/5963 505/801/5964
f 505/801/5965 1532/657/5966 1533/656/5967 544/800/5968
f 544/800/5969 1533/656/5970 1534/655/5971 583/796/5972
f 583/796/5973 1534/655/5974 1535/654/5975 622/790/5976
f 622/790/5977 1535/654/5978 1536/653/5979 661/785/5980
f 661/785/5981 1536/653/5982 1537/652/5983 700/783/5984
f 700/783/5985 1537/652/5986 1538/651/5987 739/781/5988
f 739/781/5989 1538/651/5990 1539/650/5991 778/779/5992
f 778/779/5993 1539/650/5994 1540/649/5995 817/777/5996
f 817/777/5997 1540/649/5998 1541/648/5999 856/775/6000
f 856/775/6001 1541/648/6002 1542/647/6003 895/773/6004
f 895/773/6005 1542/647/6006 1543/646/6007 934/771/6008
f 934/771/6009 1543/646/6010 1544/645/6011 973/769/6012
f 973/769/6013 1544/645/6014 1545/644/6015 1012/767/6016
f 1012/767/6017 1545/644/6018 1546/643/6019 1051/766/6020
f 1051/766/6021 1546/643/6022 1547/642/6023 1090/768/6024
f 1090/768/6025 1547/642/6026 1548/641/6027 1129/770/6028
f 1129/770/6029 1548/641/6030 1549/640/6031 1168/772/6032
f 1168/772/6033 1549/640/6034 1550/639/6035 1207/774/6036
f 1207/774/6037 1550/639/6038 1551/638/6039 1246/776/6040
f 1246/776/6041 1551/638/6042 1552/637/6043 1285/778/6044
f 1285/778/6045 1552/637/6046 1521/636/6047 92/780/6048
f 93/559/6049 1553/409/6050 1554/412/6051 114/556/6052
f 114/556/6053 1554/412/6054 1555/415/6055 153/553/6056
f 153/553/6057 1555/415/6058 1556/418/6059 192/552/6060
f 192/552/6061 1556/418/6062 1557/420/6063 231/551/6064
f 231/551/6065 1557/420/6066 1558/423/6067 270/550/6068
f 270/550/6069 1558/423/6070 1559/426/6071 309/549/6072
f 309/549/6073 1559/426/6074 1560/429/6075 348/548/6076
f 348/548/6077 1560/429/6078 1561/431/6079 387/547/6080
f 387/554/6081 1561/438/6082 1562/437/6083 426/555/6084
f 426/555/6085 1562/437/6086 1563/436/6087 465/557/6088
f 465/557/6089 1563/436/6090 1564/435/6091 504/558/6092
f 504/558/6093 1564/435/6094 1565/434/6095 543/560/6096
f 543/560/6097 1565/434/6098 1566/433/6099 582/561/6100
f 582/561/6101 1566/433/6102 1567/432/6103 621/563/6104
f 621/563/6105 1567/432/6106 1568/430/6107 660/565/6108
f 660/565/6109 1568/430/6110 1569/428/6111 699/567/6112
f 699/567/6113 1569/428/6114 1570/427/6115 738/569/6116
f 738/569/6117 1570/427/6118 1571/425/6119 777/571/6120
f 777/571/6121 1571/425/6122 1572/424/6123 816/576/6124
f 816/576/6125 1572/424/6126 1573/422/6127 855/578/6128
f 855/578/6129 1573/422/6130 1574/421/6131 894/583/6132
f 894/583/6133 1574/421/6134 1575/419/6135 933/585/6136
f 933/585/6137 1575/419/6138 1576/417/6139 972/584/6140
f 972/584/6141 1576/417/6142 1577/416/6143 1011/581/6144
f 1011/581/6145 1577/416/6146 1578/414/6147 1050/577/6148
f 1050/577/6149 1578/414/6150 1579/413/6151 1089/573/6152
f 1089/573/6153 1579/413/6154 1580/411/6155 1128/570/6156
f 1128/570/6157 1580/411/6158 1581/410/6159 1167/568/6160
f 1167/568/6161 1581/410/6162 1582/408/6163 1206/566/6164
f 1206/566/6165 1582/408/6166 1583/406/6167 1245/564/6168
f 1245/564/6169 1583/406/6170 1584/407/6171 1284/562/6172
f 1284/562/6173 1584/407/6174 1553/409/6175 93/559/6176
f 2113/4215/6177 1585/4214/6178 1586/4206/6179 2134/4207/6180
f 2134/4207/6181 1586/4206/6182 1587/4198/6183 2123/4199/6184
f 2123/4199/6185 1587/4198/6186 1588/4188/6187 2144/4190/6188
f 2144/4190/6189 1588/4188/6190 1589/4180/6191 2133/4181/6192
f 2133/4181/6193 1589/4180/6194 1590/4173/6195 2122/4174/6196
f 2122/4174/6197 1590/4173/6198 1591/4164/6199 2143/4165/6200
f 2143/4165/6201 1591/4164/6202 1592/4155/6203 2132/4156/6204
f 2132/4156/6205 1592/4155/6206 1593/4148/6207 2121/4149/6208
f 2121/4427/6209 1593/4432/6210 1594/4423/6211 2142/4421/6212
f 2142/4421/6213 1594/4423/6214 1595/4413/6215 2131/4412/6216
f 2131/4412/6217 1595/4413/6218 1596/4403/6219 2120/4402/6220
f 2120/4402/6221 1596/4403/6222 1597/4395/6223 2141/4393/6224
f 2141/4393/6225 1597/4395/6226 1598/4385/6227 2130/4384/6228
f 2130/4384/6229 1598/4385/6230 1599/4376/6231 2119/4375/6232
f 2119/4375/6233 1599/4376/6234 1600/4368/6235 2140/4367/6236
f 2140/4367/6237 1600/4368/6238 1601/4359/6239 2129/4358/6240
f 2129/4358/6241 1601/4359/6242 1602/4350/6243 2118/4349/6244
f 2118/4349/6245 1602/4350/6246 1603/4343/6247 2139/4342/6248
f 2139/4342/6249 1603/4343/6250 1604/4332/6251 2128/4331/6252
f 2128/4331/6253 1604/4332/6254 1605/4325/6255 2117/4324/6256
f 2117/4324/6257 1605/4325/6258 1606/4318/6259 2138/4317/6260
f 2138/4317/6261 1606/4318/6262 1607/4309/6263 2127/4308/6264
f 2127/4308/6265 1607/4309/6266 1608/4300/6267 2116/4299/6268
f 2116/4299/6269 1608/4300/6270 1609/4292/6271 2137/4290/6272
f 2137/4290/6273 1609/4292/6274 1610/4280/6275 2126/4281/6276
f 2126/4281/6277 1610/4280/6278 1611/4271/6279 2115/4272/6280
f 2115/4272/6281 1611/4271/6282 1612/4261/6283 2136/4262/6284
f 2136/4262/6285 1612/4261/6286 1613/4251/6287 2125/4252/6288
f 2125/4252/6289 1613/4251/6290 1614/4242/6291 2114/4243/6292
f 2114/4243/6293 1614/4242/6294 1615/4234/6295 2135/4235/6296
f 2135/4235/6297 1615/4234/6298 1616/4224/6299 2124/4225/6300
f 2124/4225/6301 1616/4224/6302 1585/4214/6303 2113/4215/6304
f 1744/1594/6305 1648/1593/6306 1617/1572/6307 1713/1574/6308
f 1713/1574/6309 1617/1572/6310 1618/1546/6311 1714/1548/6312
f 1714/1548/6313 1618/1546/6314 1619/1500/6315 1715/1501/6316
f 1715/1501/6317 1619/1500/6318 1620/1491/6319 1716/1492/6320
f 1716/1492/6321 1620/1491/6322 1621/1476/6323 1717/1478/6324
f 1717/1478/6325 1621/1476/6326 1622/1417/6327 1718/1419/6328
f 1718/1419/6329 1622/1417/6330 1623/1382/6331 1719/1383/6332
f 1719/1383/6333 1623/1382/6334 1624/1358/6335 1720/1360/6336
f 1720/2322/6337 1624/2323/6338 1625/2310/6339 1721/2309/6340
f 1721/2309/6341 1625/2310/6342 1626/2286/6343 1722/2284/6344
f 1722/2284/6345 1626/2286/6346 1627/2253/6347 1723/2252/6348
f 1723/2252/6349 1627/2253/6350 1628/2238/6351 1724/2237/6352
f 1724/2237/6353 1628/2238/6354 1629/2227/6355 1725/2225/6356
f 1725/2225/6357 1629/2227/6358 1630/2210/6359 1726/2208/6360
f 1726/2208/6361 1630/2210/6362 1631/2174/6363 1727/2172/6364
f 1727/2172/6365 1631/2174/6366 1632/2131/6367 1728/2128/6368
f 1728/2128/6369 1632/2131/6370 1633/2050/6371 1729/2049/6372
f 1729/2049/6373 1633/2050/6374 1634/1967/6375 1730/1966/6376
f 1730/1966/6377 1634/1967/6378 1635/1952/6379 1731/1951/6380
f 1731/1951/6381 1635/1952/6382 1636/1940/6383 1732/1939/6384
f 1732/1939/6385 1636/1940/6386 1637/1927/6387 1733/1926/6388
f 1733/1926/6389 1637/1927/6390 1638/1905/6391 1734/1904/6392
f 1734/1904/6393 1638/1905/6394 1639/1871/6395 1735/1870/6396
f 1735/1870/6397 1639/1871/6398 1640/1842/6399 1736/1843/6400
f 1736/1843/6401 1640/1842/6402 1641/1807/6403 1737/1808/6404
f 1737/1808/6405 1641/1807/6406 1642/1776/6407 1738/1777/6408
f 1738/1777/6409 1642/1776/6410 1643/1755/6411 1739/1756/6412
f 1739/1756/6413 1643/1755/6414 1644/1681/6415 1740/1683/6416
f 1740/1683/6417 1644/1681/6418 1645/1647/6419 1741/1649/6420
f 1741/1649/6421 1645/1647/6422 1646/1624/6423 1742/1625/6424
f 1742/1625/6425 1646/1624/6426 1647/1607/6427 1743/1609/6428
f 1618/1546/6429 1747/1544/6430 1749/1499/6431 1619/1500/6432
f 1617/1572/6433 1745/1569/6434 1747/1544/6435 1618/1546/6436
f 1619/1500/6437 1749/1499/6438 1751/1489/6439 1620/1491/6440
f 1620/1491/6441 1751/1489/6442 1753/1474/6443 1621/1476/6444
f 1621/1476/6445 1753/1474/6446 1755/1414/6447 1622/1417/6448
f 1622/1417/6449 1755/1414/6450 1757/1378/6451 1623/1382/6452
f 1623/1382/6453 1757/1378/6454 1759/1361/6455 1624/1358/6456
f 1624/2323/6457 1759/2321/6458 1761/2311/6459 1625/2310/6460
f 1625/2310/6461 1761/2311/6462 1763/2289/6463 1626/2286/6464
f 1626/2286/6465 1763/2289/6466 1765/2255/6467 1627/2253/6468
f 1627/2253/6469 1765/2255/6470 1767/2240/6471 1628/2238/6472
f 1628/2238/6473 1767/2240/6474 1769/2229/6475 1629/2227/6476
f 1629/2227/6477 1769/2229/6478 1771/2211/6479 1630/2210/6480
f 1630/2210/6481 1771/2211/6482 1773/2176/6483 1631/2174/6484
f 1631/2174/6485 1773/2176/6486 1775/2134/6487 1632/2131/6488
f 1632/2131/6489 1775/2134/6490 1777/2052/6491 1633/2050/6492
f 1633/2050/6493 1777/2052/6494 1779/1969/6495 1634/1967/6496
f 1634/1967/6497 1779/1969/6498 1781/1953/6499 1635/1952/6500
f 1635/1952/6501 1781/1953/6502 1783/1942/6503 1636/1940/6504
f 1636/1940/6505 1783/1942/6506 1785/1928/6507 1637/1927/6508
f 1637/1927/6509 1785/1928/6510 1787/1906/6511 1638/1905/6512
f 1638/1905/6513 1787/1906/6514 1789/1872/6515 1639/1871/6516
f 1639/1871/6517 1789/1872/6518 1791/1841/6519 1640/1842/6520
f 1640/1842/6521 1791/1841/6522 1793/1806/6523 1641/1807/6524
f 1641/1807/6525 1793/1806/6526 1795/1775/6527 1642/1776/6528
f 1642/1776/6529 1795/1775/6530 1797/1754/6531 1643/1755/6532
f 1643/1755/6533 1797/1754/6534 1799/1678/6535 1644/1681/6536
f 1644/1681/6537 1799/1678/6538 1801/1646/6539 1645/1647/6540
f 1645/1647/6541 1801/1646/6542 1803/1622/6543 1646/1624/6544
f 1646/1624/6545 1803/1622/6546 1805/1605/6547 1647/1607/6548
f 1647/1607/6549 1805/1605/6550 1808/1592/6551 1648/1593/6552
f 1312/3425/6553 1273/3406/6554 2044/3403/6555 2046/3422/6556
f 298/3557/6557 259/3538/6558 1992/3533/6559 1994/3551/6560
f 1234/3384/6561 1195/3362/6562 2040/3357/6563 2042/3383/6564
f 1682/3450/6565 1683/3469/6566 1987/3472/6567 1985/3451/6568
f 220/3517/6569 181/3491/6570 1988/3485/6571 1990/3512/6572
f 1708/3326/6573 1709/3347/6574 2039/3349/6575 2037/3327/6576
f 1156/3335/6577 1117/3312/6578 2036/3311/6579 2038/3331/6580
f 142/3468/6581 65/3446/6582 2047/3443/6583 1986/3464/6584
f 1681/3431/6585 1682/3450/6586 1985/3451/6587 2048/3432/6588
f 1078/3291/6589 1039/3269/6590 2032/3268/6591 2034/3290/6592
f 1707/3308/6593 1708/3326/6594 2037/3327/6595 2035/3309/6596
f 1706/3287/6597 1707/3308/6598 2035/3309/6599 2033/3288/6600
f 1705/3264/6601 1706/3287/6602 2033/3288/6603 2031/3265/6604
f 1704/3250/6605 1705/3264/6606 2031/3265/6607 2029/3251/6608
f 1703/3230/6609 1704/3250/6610 2029/3251/6611 2027/3229/6612
f 1702/3203/6613 1703/3230/6614 2027/3229/6615 2025/3202/6616
f 1039/3269/6617 1000/3247/6618 2030/3248/6619 2032/3268/6620
f 1701/3179/6621 1702/3203/6622 2025/3202/6623 2023/3178/6624
f 961/3226/6625 922/3196/6626 2026/3198/6627 2028/3227/6628
f 883/3166/6629 844/3141/6630 2022/3143/6631 2024/3169/6632
f 1700/3154/6633 1701/3179/6634 2023/3178/6635 2021/3152/6636
f 805/3119/6637 766/3091/6638 2018/3096/6639 2020/3120/6640
f 1699/3129/6641 1700/3154/6642 2021/3152/6643 2019/3128/6644
f 727/3070/6645 688/3044/6646 2014/3050/6647 2016/3072/6648
f 649/3012/6649 610/2990/6650 2010/2995/6651 2012/3019/6652
f 1698/3107/6653 1699/3129/6654 2019/3128/6655 2017/3105/6656
f 571/2968/6657 532/2946/6658 2006/2954/6659 2008/2972/6660
f 1697/3087/6661 1698/3107/6662 2017/3105/6663 2015/3086/6664
f 493/2930/6665 454/2913/6666 2002/2916/6667 2004/2935/6668
f 415/3597/6669 376/3585/6670 1998/3581/6671 2000/3596/6672
f 1696/3066/6673 1697/3087/6674 2015/3086/6675 2013/3062/6676
f 65/3446/6677 1312/3425/6678 2046/3422/6679 2047/3443/6680
f 3616/1597/6681 1744/1594/6682 1713/1574/6683 3585/1579/6684
f 3585/1579/6685 1713/1574/6686 1714/1548/6687 3586/1553/6688
f 3586/1553/6689 1714/1548/6690 1715/1501/6691 3587/1517/6692
f 3587/1517/6693 1715/1501/6694 1716/1492/6695 3588/1493/6696
f 3588/1493/6697 1716/1492/6698 1717/1478/6699 3589/1483/6700
f 3589/1483/6701 1717/1478/6702 1718/1419/6703 3590/1465/6704
f 3590/1465/6705 1718/1419/6706 1719/1383/6707 3591/1395/6708
f 3591/1395/6709 1719/1383/6710 1720/1360/6711 3592/1365/6712
f 3592/2318/6713 1720/2322/6714 1721/2309/6715 3593/2305/6716
f 3593/2305/6717 1721/2309/6718 1722/2284/6719 3594/2273/6720
f 3594/2273/6721 1722/2284/6722 1723/2252/6723 3595/2248/6724
f 3595/2248/6725 1723/2252/6726 1724/2237/6727 3596/2235/6728
f 3596/2235/6729 1724/2237/6730 1725/2225/6731 3597/2223/6732
f 3597/2223/6733 1725/2225/6734 1726/2208/6735 3598/2203/6736
f 3598/2203/6737 1726/2208/6738 1727/2172/6739 3599/2161/6740
f 3599/2161/6741 1727/2172/6742 1728/2128/6743 3600/2120/6744
f 3600/2120/6745 1728/2128/6746 1729/2049/6747 3601/2021/6748
f 3601/2021/6749 1729/2049/6750 1730/1966/6751 3602/1961/6752
f 3602/1961/6753 1730/1966/6754 1731/1951/6755 3603/1949/6756
f 3603/1949/6757 1731/1951/6758 1732/1939/6759 3604/1937/6760
f 3604/1937/6761 1732/1939/6762 1733/1926/6763 3605/1925/6764
f 3605/1925/6765 1733/1926/6766 1734/1904/6767 3606/1901/6768
f 3606/1901/6769 1734/1904/6770 1735/1870/6771 3607/1868/6772
f 3607/1868/6773 1735/1870/6774 1736/1843/6775 3608/1844/6776
f 3608/1844/6777 1736/1843/6778 1737/1808/6779 3609/1810/6780
f 3609/1810/6781 1737/1808/6782 1738/1777/6783 3610/1780/6784
f 3610/1780/6785 1738/1777/6786 1739/1756/6787 3611/1759/6788
f 3611/1759/6789 1739/1756/6790 1740/1683/6791 3612/1687/6792
f 3612/1687/6793 1740/1683/6794 1741/1649/6795 3613/1652/6796
f 3613/1652/6797 1741/1649/6798 1742/1625/6799 3614/1627/6800
f 3614/1627/6801 1742/1625/6802 1743/1609/6803 3615/1611/6804
f 3615/1611/6805 1743/1609/6806 1744/1594/6807 3616/1597/6808
f 1806/3497/6809 1966/3483/6810 1849/3519/6811 1807/3530/6812
f 2205/3392/6813 1810/3388/6814 1809/3405/6815 2208/3408/6816
f 1804/3462/6817 1962/3453/6818 1966/3483/6819 1806/3497/6820
f 1802/3433/6821 1958/3424/6822 1962/3453/6823 1804/3462/6824
f 1800/3401/6825 1954/3398/6826 1958/3424/6827 1802/3433/6828
f 1798/3370/6829 1950/3365/6830 1954/3398/6831 1800/3401/6832
f 1796/3333/6833 1946/3328/6834 1950/3365/6835 1798/3370/6836
f 1794/3304/6837 1942/3299/6838 1946/3328/6839 1796/3333/6840
f 1792/3278/6841 1938/3277/6842 1942/3299/6843 1794/3304/6844
f 1790/3238/6845 1934/3239/6846 1938/3277/6847 1792/3278/6848
f 1788/3204/6849 1930/3209/6850 1934/3239/6851 1790/3238/6852
f 1786/3163/6853 1926/3168/6854 1930/3209/6855 1788/3204/6856
f 1784/3125/6857 1922/3133/6858 1926/3168/6859 1786/3163/6860
f 1782/3092/6861 1918/3099/6862 1922/3133/6863 1784/3125/6864
f 1780/3057/6865 1914/3067/6866 1918/3099/6867 1782/3092/6868
f 1778/3014/6869 1910/3028/6870 1914/3067/6871 1780/3057/6872
f 1776/2982/6873 1906/2993/6874 1910/3028/6875 1778/3014/6876
f 1774/2944/6877 1902/2964/6878 1906/2993/6879 1776/2982/6880
f 1772/2920/6881 1898/2931/6882 1902/2964/6883 1774/2944/6884
f 1770/2894/6885 1894/2907/6886 1898/2931/6887 1772/2920/6888
f 1768/2881/6889 1890/2885/6890 1894/2907/6891 1770/2894/6892
f 1766/2874/6893 1886/2878/6894 1890/2885/6895 1768/2881/6896
f 1764/2868/6897 1882/2873/6898 1886/2878/6899 1766/2874/6900
f 1762/2848/6901 1878/2867/6902 1882/2873/6903 1764/2868/6904
f 1760/2826/6905 1874/2845/6906 1878/2867/6907 1762/2848/6908
f 1758/3633/6909 1870/3629/6910 1874/3634/6911 1760/3641/6912
f 1756/3628/6913 1866/3625/6914 1870/3629/6915 1758/3633/6916
f 1754/3624/6917 1862/3617/6918 1866/3625/6919 1756/3628/6920
f 1752/3615/6921 1858/3608/6922 1862/3617/6923 1754/3624/6924
f 3621/3439/6925 1680/3436/6926 1649/3457/6927 3619/3460/6928
f 1748/3587/6929 1846/3575/6930 1854/3595/6931 1750/3604/6932
f 1807/3530/6933 1849/3519/6934 1841/3546/6935 1746/3560/6936
f 1806/1604/6937 1805/1605/6938 1803/1622/6939 1804/1621/6940
f 1804/1621/6941 1803/1622/6942 1801/1646/6943 1802/1644/6944
f 1802/1644/6945 1801/1646/6946 1799/1678/6947 1800/1677/6948
f 1800/1677/6949 1799/1678/6950 1797/1754/6951 1798/1753/6952
f 1798/1753/6953 1797/1754/6954 1795/1775/6955 1796/1774/6956
f 1796/1774/6957 1795/1775/6958 1793/1806/6959 1794/1803/6960
f 1794/1803/6961 1793/1806/6962 1791/1841/6963 1792/1840/6964
f 1792/1840/6965 1791/1841/6966 1789/1872/6967 1790/1874/6968
f 1790/1874/6969 1789/1872/6970 1787/1906/6971 1788/1907/6972
f 1788/1907/6973 1787/1906/6974 1785/1928/6975 1786/1929/6976
f 1786/1929/6977 1785/1928/6978 1783/1942/6979 1784/1943/6980
f 1784/1943/6981 1783/1942/6982 1781/1953/6983 1782/1954/6984
f 1782/1954/6985 1781/1953/6986 1779/1969/6987 1780/1970/6988
f 1780/1970/6989 1779/1969/6990 1777/2052/6991 1778/2054/6992
f 1778/2054/6993 1777/2052/6994 1775/2134/6995 1776/2135/6996
f 1776/2135/6997 1775/2134/6998 1773/2176/6999 1774/2179/7000
f 1774/2179/7001 1773/2176/7002 1771/2211/7003 1772/2214/7004
f 1772/2214/7005 1771/2211/7006 1769/2229/7007 1770/2230/7008
f 1770/2230/7009 1769/2229/7010 1767/2240/7011 1768/2241/7012
f 1768/2241/7013 1767/2240/7014 1765/2255/7015 1766/2256/7016
f 1766/2256/7017 1765/2255/7018 1763/2289/7019 1764/2290/7020
f 1764/2290/7021 1763/2289/7022 1761/2311/7023 1762/2312/7024
f 1762/2312/7025 1761/2311/7026 1759/2321/7027 1760/2320/7028
f 1760/1362/7029 1759/1361/7030 1757/1378/7031 1758/1377/7032
f 1758/1377/7033 1757/1378/7034 1755/1414/7035 1756/1413/7036
f 1756/1413/7037 1755/1414/7038 1753/1474/7039 1754/1472/7040
f 1754/1472/7041 1753/1474/7042 1751/1489/7043 1752/1487/7044
f 1752/1487/7045 1751/1489/7046 1749/1499/7047 1750/1497/7048
f 1750/1497/7049 1749/1499/7050 1747/1544/7051 1748/1542/7052
f 1748/1542/7053 1747/1544/7054 1745/1569/7055 1746/1568/7056
f 1746/1568/7057 1745/1569/7058 1808/1592/7059 1807/1591/7060
f 1648/1593/7061 1808/1592/7062 1745/1569/7063 1617/1572/7064
f 3619/3460/7065 1649/3457/7066 1650/3480/7067 3617/3482/7068
f 1746/3560/7069 1841/3546/7070 1846/3575/7071 1748/3587/7072
f 3618/3509/7073 1651/3504/7074 1652/3528/7075 3620/3534/7076
f 3620/3534/7077 1652/3528/7078 1653/3547/7079 3622/3553/7080
f 3622/3553/7081 1653/3547/7082 1654/3565/7083 3623/3570/7084
f 3623/3570/7085 1654/3565/7086 1655/3579/7087 3624/3586/7088
f 3624/3586/7089 1655/3579/7090 1656/3593/7091 3625/3599/7092
f 3625/3599/7093 1656/3593/7094 1657/3602/7095 3626/3605/7096
f 3626/2886/7097 1657/2891/7098 1658/2906/7099 3627/2901/7100
f 3627/2901/7101 1658/2906/7102 1659/2921/7103 3628/2912/7104
f 3628/2912/7105 1659/2921/7106 1660/2937/7107 3629/2932/7108
f 3629/2932/7109 1660/2937/7110 1661/2957/7111 3630/2950/7112
f 3630/2950/7113 1661/2957/7114 1662/2979/7115 3631/2973/7116
f 3631/2973/7117 1662/2979/7118 1663/3002/7119 3632/2999/7120
f 3632/2999/7121 1663/3002/7122 1664/3026/7123 3633/3021/7124
f 3633/3021/7125 1664/3026/7126 1665/3058/7127 3634/3055/7128
f 3634/3055/7129 1665/3058/7130 1666/3082/7131 3635/3080/7132
f 3635/3080/7133 1666/3082/7134 1667/3106/7135 3636/3103/7136
f 3636/3103/7137 1667/3106/7138 1668/3134/7139 3637/3132/7140
f 3637/3132/7141 1668/3134/7142 1669/3160/7143 3638/3159/7144
f 3638/3159/7145 1669/3160/7146 1670/3187/7147 3639/3186/7148
f 3639/3186/7149 1670/3187/7150 1671/3223/7151 3640/3222/7152
f 3640/3222/7153 1671/3223/7154 1672/3244/7155 3641/3243/7156
f 3641/3243/7157 1672/3244/7158 1673/3272/7159 3642/3273/7160
f 3642/3273/7161 1673/3272/7162 1674/3294/7163 3643/3295/7164
f 3643/3295/7165 1674/3294/7166 1675/3315/7167 3644/3316/7168
f 3644/3316/7169 1675/3315/7170 1676/3341/7171 3645/3343/7172
f 3645/3343/7173 1676/3341/7174 1677/3367/7175 3646/3368/7176
f 3646/3368/7177 1677/3367/7178 1678/3391/7179 3647/3395/7180
f 3647/3395/7181 1678/3391/7182 1679/3415/7183 3648/3417/7184
f 3648/3417/7185 1679/3415/7186 1680/3436/7187 3621/3439/7188
f 1750/3604/7189 1854/3595/7190 1858/3608/7191 1752/3615/7192
f 1842/3505/7193 1845/3531/7194 1847/3550/7195 1844/3522/7196
f 1844/3522/7197 1847/3550/7198 1848/3559/7199 1843/3536/7200
f 1843/3536/7201 1848/3559/7202 1846/3575/7203 1841/3546/7204
f 1850/3478/7205 1842/3505/7206 1844/3522/7207 1852/3496/7208
f 1852/3496/7209 1844/3522/7210 1843/3536/7211 1851/3503/7212
f 1851/3503/7213 1843/3536/7214 1841/3546/7215 1849/3519/7216
f 1845/3531/7217 1853/3556/7218 1855/3574/7219 1847/3550/7220
f 1847/3550/7221 1855/3574/7222 1856/3580/7223 1848/3559/7224
f 1848/3559/7225 1856/3580/7226 1854/3595/7227 1846/3575/7228
f 1853/3556/7229 1857/3576/7230 1859/3591/7231 1855/3574/7232
f 1855/3574/7233 1859/3591/7234 1860/3600/7235 1856/3580/7236
f 1856/3580/7237 1860/3600/7238 1858/3608/7239 1854/3595/7240
f 1857/3576/7241 1861/3590/7242 1863/3606/7243 1859/3591/7244
f 1859/3591/7245 1863/3606/7246 1864/3611/7247 1860/3600/7248
f 1860/3600/7249 1864/3611/7250 1862/3617/7251 1858/3608/7252
f 1861/3590/7253 1865/3603/7254 1867/3614/7255 1863/3606/7256
f 1863/3606/7257 1867/3614/7258 1868/3620/7259 1864/3611/7260
f 1864/3611/7261 1868/3620/7262 1866/3625/7263 1862/3617/7264
f 1865/3603/7265 1869/3612/7266 1871/3623/7267 1867/3614/7268
f 1867/3614/7269 1871/3623/7270 1872/3626/7271 1868/3620/7272
f 1868/3620/7273 1872/3626/7274 1870/3629/7275 1866/3625/7276
f 1869/3612/7277 1873/3618/7278 1875/3627/7279 1871/3623/7280
f 1871/3623/7281 1875/3627/7282 1876/3630/7283 1872/3626/7284
f 1872/3626/7285 1876/3630/7286 1874/3634/7287 1870/3629/7288
f 1873/2877/7289 1877/2883/7290 1879/2875/7291 1875/2869/7292
f 1875/2869/7293 1879/2875/7294 1880/2871/7295 1876/2866/7296
f 1876/2866/7297 1880/2871/7298 1878/2867/7299 1874/2845/7300
f 1877/2883/7301 1881/2889/7302 1883/2880/7303 1879/2875/7304
f 1879/2875/7305 1883/2880/7306 1884/2876/7307 1880/2871/7308
f 1880/2871/7309 1884/2876/7310 1882/2873/7311 1878/2867/7312
f 1881/2889/7313 1885/2910/7314 1887/2887/7315 1883/2880/7316
f 1883/2880/7317 1887/2887/7318 1888/2884/7319 1884/2876/7320
f 1884/2876/7321 1888/2884/7322 1886/2878/7323 1882/2873/7324
f 1885/2910/7325 1889/2926/7326 1891/2909/7327 1887/2887/7328
f 1887/2887/7329 1891/2909/7330 1892/2899/7331 1888/2884/7332
f 1888/2884/7333 1892/2899/7334 1890/2885/7335 1886/2878/7336
f 1889/2926/7337 1893/2948/7338 1895/2929/7339 1891/2909/7340
f 1891/2909/7341 1895/2929/7342 1896/2923/7343 1892/2899/7344
f 1892/2899/7345 1896/2923/7346 1894/2907/7347 1890/2885/7348
f 1893/2948/7349 1897/2976/7350 1899/2958/7351 1895/2929/7352
f 1895/2929/7353 1899/2958/7354 1900/2943/7355 1896/2923/7356
f 1896/2923/7357 1900/2943/7358 1898/2931/7359 1894/2907/7360
f 1897/2976/7361 1901/3004/7362 1903/2985/7363 1899/2958/7364
f 1899/2958/7365 1903/2985/7366 1904/2974/7367 1900/2943/7368
f 1900/2943/7369 1904/2974/7370 1902/2964/7371 1898/2931/7372
f 1901/3004/7373 1905/3032/7374 1907/3013/7375 1903/2985/7376
f 1903/2985/7377 1907/3013/7378 1908/3005/7379 1904/2974/7380
f 1904/2974/7381 1908/3005/7382 1906/2993/7383 1902/2964/7384
f 1905/3032/7385 1909/3065/7386 1911/3052/7387 1907/3013/7388
f 1907/3013/7389 1911/3052/7390 1912/3041/7391 1908/3005/7392
f 1908/3005/7393 1912/3041/7394 1910/3028/7395 1906/2993/7396
f 1909/3065/7397 1913/3093/7398 1915/3081/7399 1911/3052/7400
f 1911/3052/7401 1915/3081/7402 1916/3075/7403 1912/3041/7404
f 1912/3041/7405 1916/3075/7406 1914/3067/7407 1910/3028/7408
f 1913/3093/7409 1917/3122/7410 1919/3112/7411 1915/3081/7412
f 1915/3081/7413 1919/3112/7414 1920/3104/7415 1916/3075/7416
f 1916/3075/7417 1920/3104/7418 1918/3099/7419 1914/3067/7420
f 1917/3122/7421 1921/3150/7422 1923/3144/7423 1919/3112/7424
f 1919/3112/7425 1923/3144/7426 1924/3139/7427 1920/3104/7428
f 1920/3104/7429 1924/3139/7430 1922/3133/7431 1918/3099/7432
f 1921/3150/7433 1925/3182/7434 1927/3177/7435 1923/3144/7436
f 1923/3144/7437 1927/3177/7438 1928/3173/7439 1924/3139/7440
f 1924/3139/7441 1928/3173/7442 1926/3168/7443 1922/3133/7444
f 1925/3182/7445 1929/3218/7446 1931/3213/7447 1927/3177/7448
f 1927/3177/7449 1931/3213/7450 1932/3211/7451 1928/3173/7452
f 1928/3173/7453 1932/3211/7454 1930/3209/7455 1926/3168/7456
f 1929/3218/7457 1933/3242/7458 1935/3241/7459 1931/3213/7460
f 1931/3213/7461 1935/3241/7462 1936/3240/7463 1932/3211/7464
f 1932/3211/7465 1936/3240/7466 1934/3239/7467 1930/3209/7468
f 1933/3242/7469 1937/3274/7470 1939/3275/7471 1935/3241/7472
f 1935/3241/7473 1939/3275/7474 1940/3276/7475 1936/3240/7476
f 1936/3240/7477 1940/3276/7478 1938/3277/7479 1934/3239/7480
f 1937/3274/7481 1941/3296/7482 1943/3297/7483 1939/3275/7484
f 1939/3275/7485 1943/3297/7486 1944/3298/7487 1940/3276/7488
f 1940/3276/7489 1944/3298/7490 1942/3299/7491 1938/3277/7492
f 1941/3296/7493 1945/3321/7494 1947/3323/7495 1943/3297/7496
f 1943/3297/7497 1947/3323/7498 1948/3325/7499 1944/3298/7500
f 1944/3298/7501 1948/3325/7502 1946/3328/7503 1942/3299/7504
f 1945/3321/7505 1949/3345/7506 1951/3353/7507 1947/3323/7508
f 1947/3323/7509 1951/3353/7510 1952/3359/7511 1948/3325/7512
f 1948/3325/7513 1952/3359/7514 1950/3365/7515 1946/3328/7516
f 1949/3345/7517 1953/3380/7518 1955/3386/7519 1951/3353/7520
f 1951/3353/7521 1955/3386/7522 1956/3390/7523 1952/3359/7524
f 1952/3359/7525 1956/3390/7526 1954/3398/7527 1950/3365/7528
f 1953/3380/7529 1957/3402/7530 1959/3413/7531 1955/3386/7532
f 1955/3386/7533 1959/3413/7534 1960/3418/7535 1956/3390/7536
f 1956/3390/7537 1960/3418/7538 1958/3424/7539 1954/3398/7540
f 1957/3402/7541 1961/3426/7542 1963/3440/7543 1959/3413/7544
f 1959/3413/7545 1963/3440/7546 1964/3444/7547 1960/3418/7548
f 1960/3418/7549 1964/3444/7550 1962/3453/7551 1958/3424/7552
f 1961/3426/7553 1965/3452/7554 1967/3463/7555 1963/3440/7556
f 1963/3440/7557 1967/3463/7558 1968/3475/7559 1964/3444/7560
f 1964/3444/7561 1968/3475/7562 1966/3483/7563 1962/3453/7564
f 1965/3452/7565 1850/3478/7566 1852/3496/7567 1967/3463/7568
f 1967/3463/7569 1852/3496/7570 1851/3503/7571 1968/3475/7572
f 1968/3475/7573 1851/3503/7574 1849/3519/7575 1966/3483/7576
f 3617/3482/7577 1650/3480/7578 1651/3504/7579 3618/3509/7580
f 2203/3377/7581 1811/3373/7582 1810/3388/7583 2205/3392/7584
f 2201/3352/7585 1812/3351/7586 1811/3373/7587 2203/3377/7588
f 2199/3336/7589 1813/3334/7590 1812/3351/7591 2201/3352/7592
f 2197/3319/7593 1814/3318/7594 1813/3334/7595 2199/3336/7596
f 2195/3302/7597 1815/3301/7598 1814/3318/7599 2197/3319/7600
f 2193/3283/7601 1816/3281/7602 1815/3301/7603 2195/3302/7604
f 2191/3260/7605 1817/3262/7606 1816/3281/7607 2193/3283/7608
f 2189/3255/7609 1818/3256/7610 1817/3262/7611 2191/3260/7612
f 2187/3234/7613 1819/3235/7614 1818/3256/7615 2189/3255/7616
f 2185/3217/7617 1820/3219/7618 1819/3235/7619 2187/3234/7620
f 2183/3191/7621 1821/3194/7622 1820/3219/7623 2185/3217/7624
f 2181/3171/7625 1822/3175/7626 1821/3194/7627 2183/3191/7628
f 2179/3151/7629 1823/3153/7630 1822/3175/7631 2181/3171/7632
f 2177/3130/7633 1824/3135/7634 1823/3153/7635 2179/3151/7636
f 2175/3113/7637 1825/3116/7638 1824/3135/7639 2177/3130/7640
f 2173/3094/7641 1826/3097/7642 1825/3116/7643 2175/3113/7644
f 2171/3073/7645 1827/3078/7646 1826/3097/7647 2173/3094/7648
f 2169/3056/7649 1828/3059/7650 1827/3078/7651 2171/3073/7652
f 2167/3031/7653 1829/3033/7654 1828/3059/7655 2169/3056/7656
f 2165/3008/7657 1830/3016/7658 1829/3033/7659 2167/3031/7660
f 2163/2991/7661 1831/2997/7662 1830/3016/7663 2165/3008/7664
f 2161/2971/7665 1832/2978/7666 1831/2997/7667 2163/2991/7668
f 2159/2956/7669 1833/2960/7670 1832/2978/7671 2161/2971/7672
f 2157/3532/7673 1834/3527/7674 1833/3542/7675 2159/3548/7676
f 2155/3514/7677 1835/3508/7678 1834/3527/7679 2157/3532/7680
f 2153/3495/7681 1836/3488/7682 1835/3508/7683 2155/3514/7684
f 2151/3476/7685 1837/3473/7686 1836/3488/7687 2153/3495/7688
f 2149/3458/7689 1838/3455/7690 1837/3473/7691 2151/3476/7692
f 2147/3442/7693 1839/3438/7694 1838/3455/7695 2149/3458/7696
f 2145/3423/7697 1840/3421/7698 1839/3438/7699 2147/3442/7700
f 2208/3408/7701 1809/3405/7702 1840/3421/7703 2145/3423/7704
f 399/2306/7705 1320/2207/7706 1319/2202/7707 438/2303/7708
f 438/2303/7709 1319/2202/7710 1318/2194/7711 477/2300/7712
f 477/2300/7713 1318/2194/7714 1317/2183/7715 516/2298/7716
f 516/2298/7717 1317/2183/7718 1316/2173/7719 555/2296/7720
f 555/2296/7721 1316/2173/7722 1315/2164/7723 594/2293/7724
f 594/2293/7725 1315/2164/7726 1314/2153/7727 633/2288/7728
f 633/2288/7729 1314/2153/7730 1313/2143/7731 672/2283/7732
f 672/2283/7733 1313/2143/7734 1969/2137/7735 711/2281/7736
f 711/2281/7737 1969/2137/7738 1970/2126/7739 750/2278/7740
f 750/2278/7741 1970/2126/7742 1971/2121/7743 789/2275/7744
f 789/2275/7745 1971/2121/7746 1972/2114/7747 828/2272/7748
f 828/2272/7749 1972/2114/7750 1973/2107/7751 867/2270/7752
f 867/2270/7753 1973/2107/7754 1974/2101/7755 906/2267/7756
f 906/2267/7757 1974/2101/7758 1975/2098/7759 945/2265/7760
f 945/2265/7761 1975/2098/7762 1976/2094/7763 984/2263/7764
f 984/2263/7765 1976/2094/7766 1977/2084/7767 1023/2260/7768
f 1023/2260/7769 1977/2084/7770 1978/2096/7771 1062/2259/7772
f 1062/2259/7773 1978/2096/7774 1979/2099/7775 1101/2261/7776
f 1101/2261/7777 1979/2099/7778 1980/2103/7779 1140/2264/7780
f 1140/2264/7781 1980/2103/7782 1981/2109/7783 1179/2266/7784
f 1179/2266/7785 1981/2109/7786 1982/2117/7787 1218/2269/7788
f 1218/2269/7789 1982/2117/7790 1983/2122/7791 1257/2271/7792
f 1257/2271/7793 1983/2122/7794 1984/2127/7795 1296/2274/7796
f 1296/2274/7797 1984/2127/7798 1328/2138/7799 81/2277/7800
f 2080/3441/7801 2048/3432/7802 1985/3451/7803 2049/3459/7804
f 2049/3459/7805 1985/3451/7806 1987/3472/7807 2050/3481/7808
f 2050/3481/7809 1987/3472/7810 1989/3492/7811 2051/3502/7812
f 2051/3502/7813 1989/3492/7814 1991/3515/7815 2052/3524/7816
f 2052/3524/7817 1991/3515/7818 1993/3537/7819 2053/3545/7820
f 2053/3545/7821 1993/3537/7822 1995/3554/7823 2054/3563/7824
f 2054/3563/7825 1995/3554/7826 1997/3569/7827 2055/3578/7828
f 2055/3578/7829 1997/3569/7830 1999/3584/7831 2056/3594/7832
f 2056/2905/7833 1999/2915/7834 2001/2933/7835 2057/2924/7836
f 2057/2924/7837 2001/2933/7838 2003/2949/7839 2058/2938/7840
f 2058/2938/7841 2003/2949/7842 2005/2969/7843 2059/2959/7844
f 2059/2959/7845 2005/2969/7846 2007/2992/7847 2060/2983/7848
f 2060/2983/7849 2007/2992/7850 2009/3011/7851 2061/3003/7852
f 2061/3003/7853 2009/3011/7854 2011/3036/7855 2062/3024/7856
f 2062/3024/7857 2011/3036/7858 2013/3062/7859 2063/3053/7860
f 2063/3053/7861 2013/3062/7862 2015/3086/7863 2064/3077/7864
f 2064/3077/7865 2015/3086/7866 2017/3105/7867 2065/3100/7868
f 2065/3100/7869 2017/3105/7870 2019/3128/7871 2066/3123/7872
f 2066/3123/7873 2019/3128/7874 2021/3152/7875 2067/3146/7876
f 2067/3146/7877 2021/3152/7878 2023/3178/7879 2068/3172/7880
f 2068/3172/7881 2023/3178/7882 2025/3202/7883 2069/3200/7884
f 2069/3200/7885 2025/3202/7886 2027/3229/7887 2070/3228/7888
f 2070/3228/7889 2027/3229/7890 2029/3251/7891 2071/3249/7892
f 2071/3249/7893 2029/3251/7894 2031/3265/7895 2072/3267/7896
f 2072/3267/7897 2031/3265/7898 2033/3288/7899 2073/3289/7900
f 2073/3289/7901 2033/3288/7902 2035/3309/7903 2074/3310/7904
f 2074/3310/7905 2035/3309/7906 2037/3327/7907 2075/3330/7908
f 2075/3330/7909 2037/3327/7910 2039/3349/7911 2076/3354/7912
f 2076/3354/7913 2039/3349/7914 2041/3375/7915 2077/3381/7916
f 2077/3381/7917 2041/3375/7918 2043/3396/7919 2078/3400/7920
f 2078/3400/7921 2043/3396/7922 2045/3414/7923 2079/3419/7924
f 2079/3419/7925 2045/3414/7926 2048/3432/7927 2080/3441/7928
f 1709/3347/7929 1710/3374/7930 2041/3375/7931 2039/3349/7932
f 376/3585/7933 337/3571/7934 1996/3567/7935 1998/3581/7936
f 1683/3469/7937 1684/3490/7938 1989/3492/7939 1987/3472/7940
f 454/2913/7941 415/2903/7942 2000/2904/7943 2002/2916/7944
f 1710/3374/7945 1711/3394/7946 2043/3396/7947 2041/3375/7948
f 1684/3490/7949 1685/3513/7950 1991/3515/7951 1989/3492/7952
f 532/2946/7953 493/2930/7954 2004/2935/7955 2006/2954/7956
f 1711/3394/7957 1712/3412/7958 2045/3414/7959 2043/3396/7960
f 610/2990/7961 571/2968/7962 2008/2972/7963 2010/2995/7964
f 1685/3513/7965 1686/3535/7966 1993/3537/7967 1991/3515/7968
f 688/3044/7969 649/3012/7970 2012/3019/7971 2014/3050/7972
f 1712/3412/7973 1681/3431/7974 2048/3432/7975 2045/3414/7976
f 1686/3535/7977 1687/3552/7978 1995/3554/7979 1993/3537/7980
f 766/3091/7981 727/3070/7982 2016/3072/7983 2018/3096/7984
f 844/3141/7985 805/3119/7986 2020/3120/7987 2022/3143/7988
f 1687/3552/7989 1688/3568/7990 1997/3569/7991 1995/3554/7992
f 922/3196/7993 883/3166/7994 2024/3169/7995 2026/3198/7996
f 1000/3247/7997 961/3226/7998 2028/3227/7999 2030/3248/8000
f 1688/3568/8001 1689/3582/8002 1999/3584/8003 1997/3569/8004
f 1689/2919/8005 1690/2934/8006 2001/2933/8007 1999/2915/8008
f 1690/2934/8009 1691/2953/8010 2003/2949/8011 2001/2933/8012
f 1691/2953/8013 1692/2970/8014 2005/2969/8015 2003/2949/8016
f 1692/2970/8017 1693/2994/8018 2007/2992/8019 2005/2969/8020
f 1693/2994/8021 1694/3015/8022 2009/3011/8023 2007/2992/8024
f 1694/3015/8025 1695/3042/8026 2011/3036/8027 2009/3011/8028
f 1117/3312/8029 1078/3291/8030 2034/3290/8031 2036/3311/8032
f 181/3491/8033 142/3468/8034 1986/3464/8035 1988/3485/8036
f 1195/3362/8037 1156/3335/8038 2038/3331/8039 2040/3357/8040
f 1695/3042/8041 1696/3066/8042 2013/3062/8043 2011/3036/8044
f 259/3538/8045 220/3517/8046 1990/3512/8047 1992/3533/8048
f 1273/3406/8049 1234/3384/8050 2042/3383/8051 2044/3403/8052
f 337/3571/8053 298/3557/8054 1994/3551/8055 1996/3567/8056
f 2046/3422/8057 2079/3419/8058 2080/3441/8059 2047/3443/8060
f 2044/3403/8061 2078/3400/8062 2079/3419/8063 2046/3422/8064
f 2042/3383/8065 2077/3381/8066 2078/3400/8067 2044/3403/8068
f 2040/3357/8069 2076/3354/8070 2077/3381/8071 2042/3383/8072
f 2038/3331/8073 2075/3330/8074 2076/3354/8075 2040/3357/8076
f 2036/3311/8077 2074/3310/8078 2075/3330/8079 2038/3331/8080
f 2034/3290/8081 2073/3289/8082 2074/3310/8083 2036/3311/8084
f 2032/3268/8085 2072/3267/8086 2073/3289/8087 2034/3290/8088
f 2030/3248/8089 2071/3249/8090 2072/3267/8091 2032/3268/8092
f 2028/3227/8093 2070/3228/8094 2071/3249/8095 2030/3248/8096
f 2026/3198/8097 2069/3200/8098 2070/3228/8099 2028/3227/8100
f 2024/3169/8101 2068/3172/8102 2069/3200/8103 2026/3198/8104
f 2022/3143/8105 2067/3146/8106 2068/3172/8107 2024/3169/8108
f 2020/3120/8109 2066/3123/8110 2067/3146/8111 2022/3143/8112
f 2018/3096/8113 2065/3100/8114 2066/3123/8115 2020/3120/8116
f 2016/3072/8117 2064/3077/8118 2065/3100/8119 2018/3096/8120
f 2014/3050/8121 2063/3053/8122 2064/3077/8123 2016/3072/8124
f 2012/3019/8125 2062/3024/8126 2063/3053/8127 2014/3050/8128
f 2010/2995/8129 2061/3003/8130 2062/3024/8131 2012/3019/8132
f 2008/2972/8133 2060/2983/8134 2061/3003/8135 2010/2995/8136
f 2006/2954/8137 2059/2959/8138 2060/2983/8139 2008/2972/8140
f 2004/2935/8141 2058/2938/8142 2059/2959/8143 2006/2954/8144
f 2002/2916/8145 2057/2924/8146 2058/2938/8147 2004/2935/8148
f 2000/2904/8149 2056/2905/8150 2057/2924/8151 2002/2916/8152
f 1998/3581/8153 2055/3578/8154 2056/3594/8155 2000/3596/8156
f 1996/3567/8157 2054/3563/8158 2055/3578/8159 1998/3581/8160
f 1994/3551/8161 2053/3545/8162 2054/3563/8163 1996/3567/8164
f 1992/3533/8165 2052/3524/8166 2053/3545/8167 1994/3551/8168
f 1990/3512/8169 2051/3502/8170 2052/3524/8171 1992/3533/8172
f 1988/3485/8173 2050/3481/8174 2051/3502/8175 1990/3512/8176
f 1986/3464/8177 2049/3459/8178 2050/3481/8179 1988/3485/8180
f 2047/3443/8181 2080/3441/8182 2049/3459/8183 1986/3464/8184
f 1681/3431/8185 2081/3429/8186 2082/3447/8187 1682/3450/8188
f 1682/3450/8189 2082/3447/8190 2083/3466/8191 1683/3469/8192
f 1683/3469/8193 2083/3466/8194 2084/3486/8195 1684/3490/8196
f 1684/3490/8197 2084/3486/8198 2085/3511/8199 1685/3513/8200
f 1685/3513/8201 2085/3511/8202 2086/3529/8203 1686/3535/8204
f 1686/3535/8205 2086/3529/8206 2087/3549/8207 1687/3552/8208
f 1687/3552/8209 2087/3549/8210 2088/3566/8211 1688/3568/8212
f 1688/3568/8213 2088/3566/8214 2089/3583/8215 1689/3582/8216
f 1689/2919/8217 2089/2918/8218 2090/2936/8219 1690/2934/8220
f 1690/2934/8221 2090/2936/8222 2091/2955/8223 1691/2953/8224
f 1691/2953/8225 2091/2955/8226 2092/2975/8227 1692/2970/8228
f 1692/2970/8229 2092/2975/8230 2093/2996/8231 1693/2994/8232
f 1693/2994/8233 2093/2996/8234 2094/3018/8235 1694/3015/8236
f 1694/3015/8237 2094/3018/8238 2095/3049/8239 1695/3042/8240
f 1695/3042/8241 2095/3049/8242 2096/3069/8243 1696/3066/8244
f 1696/3066/8245 2096/3069/8246 2097/3088/8247 1697/3087/8248
f 1697/3087/8249 2097/3088/8250 2098/3109/8251 1698/3107/8252
f 1698/3107/8253 2098/3109/8254 2099/3131/8255 1699/3129/8256
f 1699/3129/8257 2099/3131/8258 2100/3156/8259 1700/3154/8260
f 1700/3154/8261 2100/3156/8262 2101/3181/8263 1701/3179/8264
f 1701/3179/8265 2101/3181/8266 2102/3205/8267 1702/3203/8268
f 1702/3203/8269 2102/3205/8270 2103/3231/8271 1703/3230/8272
f 1703/3230/8273 2103/3231/8274 2104/3252/8275 1704/3250/8276
f 1704/3250/8277 2104/3252/8278 2105/3266/8279 1705/3264/8280
f 1705/3264/8281 2105/3266/8282 2106/3286/8283 1706/3287/8284
f 1706/3287/8285 2106/3286/8286 2107/3307/8287 1707/3308/8288
f 1707/3308/8289 2107/3307/8290 2108/3324/8291 1708/3326/8292
f 1708/3326/8293 2108/3324/8294 2109/3346/8295 1709/3347/8296
f 1709/3347/8297 2109/3346/8298 2110/3371/8299 1710/3374/8300
f 1710/3374/8301 2110/3371/8302 2111/3393/8303 1711/3394/8304
f 1711/3394/8305 2111/3393/8306 2112/3409/8307 1712/3412/8308
f 1712/3412/8309 2112/3409/8310 2081/3429/8311 1681/3431/8312
f 1810/3388/8313 2124/3387/8314 2113/3404/8315 1809/3405/8316
f 1811/3373/8317 2135/3372/8318 2124/3387/8319 1810/3388/8320
f 1812/3351/8321 2114/3350/8322 2135/3372/8323 1811/3373/8324
f 1813/3334/8325 2125/3332/8326 2114/3350/8327 1812/3351/8328
f 1814/3318/8329 2136/3317/8330 2125/3332/8331 1813/3334/8332
f 1815/3301/8333 2115/3300/8334 2136/3317/8335 1814/3318/8336
f 1816/3281/8337 2126/3282/8338 2115/3300/8339 1815/3301/8340
f 1817/3262/8341 2137/3263/8342 2126/3282/8343 1816/3281/8344
f 1818/3256/8345 2116/3257/8346 2137/3263/8347 1817/3262/8348
f 1819/3235/8349 2127/3236/8350 2116/3257/8351 1818/3256/8352
f 1820/3219/8353 2138/3220/8354 2127/3236/8355 1819/3235/8356
f 1821/3194/8357 2117/3195/8358 2138/3220/8359 1820/3219/8360
f 1822/3175/8361 2128/3176/8362 2117/3195/8363 1821/3194/8364
f 1823/3153/8365 2139/3155/8366 2128/3176/8367 1822/3175/8368
f 1824/3135/8369 2118/3136/8370 2139/3155/8371 1823/3153/8372
f 1825/3116/8373 2129/3118/8374 2118/3136/8375 1824/3135/8376
f 1826/3097/8377 2140/3098/8378 2129/3118/8379 1825/3116/8380
f 1827/3078/8381 2119/3079/8382 2140/3098/8383 1826/3097/8384
f 1828/3059/8385 2130/3060/8386 2119/3079/8387 1827/3078/8388
f 1829/3033/8389 2141/3035/8390 2130/3060/8391 1828/3059/8392
f 1830/3016/8393 2120/3017/8394 2141/3035/8395 1829/3033/8396
f 1831/2997/8397 2131/2998/8398 2120/3017/8399 1830/3016/8400
f 1832/2978/8401 2142/2980/8402 2131/2998/8403 1831/2997/8404
f 1833/2960/8405 2121/2961/8406 2142/2980/8407 1832/2978/8408
f 1834/3527/8409 2132/3526/8410 2121/3541/8411 1833/3542/8412
f 1835/3508/8413 2143/3507/8414 2132/3526/8415 1834/3527/8416
f 1836/3488/8417 2122/3487/8418 2143/3507/8419 1835/3508/8420
f 1837/3473/8421 2133/3471/8422 2122/3487/8423 1836/3488/8424
f 1838/3455/8425 2144/3454/8426 2133/3471/8427 1837/3473/8428
f 1839/3438/8429 2123/3437/8430 2144/3454/8431 1838/3455/8432
f 1840/3421/8433 2134/3420/8434 2123/3437/8435 1839/3438/8436
f 1809/3405/8437 2113/3404/8438 2134/3420/8439 1840/3421/8440
f 66/3416/8441 2207/3411/8442 2146/3428/8443 141/3434/8444
f 2207/3411/8445 2208/3408/8446 2145/3423/8447 2146/3428/8448
f 141/3434/8449 2146/3428/8450 2148/3445/8451 180/3449/8452
f 2146/3428/8453 2145/3423/8454 2147/3442/8455 2148/3445/8456
f 180/3449/8457 2148/3445/8458 2150/3461/8459 219/3467/8460
f 2148/3445/8461 2147/3442/8462 2149/3458/8463 2150/3461/8464
f 219/3467/8465 2150/3461/8466 2152/3479/8467 258/3484/8468
f 2150/3461/8469 2149/3458/8470 2151/3476/8471 2152/3479/8472
f 258/3484/8473 2152/3479/8474 2154/3498/8475 297/3506/8476
f 2152/3479/8477 2151/3476/8478 2153/3495/8479 2154/3498/8480
f 297/3506/8481 2154/3498/8482 2156/3520/8483 336/3525/8484
f 2154/3498/8485 2153/3495/8486 2155/3514/8487 2156/3520/8488
f 336/3525/8489 2156/3520/8490 2158/3540/8491 375/3543/8492
f 2156/3520/8493 2155/3514/8494 2157/3532/8495 2158/3540/8496
f 375/3543/8497 2158/3540/8498 2160/3555/8499 414/3561/8500
f 2158/3540/8501 2157/3532/8502 2159/3548/8503 2160/3555/8504
f 414/2942/8505 2160/2947/8506 2162/2966/8507 453/2962/8508
f 2160/2947/8509 2159/2956/8510 2161/2971/8511 2162/2966/8512
f 453/2962/8513 2162/2966/8514 2164/2986/8515 492/2981/8516
f 2162/2966/8517 2161/2971/8518 2163/2991/8519 2164/2986/8520
f 492/2981/8521 2164/2986/8522 2166/3007/8523 531/3000/8524
f 2164/2986/8525 2163/2991/8526 2165/3008/8527 2166/3007/8528
f 531/3000/8529 2166/3007/8530 2168/3023/8531 570/3020/8532
f 2166/3007/8533 2165/3008/8534 2167/3031/8535 2168/3023/8536
f 570/3020/8537 2168/3023/8538 2170/3051/8539 609/3047/8540
f 2168/3023/8541 2167/3031/8542 2169/3056/8543 2170/3051/8544
f 609/3047/8545 2170/3051/8546 2172/3071/8547 648/3064/8548
f 2170/3051/8549 2169/3056/8550 2171/3073/8551 2172/3071/8552
f 648/3064/8553 2172/3071/8554 2174/3089/8555 687/3084/8556
f 2172/3071/8557 2171/3073/8558 2173/3094/8559 2174/3089/8560
f 687/3084/8561 2174/3089/8562 2176/3108/8563 726/3102/8564
f 2174/3089/8565 2173/3094/8566 2175/3113/8567 2176/3108/8568
f 726/3102/8569 2176/3108/8570 2178/3127/8571 765/3124/8572
f 2176/3108/8573 2175/3113/8574 2177/3130/8575 2178/3127/8576
f 765/3124/8577 2178/3127/8578 2180/3147/8579 804/3145/8580
f 2178/3127/8581 2177/3130/8582 2179/3151/8583 2180/3147/8584
f 804/3145/8585 2180/3147/8586 2182/3170/8587 843/3164/8588
f 2180/3147/8589 2179/3151/8590 2181/3171/8591 2182/3170/8592
f 843/3164/8593 2182/3170/8594 2184/3188/8595 882/3185/8596
f 2182/3170/8597 2181/3171/8598 2183/3191/8599 2184/3188/8600
f 882/3185/8601 2184/3188/8602 2186/3215/8603 921/3212/8604
f 2184/3188/8605 2183/3191/8606 2185/3217/8607 2186/3215/8608
f 921/3212/8609 2186/3215/8610 2188/3233/8611 960/3232/8612
f 2186/3215/8613 2185/3217/8614 2187/3234/8615 2188/3233/8616
f 960/3232/8617 2188/3233/8618 2190/3254/8619 999/3253/8620
f 2188/3233/8621 2187/3234/8622 2189/3255/8623 2190/3254/8624
f 999/3253/8625 2190/3254/8626 2192/3259/8627 1038/3261/8628
f 2190/3254/8629 2189/3255/8630 2191/3260/8631 2192/3259/8632
f 1038/3261/8633 2192/3259/8634 2194/3284/8635 1077/3285/8636
f 2192/3259/8637 2191/3260/8638 2193/3283/8639 2194/3284/8640
f 1077/3285/8641 2194/3284/8642 2196/3303/8643 1116/3305/8644
f 2194/3284/8645 2193/3283/8646 2195/3302/8647 2196/3303/8648
f 1116/3305/8649 2196/3303/8650 2198/3320/8651 1155/3322/8652
f 2196/3303/8653 2195/3302/8654 2197/3319/8655 2198/3320/8656
f 1155/3322/8657 2198/3320/8658 2200/3338/8659 1194/3342/8660
f 2198/3320/8661 2197/3319/8662 2199/3336/8663 2200/3338/8664
f 1194/3342/8665 2200/3338/8666 2202/3356/8667 1233/3360/8668
f 2200/3338/8669 2199/3336/8670 2201/3352/8671 2202/3356/8672
f 1233/3360/8673 2202/3356/8674 2204/3379/8675 1272/3382/8676
f 2202/3356/8677 2201/3352/8678 2203/3377/8679 2204/3379/8680
f 1272/3382/8681 2204/3379/8682 2206/3397/8683 1311/3399/8684
f 2204/3379/8685 2203/3377/8686 2205/3392/8687 2206/3397/8688
f 1311/3399/8689 2206/3397/8690 2207/3411/8691 66/3416/8692
f 2206/3397/8693 2205/3392/8694 2208/3408/8695 2207/3411/8696
f 77/2671/8697 2209/2784/8698 2210/2779/8699 130/2667/8700
f 130/2667/8701 2210/2779/8702 2211/2771/8703 169/2664/8704
f 169/2664/8705 2211/2771/8706 2212/2764/8707 208/2660/8708
f 208/2660/8709 2212/2764/8710 2213/2761/8711 247/2657/8712
f 247/2657/8713 2213/2761/8714 2214/2759/8715 286/2654/8716
f 286/2654/8717 2214/2759/8718 2215/2755/8719 325/2651/8720
f 325/2651/8721 2215/2755/8722 2216/2752/8723 364/2649/8724
f 364/2649/8725 2216/2752/8726 2217/2749/8727 403/2647/8728
f 403/2648/8729 2217/2750/8730 2218/2753/8731 442/2650/8732
f 442/2650/8733 2218/2753/8734 2219/2756/8735 481/2652/8736
f 481/2652/8737 2219/2756/8738 2220/2760/8739 520/2655/8740
f 520/2655/8741 2220/2760/8742 2221/2762/8743 559/2658/8744
f 559/2658/8745 2221/2762/8746 2222/2765/8747 598/2661/8748
f 598/2661/8749 2222/2765/8750 2223/2772/8751 637/2665/8752
f 637/2665/8753 2223/2772/8754 2224/2780/8755 676/2668/8756
f 676/2668/8757 2224/2780/8758 2225/2785/8759 715/2672/8760
f 715/2672/8761 2225/2785/8762 2226/2787/8763 754/2676/8764
f 754/2676/8765 2226/2787/8766 2227/2789/8767 793/2679/8768
f 793/2679/8769 2227/2789/8770 2228/2782/8771 832/2684/8772
f 832/2684/8773 2228/2782/8774 2229/2778/8775 871/2688/8776
f 871/2688/8777 2229/2778/8778 2230/2774/8779 910/2694/8780
f 910/2694/8781 2230/2774/8782 2231/2770/8783 949/2696/8784
f 949/2696/8785 2231/2770/8786 2232/2768/8787 988/2698/8788
f 988/2698/8789 2232/2768/8790 2233/2766/8791 1027/2699/8792
f 1027/2699/8793 2233/2766/8794 2234/2767/8795 1066/2697/8796
f 1066/2697/8797 2234/2767/8798 2235/2769/8799 1105/2695/8800
f 1105/2695/8801 2235/2769/8802 2236/2773/8803 1144/2693/8804
f 1144/2693/8805 2236/2773/8806 2237/2777/8807 1183/2687/8808
f 1183/2687/8809 2237/2777/8810 2238/2781/8811 1222/2683/8812
f 1222/2683/8813 2238/2781/8814 2239/2788/8815 1261/2678/8816
f 1261/2678/8817 2239/2788/8818 2240/2786/8819 1300/2675/8820
f 1300/2675/8821 2240/2786/8822 2209/2784/8823 77/2671/8824
f 2368/292/8825 2245/297/8826 2242/285/8827 2241/282/8828
f 2337/1096/8829 2246/1101/8830 2244/1126/8831 2243/1120/8832
f 2367/329/8833 2247/335/8834 2245/297/8835 2368/292/8836
f 2336/1090/8837 2248/1095/8838 2246/1101/8839 2337/1096/8840
f 2366/350/8841 2249/355/8842 2247/335/8843 2367/329/8844
f 2335/1084/8845 2250/1089/8846 2248/1095/8847 2336/1090/8848
f 2365/360/8849 2251/365/8850 2249/355/8851 2366/350/8852
f 2334/1078/8853 2252/1083/8854 2250/1089/8855 2335/1084/8856
f 2364/369/8857 2253/374/8858 2251/365/8859 2365/360/8860
f 2333/1072/8861 2254/1077/8862 2252/1083/8863 2334/1078/8864
f 2363/379/8865 2255/384/8866 2253/374/8867 2364/369/8868
f 2332/1066/8869 2256/1071/8870 2254/1077/8871 2333/1072/8872
f 2362/388/8873 2257/393/8874 2255/384/8875 2363/379/8876
f 2331/1060/8877 2258/1065/8878 2256/1071/8879 2332/1066/8880
f 2361/397/8881 2259/396/8882 2257/393/8883 2362/388/8884
f 2330/1038/8885 2260/1044/8886 2258/1065/8887 2331/1060/8888
f 2360/405/8889 2261/400/8890 2259/396/8891 2361/397/8892
f 2307/1015/8893 2262/1020/8894 2260/1044/8895 2330/1038/8896
f 2359/477/8897 2263/472/8898 2261/400/8899 2360/405/8900
f 2308/1009/8901 2264/1014/8902 2262/1020/8903 2307/1015/8904
f 2358/516/8905 2265/511/8906 2263/472/8907 2359/477/8908
f 2309/1004/8909 2266/1007/8910 2264/1014/8911 2308/1009/8912
f 2357/522/8913 2267/517/8914 2265/511/8915 2358/516/8916
f 2310/965/8917 2268/967/8918 2266/1007/8919 2309/1004/8920
f 2356/528/8921 2269/523/8922 2267/517/8923 2357/522/8924
f 2311/927/8925 2270/926/8926 2268/967/8927 2310/965/8928
f 2355/534/8929 2271/529/8930 2269/523/8931 2356/528/8932
f 2312/916/8933 2272/915/8934 2270/926/8935 2311/927/8936
f 2354/540/8937 2273/535/8938 2271/529/8939 2355/534/8940
f 2313/907/8941 2274/904/8942 2272/915/8943 2312/916/8944
f 2353/544/8945 2275/541/8946 2273/535/8947 2354/540/8948
f 2314/863/8949 2276/858/8950 2274/904/8951 2313/907/8952
f 2352/579/8953 2277/572/8954 2275/541/8955 2353/544/8956
f 2315/853/8957 2278/848/8958 2276/858/8959 2314/863/8960
f 2351/586/8961 2279/589/8962 2277/572/8963 2352/579/8964
f 2316/842/8965 2280/837/8966 2278/848/8967 2315/853/8968
f 2350/592/8969 2281/595/8970 2279/589/8971 2351/586/8972
f 2317/832/8973 2282/826/8974 2280/837/8975 2316/842/8976
f 2349/598/8977 2283/601/8978 2281/595/8979 2350/592/8980
f 2318/822/8981 2284/817/8982 2282/826/8983 2317/832/8984
f 2348/606/8985 2285/609/8986 2283/601/8987 2349/598/8988
f 2319/816/8989 2286/811/8990 2284/817/8991 2318/822/8992
f 2347/612/8993 2287/615/8994 2285/609/8995 2348/606/8996
f 2320/810/8997 2288/805/8998 2286/811/8999 2319/816/9000
f 2346/618/9001 2289/621/9002 2287/615/9003 2347/612/9004
f 2321/791/9005 2290/787/9006 2288/805/9007 2320/810/9008
f 2345/624/9009 2291/627/9010 2289/621/9011 2346/618/9012
f 2322/761/9013 2292/760/9014 2290/787/9015 2321/791/9016
f 2344/187/9017 2293/180/9018 2291/5/9019 2345/62/9020
f 2323/1215/9021 2294/1214/9022 2292/1221/9023 2322/1220/9024
f 2343/214/9025 2295/210/9026 2293/180/9027 2344/187/9028
f 2324/1209/9029 2296/1208/9030 2294/1214/9031 2323/1215/9032
f 2342/238/9033 2297/235/9034 2295/210/9035 2343/214/9036
f 2325/1203/9037 2298/1199/9038 2296/1208/9039 2324/1209/9040
f 2341/252/9041 2299/249/9042 2297/235/9043 2342/238/9044
f 2326/1163/9045 2300/1160/9046 2298/1199/9047 2325/1203/9048
f 2340/261/9049 2301/258/9050 2299/249/9051 2341/252/9052
f 2327/1155/9053 2302/1156/9054 2300/1160/9055 2326/1163/9056
f 2339/271/9057 2303/268/9058 2301/258/9059 2340/261/9060
f 2328/1147/9061 2304/1150/9062 2302/1156/9063 2327/1155/9064
f 2338/276/9065 2305/279/9066 2303/268/9067 2339/271/9068
f 2329/1141/9069 2306/1144/9070 2304/1150/9071 2328/1147/9072
f 2241/282/9073 2242/285/9074 2305/279/9075 2338/276/9076
f 2243/1120/9077 2244/1126/9078 2306/1144/9079 2329/1141/9080
f 2411/1061/9081 2409/1039/9082 2330/1038/9083 2331/1060/9084
f 2568/626/9085 2604/620/9086 2289/621/9087 2291/627/9088
f 2541/361/9089 2539/370/9090 2364/369/9091 2365/360/9092
f 2413/1067/9093 2411/1061/9094 2331/1060/9095 2332/1066/9096
f 2452/859/9097 2470/903/9098 2274/904/9099 2276/858/9100
f 2448/1100/9101 2472/1125/9102 2244/1126/9103 2246/1101/9104
f 2543/351/9105 2541/361/9106 2365/360/9107 2366/350/9108
f 2415/1073/9109 2413/1067/9110 2332/1066/9111 2333/1072/9112
f 2564/248/9113 2606/236/9114 2297/235/9115 2299/249/9116
f 2444/818/9117 2474/827/9118 2282/826/9119 2284/817/9120
f 2545/330/9121 2543/351/9122 2366/350/9123 2367/329/9124
f 2417/1079/9125 2415/1073/9126 2333/1072/9127 2334/1078/9128
f 2440/1076/9129 2476/1082/9130 2252/1083/9131 2254/1077/9132
f 2547/293/9133 2545/330/9134 2367/329/9135 2368/292/9136
f 2419/1085/9137 2417/1079/9138 2334/1078/9139 2335/1084/9140
f 2598/284/9141 2608/278/9142 2305/279/9143 2242/285/9144
f 2436/763/9145 2478/789/9146 2290/787/9147 2292/760/9148
f 2549/281/9149 2547/293/9150 2368/292/9151 2241/282/9152
f 2421/1091/9153 2419/1085/9154 2335/1084/9155 2336/1090/9156
f 2423/1097/9157 2421/1091/9158 2336/1090/9159 2337/1096/9160
f 2466/1162/9161 2480/1201/9162 2298/1199/9163 2300/1160/9164
f 2425/1121/9165 2423/1097/9166 2337/1096/9167 2243/1120/9168
f 2594/512/9169 2610/474/9170 2263/472/9171 2265/511/9172
f 2472/1125/9173 2482/1145/9174 2306/1144/9175 2244/1126/9176
f 2596/536/9177 2612/530/9178 2271/529/9179 2273/535/9180
f 2600/596/9181 2614/590/9182 2279/589/9183 2281/595/9184
f 2468/1005/9185 2484/1012/9186 2264/1014/9187 2266/1007/9188
f 2602/364/9189 2616/354/9190 2249/355/9191 2251/365/9192
f 2604/620/9193 2618/614/9194 2287/615/9195 2289/621/9196
f 2470/903/9197 2486/914/9198 2272/915/9199 2274/904/9200
f 2592/395/9201 2620/391/9202 2257/393/9203 2259/396/9204
f 2606/236/9205 2622/211/9206 2295/210/9207 2297/235/9208
f 2474/827/9209 2488/838/9210 2280/837/9211 2282/826/9212
f 2476/1082/9213 2490/1088/9214 2250/1089/9215 2252/1083/9216
f 2608/278/9217 2624/267/9218 2303/268/9219 2305/279/9220
f 2478/789/9221 2492/806/9222 2288/805/9223 2290/787/9224
f 2460/1042/9225 2494/1063/9226 2258/1065/9227 2260/1044/9228
f 2480/1201/9229 2496/1207/9230 2296/1208/9231 2298/1199/9232
f 2610/474/9233 2589/402/9234 2261/400/9235 2263/472/9236
f 2482/1145/9237 2461/1151/9238 2304/1150/9239 2306/1144/9240
f 2612/530/9241 2585/524/9242 2269/523/9243 2271/529/9244
f 2614/590/9245 2581/574/9246 2277/572/9247 2279/589/9248
f 2484/1012/9249 2457/1018/9250 2262/1020/9251 2264/1014/9252
f 2616/354/9253 2577/334/9254 2247/335/9255 2249/355/9256
f 2618/614/9257 2573/608/9258 2285/609/9259 2287/615/9260
f 2551/275/9261 2549/281/9262 2241/282/9263 2338/276/9264
f 2486/914/9265 2453/925/9266 2270/926/9267 2272/915/9268
f 2620/391/9269 2569/382/9270 2255/384/9271 2257/393/9272
f 2553/270/9273 2551/275/9274 2338/276/9275 2339/271/9276
f 2622/211/9277 2565/183/9278 2293/180/9279 2295/210/9280
f 2555/260/9281 2553/270/9282 2339/271/9283 2340/261/9284
f 2427/1142/9285 2425/1121/9286 2243/1120/9287 2329/1141/9288
f 2488/838/9289 2449/849/9290 2278/848/9291 2280/837/9292
f 2490/1088/9293 2445/1094/9294 2248/1095/9295 2250/1089/9296
f 2557/251/9297 2555/260/9298 2340/261/9299 2341/252/9300
f 2429/1148/9301 2427/1142/9302 2329/1141/9303 2328/1147/9304
f 2624/267/9305 2561/257/9306 2301/258/9307 2303/268/9308
f 2559/239/9309 2557/251/9310 2341/252/9311 2342/238/9312
f 2431/1154/9313 2429/1148/9314 2328/1147/9315 2327/1155/9316
f 2492/806/9317 2441/812/9318 2286/811/9319 2288/805/9320
f 2494/1063/9321 2437/1070/9322 2256/1071/9323 2258/1065/9324
f 2528/215/9325 2559/239/9326 2342/238/9327 2343/214/9328
f 2400/1161/9329 2431/1154/9330 2327/1155/9331 2326/1163/9332
f 2496/1207/9333 2433/1213/9334 2294/1214/9335 2296/1208/9336
f 1324/2169/9337 1325/2162/9338 2432/2156/9339 2399/2165/9340
f 2399/1159/9341 2432/1153/9342 2431/1154/9343 2400/1161/9344
f 1325/2162/9345 1326/2152/9346 2430/2147/9347 2432/2156/9348
f 2432/1153/9349 2430/1149/9350 2429/1148/9351 2431/1154/9352
f 1326/2152/9353 1327/2144/9354 2428/2141/9355 2430/2147/9356
f 2430/1149/9357 2428/1143/9358 2427/1142/9359 2429/1148/9360
f 1327/2144/9361 1328/2138/9362 2426/2132/9363 2428/2141/9364
f 2428/1143/9365 2426/1123/9366 2425/1121/9367 2427/1142/9368
f 1328/2138/9369 1984/2127/9370 2424/2124/9371 2426/2132/9372
f 2426/1123/9373 2424/1098/9374 2423/1097/9375 2425/1121/9376
f 1984/2127/9377 1983/2122/9378 2422/2118/9379 2424/2124/9380
f 2424/1098/9381 2422/1092/9382 2421/1091/9383 2423/1097/9384
f 1983/2122/9385 1982/2117/9386 2420/2110/9387 2422/2118/9388
f 2422/1092/9389 2420/1086/9390 2419/1085/9391 2421/1091/9392
f 1982/2117/9393 1981/2109/9394 2418/2102/9395 2420/2110/9396
f 2420/1086/9397 2418/1080/9398 2417/1079/9399 2419/1085/9400
f 1981/2109/9401 1980/2103/9402 2416/2097/9403 2418/2102/9404
f 2418/1080/9405 2416/1074/9406 2415/1073/9407 2417/1079/9408
f 1980/2103/9409 1979/2099/9410 2414/2058/9411 2416/2097/9412
f 2416/1074/9413 2414/1069/9414 2413/1067/9415 2415/1073/9416
f 1979/2099/9417 1978/2096/9418 2412/2056/9419 2414/2058/9420
f 2414/1069/9421 2412/1064/9422 2411/1061/9423 2413/1067/9424
f 1978/2096/9425 1977/2084/9426 2410/2053/9427 2412/2056/9428
f 2412/1064/9429 2410/1043/9430 2409/1039/9431 2411/1061/9432
f 1323/2177/9433 1324/2169/9434 2399/2165/9435 2398/2171/9436
f 2398/1198/9437 2399/1159/9438 2400/1161/9439 2397/1200/9440
f 1322/2184/9441 1323/2177/9442 2398/2171/9443 2396/2180/9444
f 2396/1204/9445 2398/1198/9446 2397/1200/9447 2395/1205/9448
f 1321/2192/9449 1322/2184/9450 2396/2180/9451 2394/2186/9452
f 2394/1210/9453 2396/1204/9454 2395/1205/9455 2393/1211/9456
f 1320/2200/9457 1321/2192/9458 2394/2186/9459 2392/2196/9460
f 2392/1216/9461 2394/1210/9462 2393/1211/9463 2391/1217/9464
f 1319/2202/9465 1320/2207/9466 2392/2205/9467 2390/2198/9468
f 2390/795/9469 2392/764/9470 2391/762/9471 2389/793/9472
f 1318/2194/9473 1319/2202/9474 2390/2198/9475 2388/2188/9476
f 2388/808/9477 2390/795/9478 2389/793/9479 2387/809/9480
f 1317/2183/9481 1318/2194/9482 2388/2188/9483 2386/2178/9484
f 2386/814/9485 2388/808/9486 2387/809/9487 2385/815/9488
f 1316/2173/9489 1317/2183/9490 2386/2178/9491 2384/2167/9492
f 2384/820/9493 2386/814/9494 2385/815/9495 2383/821/9496
f 1315/2164/9497 1316/2173/9498 2384/2167/9499 2382/2160/9500
f 2382/829/9501 2384/820/9502 2383/821/9503 2381/830/9504
f 1314/2153/9505 1315/2164/9506 2382/2160/9507 2380/2148/9508
f 2380/840/9509 2382/829/9510 2381/830/9511 2379/841/9512
f 1313/2143/9513 1314/2153/9514 2380/2148/9515 2378/2140/9516
f 2378/851/9517 2380/840/9518 2379/841/9519 2377/852/9520
f 1969/2137/9521 1313/2143/9522 2378/2140/9523 2376/2130/9524
f 2376/861/9525 2378/851/9526 2377/852/9527 2375/862/9528
f 1970/2126/9529 1969/2137/9530 2376/2130/9531 2374/2123/9532
f 2374/905/9533 2376/861/9534 2375/862/9535 2373/906/9536
f 1971/2121/9537 1970/2126/9538 2374/2123/9539 2372/2116/9540
f 2372/918/9541 2374/905/9542 2373/906/9543 2371/917/9544
f 1972/2114/9545 1971/2121/9546 2372/2116/9547 2370/2108/9548
f 2370/929/9549 2372/918/9550 2371/917/9551 2369/928/9552
f 1973/2107/9553 1972/2114/9554 2370/2108/9555 2402/2100/9556
f 2402/969/9557 2370/929/9558 2369/928/9559 2401/968/9560
f 1974/2101/9561 1973/2107/9562 2402/2100/9563 2404/2093/9564
f 2404/1008/9565 2402/969/9566 2401/968/9567 2403/1006/9568
f 1975/2098/9569 1974/2101/9570 2404/2093/9571 2406/2057/9572
f 2406/1013/9573 2404/1008/9574 2403/1006/9575 2405/1011/9576
f 1976/2094/9577 1975/2098/9578 2406/2057/9579 2408/2055/9580
f 2408/1019/9581 2406/1013/9582 2405/1011/9583 2407/1017/9584
f 1977/2084/9585 1976/2094/9586 2408/2055/9587 2410/2053/9588
f 2410/1043/9589 2408/1019/9590 2407/1017/9591 2409/1039/9592
f 320/156/9593 359/157/9594 2434/116/9595 2495/100/9596
f 2495/1206/9597 2434/1212/9598 2433/1213/9599 2496/1207/9600
f 1061/115/9601 1100/123/9602 2438/63/9603 2493/59/9604
f 2493/1062/9605 2438/1068/9606 2437/1070/9607 2494/1063/9608
f 476/129/9609 515/112/9610 2442/58/9611 2491/71/9612
f 2491/807/9613 2442/813/9614 2441/812/9615 2492/806/9616
f 1217/140/9617 1256/143/9618 2446/85/9619 2489/81/9620
f 2489/1087/9621 2446/1093/9622 2445/1094/9623 2490/1088/9624
f 632/74/9625 671/68/9626 2450/23/9627 2487/30/9628
f 2487/839/9629 2450/850/9630 2449/849/9631 2488/838/9632
f 788/65/9633 827/67/9634 2454/22/9635 2485/12/9636
f 2485/913/9637 2454/924/9638 2453/925/9639 2486/914/9640
f 944/84/9641 983/91/9642 2458/51/9643 2483/43/9644
f 2483/1010/9645 2458/1016/9646 2457/1018/9647 2484/1012/9648
f 125/150/9649 164/151/9650 2462/95/9651 2481/93/9652
f 2481/1146/9653 2462/1152/9654 2461/1151/9655 2482/1145/9656
f 281/155/9657 320/156/9658 2495/100/9659 2479/99/9660
f 2479/1202/9661 2495/1206/9662 2496/1207/9663 2480/1201/9664
f 1022/94/9665 1061/115/9666 2493/59/9667 2459/56/9668
f 2459/1040/9669 2493/1062/9670 2494/1063/9671 2460/1042/9672
f 437/144/9673 476/129/9674 2491/71/9675 2477/89/9676
f 2477/792/9677 2491/807/9678 2492/806/9679 2478/789/9680
f 1178/134/9681 1217/140/9682 2489/81/9683 2475/75/9684
f 2475/1081/9685 2489/1087/9686 2490/1088/9687 2476/1082/9688
f 593/83/9689 632/74/9690 2487/30/9691 2473/41/9692
f 2473/828/9693 2487/839/9694 2488/838/9695 2474/827/9696
f 749/64/9697 788/65/9698 2485/12/9699 2469/2/9700
f 2469/902/9701 2485/913/9702 2486/914/9703 2470/903/9704
f 905/80/9705 944/84/9706 2483/43/9707 2467/37/9708
f 2467/1003/9709 2483/1010/9710 2484/1012/9711 2468/1005/9712
f 82/149/9713 125/150/9714 2481/93/9715 2471/92/9716
f 2471/1124/9717 2481/1146/9718 2482/1145/9719 2472/1125/9720
f 242/154/9721 281/155/9722 2479/99/9723 2465/98/9724
f 2465/1164/9725 2479/1202/9726 2480/1201/9727 2466/1162/9728
f 398/162/9729 437/144/9730 2477/89/9731 2435/137/9732
f 2435/765/9733 2477/792/9734 2478/789/9735 2436/763/9736
f 1139/127/9737 1178/134/9738 2475/75/9739 2439/70/9740
f 2439/1075/9741 2475/1081/9742 2476/1082/9743 2440/1076/9744
f 554/90/9745 593/83/9746 2473/41/9747 2443/48/9748
f 2443/819/9749 2473/828/9750 2474/827/9751 2444/818/9752
f 1295/145/9753 82/149/9754 2471/92/9755 2447/88/9756
f 2447/1099/9757 2471/1124/9758 2472/1125/9759 2448/1100/9760
f 710/66/9761 749/64/9762 2469/2/9763 2451/11/9764
f 2451/860/9765 2469/902/9766 2470/903/9767 2452/859/9768
f 164/151/9769 203/153/9770 2463/97/9771 2462/95/9772
f 2462/1152/9773 2463/1158/9774 2464/1157/9775 2461/1151/9776
f 983/91/9777 1022/94/9778 2459/56/9779 2458/51/9780
f 2458/1016/9781 2459/1040/9782 2460/1042/9783 2457/1018/9784
f 827/67/9785 866/72/9786 2455/29/9787 2454/22/9788
f 2454/924/9789 2455/964/9790 2456/966/9791 2453/925/9792
f 671/68/9793 710/66/9794 2451/11/9795 2450/23/9796
f 2450/850/9797 2451/860/9798 2452/859/9799 2449/849/9800
f 1256/143/9801 1295/145/9802 2447/88/9803 2446/85/9804
f 2446/1093/9805 2447/1099/9806 2448/1100/9807 2445/1094/9808
f 515/112/9809 554/90/9810 2443/48/9811 2442/58/9812
f 2442/813/9813 2443/819/9814 2444/818/9815 2441/812/9816
f 1100/123/9817 1139/127/9818 2439/70/9819 2438/63/9820
f 2438/1068/9821 2439/1075/9822 2440/1076/9823 2437/1070/9824
f 359/157/9825 398/163/9826 2435/135/9827 2434/116/9828
f 2434/1212/9829 2435/1218/9830 2436/1219/9831 2433/1213/9832
f 203/153/9833 242/154/9834 2465/98/9835 2463/97/9836
f 2463/1158/9837 2465/1164/9838 2466/1162/9839 2464/1157/9840
f 866/72/9841 905/80/9842 2467/37/9843 2455/29/9844
f 2455/964/9845 2467/1003/9846 2468/1005/9847 2456/966/9848
f 2215/2755/9849 2214/2759/9850 2560/2793/9851 2527/2791/9852
f 2527/217/9853 2560/240/9854 2559/239/9855 2528/215/9856
f 2214/2759/9857 2213/2761/9858 2558/2795/9859 2560/2793/9860
f 2560/240/9861 2558/250/9862 2557/251/9863 2559/239/9864
f 2213/2761/9865 2212/2764/9866 2556/2797/9867 2558/2795/9868
f 2558/250/9869 2556/259/9870 2555/260/9871 2557/251/9872
f 2212/2764/9873 2211/2771/9874 2554/2804/9875 2556/2797/9876
f 2556/259/9877 2554/269/9878 2553/270/9879 2555/260/9880
f 2211/2771/9881 2210/2779/9882 2552/2808/9883 2554/2804/9884
f 2554/269/9885 2552/274/9886 2551/275/9887 2553/270/9888
f 2210/2779/9889 2209/2784/9890 2550/2814/9891 2552/2808/9892
f 2552/274/9893 2550/280/9894 2549/281/9895 2551/275/9896
f 2209/2784/9897 2240/2786/9898 2548/2818/9899 2550/2814/9900
f 2550/280/9901 2548/294/9902 2547/293/9903 2549/281/9904
f 2240/2786/9905 2239/2788/9906 2546/2816/9907 2548/2818/9908
f 2548/294/9909 2546/331/9910 2545/330/9911 2547/293/9912
f 2239/2788/9913 2238/2781/9914 2544/2812/9915 2546/2816/9916
f 2546/331/9917 2544/352/9918 2543/351/9919 2545/330/9920
f 2238/2781/9921 2237/2777/9922 2542/2809/9923 2544/2812/9924
f 2544/352/9925 2542/362/9926 2541/361/9927 2543/351/9928
f 2237/2777/9929 2236/2773/9930 2540/2806/9931 2542/2809/9932
f 2542/362/9933 2540/371/9934 2539/370/9935 2541/361/9936
f 2216/2752/9937 2215/2755/9938 2527/2791/9939 2526/2775/9940
f 2526/190/9941 2527/217/9942 2528/215/9943 2525/188/9944
f 2217/2749/9945 2216/2752/9946 2526/2775/9947 2524/2757/9948
f 2524/86/9949 2526/190/9950 2525/188/9951 2523/76/9952
f 2218/2753/9953 2217/2750/9954 2524/2758/9955 2522/2776/9956
f 2522/616/9957 2524/622/9958 2523/623/9959 2521/617/9960
f 2219/2756/9961 2218/2753/9962 2522/2776/9963 2520/2792/9964
f 2520/610/9965 2522/616/9966 2521/617/9967 2519/611/9968
f 2220/2760/9969 2219/2756/9970 2520/2792/9971 2518/2794/9972
f 2518/604/9973 2520/610/9974 2519/611/9975 2517/605/9976
f 2221/2762/9977 2220/2760/9978 2518/2794/9979 2516/2796/9980
f 2516/600/9981 2518/604/9982 2517/605/9983 2515/599/9984
f 2222/2765/9985 2221/2762/9986 2516/2796/9987 2514/2798/9988
f 2514/594/9989 2516/600/9990 2515/599/9991 2513/593/9992
f 2223/2772/9993 2222/2765/9994 2514/2798/9995 2512/2805/9996
f 2512/588/9997 2514/594/9998 2513/593/9999 2511/587/10000
f 2224/2780/10001 2223/2772/10002 2512/2805/10003 2510/2811/10004
f 2510/582/10005 2512/588/10006 2511/587/10007 2509/580/10008
f 2225/2785/10009 2224/2780/10010 2510/2811/10011 2508/2815/10012
f 2508/546/10013 2510/582/10014 2509/580/10015 2507/545/10016
f 2226/2787/10017 2225/2785/10018 2508/2815/10019 2506/2819/10020
f 2506/538/10021 2508/546/10022 2507/545/10023 2505/539/10024
f 2227/2789/10025 2226/2787/10026 2506/2819/10027 2504/2817/10028
f 2504/532/10029 2506/538/10030 2505/539/10031 2503/533/10032
f 2228/2782/10033 2227/2789/10034 2504/2817/10035 2502/2813/10036
f 2502/526/10037 2504/532/10038 2503/533/10039 2501/527/10040
f 2229/2778/10041 2228/2782/10042 2502/2813/10043 2500/2810/10044
f 2500/520/10045 2502/526/10046 2501/527/10047 2499/521/10048
f 2230/2774/10049 2229/2778/10050 2500/2810/10051 2498/2807/10052
f 2498/514/10053 2500/520/10054 2499/521/10055 2497/515/10056
f 2231/2770/10057 2230/2774/10058 2498/2807/10059 2530/2803/10060
f 2530/473/10061 2498/514/10062 2497/515/10063 2529/476/10064
f 2232/2768/10065 2231/2770/10066 2530/2803/10067 2532/2801/10068
f 2532/401/10069 2530/473/10070 2529/476/10071 2531/404/10072
f 2233/2766/10073 2232/2768/10074 2532/2801/10075 2534/2799/10076
f 2534/399/10077 2532/401/10078 2531/404/10079 2533/398/10080
f 2234/2767/10081 2233/2766/10082 2534/2799/10083 2536/2800/10084
f 2536/392/10085 2534/399/10086 2533/398/10087 2535/389/10088
f 2235/2769/10089 2234/2767/10090 2536/2800/10091 2538/2802/10092
f 2538/383/10093 2536/392/10094 2535/389/10095 2537/380/10096
f 2236/2773/10097 2235/2769/10098 2538/2802/10099 2540/2806/10100
f 2540/371/10101 2538/383/10102 2537/380/10103 2539/370/10104
f 168/2742/10105 207/2736/10106 2562/2739/10107 2623/2745/10108
f 2623/266/10109 2562/256/10110 2561/257/10111 2624/267/10112
f 324/2722/10113 363/2718/10114 2566/2720/10115 2621/2725/10116
f 2621/212/10117 2566/184/10118 2565/183/10119 2622/211/10120
f 1065/2856/10121 1104/2853/10122 2570/2859/10123 2619/2861/10124
f 2619/390/10125 2570/381/10126 2569/382/10127 2620/391/10128
f 480/2728/10129 519/2731/10130 2574/2733/10131 2617/2730/10132
f 2617/613/10133 2574/607/10134 2573/608/10135 2618/614/10136
f 1221/2839/10137 1260/2832/10138 2578/2836/10139 2615/2841/10140
f 2615/353/10141 2578/333/10142 2577/334/10143 2616/354/10144
f 636/2746/10145 675/2754/10146 2582/2783/10147 2613/2748/10148
f 2613/591/10149 2582/575/10150 2581/574/10151 2614/590/10152
f 792/2835/10153 831/2840/10154 2586/2844/10155 2611/2838/10156
f 2611/531/10157 2586/525/10158 2585/524/10159 2612/530/10160
f 948/2854/10161 987/2857/10162 2590/2862/10163 2609/2860/10164
f 2609/475/10165 2590/403/10166 2589/402/10167 2610/474/10168
f 129/2747/10169 168/2742/10170 2623/2745/10171 2607/2751/10172
f 2607/277/10173 2623/266/10174 2624/267/10175 2608/278/10176
f 285/2727/10177 324/2722/10178 2621/2725/10179 2605/2729/10180
f 2605/237/10181 2621/212/10182 2622/211/10183 2606/236/10184
f 1026/2858/10185 1065/2856/10186 2619/2861/10187 2591/2863/10188
f 2591/394/10189 2619/390/10190 2620/391/10191 2592/395/10192
f 441/2723/10193 480/2728/10194 2617/2730/10195 2603/2726/10196
f 2603/619/10197 2617/613/10198 2618/614/10199 2604/620/10200
f 1182/2843/10201 1221/2839/10202 2615/2841/10203 2601/2847/10204
f 2601/363/10205 2615/353/10206 2616/354/10207 2602/364/10208
f 597/2740/10209 636/2746/10210 2613/2748/10211 2599/2743/10212
f 2599/597/10213 2613/591/10214 2614/590/10215 2600/596/10216
f 753/2828/10217 792/2835/10218 2611/2838/10219 2595/2831/10220
f 2595/537/10221 2611/531/10222 2612/530/10223 2596/536/10224
f 909/2851/10225 948/2854/10226 2609/2860/10227 2593/2855/10228
f 2593/513/10229 2609/475/10230 2610/474/10231 2594/512/10232
f 78/2790/10233 129/2747/10234 2607/2751/10235 2597/2820/10236
f 2597/283/10237 2607/277/10238 2608/278/10239 2598/284/10240
f 246/2732/10241 285/2727/10242 2605/2729/10243 2563/2734/10244
f 2563/247/10245 2605/237/10246 2606/236/10247 2564/248/10248
f 402/2719/10249 441/2723/10250 2603/2726/10251 2567/2721/10252
f 2567/625/10253 2603/619/10254 2604/620/10255 2568/626/10256
f 987/2857/10257 1026/2858/10258 2591/2863/10259 2590/2862/10260
f 2590/403/10261 2591/394/10262 2592/395/10263 2589/402/10264
f 831/2840/10265 870/2846/10266 2587/2850/10267 2586/2844/10268
f 2586/525/10269 2587/519/10270 2588/518/10271 2585/524/10272
f 675/2754/10273 714/2821/10274 2583/2822/10275 2582/2783/10276
f 2582/575/10277 2583/543/10278 2584/542/10279 2581/574/10280
f 1260/2832/10281 1299/2824/10282 2579/2827/10283 2578/2836/10284
f 2578/333/10285 2579/295/10286 2580/296/10287 2577/334/10288
f 519/2731/10289 558/2735/10290 2575/2738/10291 2574/2733/10292
f 2574/607/10293 2575/603/10294 2576/602/10295 2573/608/10296
f 1104/2853/10297 1143/2849/10298 2571/2852/10299 2570/2859/10300
f 2570/381/10301 2571/372/10302 2572/373/10303 2569/382/10304
f 363/2718/10305 402/2716/10306 2567/2717/10307 2566/2720/10308
f 2566/184/10309 2567/46/10310 2568/35/10311 2565/183/10312
f 207/2736/10313 246/2732/10314 2563/2734/10315 2562/2739/10316
f 2562/256/10317 2563/247/10318 2564/248/10319 2561/257/10320
f 870/2846/10321 909/2851/10322 2593/2855/10323 2587/2850/10324
f 2587/519/10325 2593/513/10326 2594/512/10327 2588/518/10328
f 714/2821/10329 753/2828/10330 2595/2831/10331 2583/2822/10332
f 2583/543/10333 2595/537/10334 2596/536/10335 2584/542/10336
f 1299/2824/10337 78/2790/10338 2597/2820/10339 2579/2827/10340
f 2579/295/10341 2597/283/10342 2598/284/10343 2580/296/10344
f 558/2735/10345 597/2740/10346 2599/2743/10347 2575/2738/10348
f 2575/603/10349 2599/597/10350 2600/596/10351 2576/602/10352
f 1143/2849/10353 1182/2843/10354 2601/2847/10355 2571/2852/10356
f 2571/372/10357 2601/363/10358 2602/364/10359 2572/373/10360
f 2688/4222/10361 2627/4219/10362 2626/4211/10363 2625/4212/10364
f 2687/4232/10365 2628/4231/10366 2627/4219/10367 2688/4222/10368
f 2686/4240/10369 2629/4239/10370 2628/4231/10371 2687/4232/10372
f 2685/4249/10373 2630/4247/10374 2629/4239/10375 2686/4240/10376
f 2684/4259/10377 2631/4257/10378 2630/4247/10379 2685/4249/10380
f 2683/4269/10381 2632/4268/10382 2631/4257/10383 2684/4259/10384
f 2682/4278/10385 2633/4277/10386 2632/4268/10387 2683/4269/10388
f 2681/4291/10389 2634/4289/10390 2633/4277/10391 2682/4278/10392
f 2680/4302/10393 2635/4303/10394 2634/4289/10395 2681/4291/10396
f 2679/4311/10397 2636/4312/10398 2635/4303/10399 2680/4302/10400
f 2678/4320/10401 2637/4321/10402 2636/4312/10403 2679/4311/10404
f 2677/4327/10405 2638/4328/10406 2637/4321/10407 2678/4320/10408
f 2676/4334/10409 2639/4336/10410 2638/4328/10411 2677/4327/10412
f 2675/4345/10413 2640/4346/10414 2639/4336/10415 2676/4334/10416
f 2674/4352/10417 2641/4353/10418 2640/4346/10419 2675/4345/10420
f 2673/4361/10421 2642/4363/10422 2641/4353/10423 2674/4352/10424
f 2672/4370/10425 2643/4371/10426 2642/4363/10427 2673/4361/10428
f 2671/4378/10429 2644/4380/10430 2643/4371/10431 2672/4370/10432
f 2670/4388/10433 2645/4389/10434 2644/4380/10435 2671/4378/10436
f 2669/4397/10437 2646/4398/10438 2645/4389/10439 2670/4388/10440
f 2668/4405/10441 2647/4409/10442 2646/4398/10443 2669/4397/10444
f 2667/4415/10445 2648/4417/10446 2647/4409/10447 2668/4405/10448
f 2666/4426/10449 2649/4430/10450 2648/4417/10451 2667/4415/10452
f 2665/4437/10453 2650/4442/10454 2649/4430/10455 2666/4426/10456
f 2664/4153/10457 2651/4150/10458 2650/4136/10459 2665/4142/10460
f 2663/4162/10461 2652/4160/10462 2651/4150/10463 2664/4153/10464
f 2662/4171/10465 2653/4169/10466 2652/4160/10467 2663/4162/10468
f 2661/4178/10469 2654/4177/10470 2653/4169/10471 2662/4171/10472
f 2660/4186/10473 2655/4184/10474 2654/4177/10475 2661/4178/10476
f 2659/4196/10477 2656/4194/10478 2655/4184/10479 2660/4186/10480
f 2658/4204/10481 2657/4202/10482 2656/4194/10483 2659/4196/10484
f 2625/4212/10485 2626/4211/10486 2657/4202/10487 2658/4204/10488
f 2899/4223/10489 2897/4233/10490 2687/4232/10491 2688/4222/10492
f 2900/4172/10493 2898/4179/10494 2661/4178/10495 2662/4171/10496
f 2975/4313/10497 2949/4305/10498 2635/4303/10499 2636/4312/10500
f 2882/4213/10501 2899/4223/10502 2688/4222/10503 2625/4212/10504
f 2901/4163/10505 2900/4172/10506 2662/4171/10507 2663/4162/10508
f 2902/4154/10509 2901/4163/10510 2663/4162/10511 2664/4153/10512
f 2948/4276/10513 2943/4267/10514 2632/4268/10515 2633/4277/10516
f 2903/4147/10517 2902/4154/10518 2664/4153/10519 2665/4142/10520
f 2946/4256/10521 2939/4246/10522 2630/4247/10523 2631/4257/10524
f 2942/4238/10525 2935/4230/10526 2628/4231/10527 2629/4239/10528
f 2904/4425/10529 2903/4434/10530 2665/4437/10531 2666/4426/10532
f 2938/4218/10533 2931/4210/10534 2626/4211/10535 2627/4219/10536
f 2905/4414/10537 2904/4425/10538 2666/4426/10539 2667/4415/10540
f 2906/4404/10541 2905/4414/10542 2667/4415/10543 2668/4405/10544
f 2934/4201/10545 2927/4193/10546 2656/4194/10547 2657/4202/10548
f 2907/4396/10549 2906/4404/10550 2668/4405/10551 2669/4397/10552
f 2930/4183/10553 2923/4176/10554 2654/4177/10555 2655/4184/10556
f 2908/4387/10557 2907/4396/10558 2669/4397/10559 2670/4388/10560
f 2926/4167/10561 2919/4159/10562 2652/4160/10563 2653/4169/10564
f 2922/4151/10565 2915/4137/10566 2650/4136/10567 2651/4150/10568
f 2909/4377/10569 2908/4387/10570 2670/4388/10571 2671/4378/10572
f 2918/4429/10573 2953/4418/10574 2648/4417/10575 2649/4430/10576
f 2910/4369/10577 2909/4377/10578 2671/4378/10579 2672/4370/10580
f 2914/4410/10581 2957/4399/10582 2646/4398/10583 2647/4409/10584
f 2956/4390/10585 2961/4381/10586 2644/4380/10587 2645/4389/10588
f 2911/4360/10589 2910/4369/10590 2672/4370/10591 2673/4361/10592
f 2960/4372/10593 2965/4364/10594 2642/4363/10595 2643/4371/10596
f 2964/4354/10597 2969/4347/10598 2640/4346/10599 2641/4353/10600
f 2912/4351/10601 2911/4360/10602 2673/4361/10603 2674/4352/10604
f 2968/4337/10605 2973/4329/10606 2638/4328/10607 2639/4336/10608
f 2972/4322/10609 2975/4313/10610 2636/4312/10611 2637/4321/10612
f 2892/4344/10613 2912/4351/10614 2674/4352/10615 2675/4345/10616
f 2784/3961/10617 2783/3964/10618 2690/3972/10619 2689/3968/10620
f 2783/3964/10621 2782/3963/10622 2691/3971/10623 2690/3972/10624
f 2781/3950/10625 2780/3954/10626 2783/3964/10627 2784/3961/10628
f 2780/3954/10629 2779/3953/10630 2782/3963/10631 2783/3964/10632
f 2778/3943/10633 2777/3947/10634 2780/3954/10635 2781/3950/10636
f 2777/3947/10637 2776/3946/10638 2779/3953/10639 2780/3954/10640
f 2775/3938/10641 2774/3932/10642 2777/3947/10643 2778/3943/10644
f 2774/3932/10645 2773/3937/10646 2776/3946/10647 2777/3947/10648
f 2772/3931/10649 2771/3925/10650 2774/3932/10651 2775/3938/10652
f 2771/3925/10653 2770/3929/10654 2773/3937/10655 2774/3932/10656
f 2769/3923/10657 2768/3917/10658 2771/3925/10659 2772/3931/10660
f 2768/3917/10661 2767/3922/10662 2770/3929/10663 2771/3925/10664
f 2766/3910/10665 2765/3907/10666 2768/3917/10667 2769/3923/10668
f 2765/3907/10669 2764/3909/10670 2767/3922/10671 2768/3917/10672
f 2763/3900/10673 2762/3899/10674 2765/3907/10675 2766/3910/10676
f 2762/3899/10677 2761/3901/10678 2764/3909/10679 2765/3907/10680
f 2760/3894/10681 2759/3892/10682 2762/3899/10683 2763/3900/10684
f 2759/3892/10685 2758/3893/10686 2761/3901/10687 2762/3899/10688
f 2757/3886/10689 2756/3884/10690 2759/3892/10691 2760/3894/10692
f 2756/3884/10693 2755/3885/10694 2758/3893/10695 2759/3892/10696
f 2754/3878/10697 2753/3876/10698 2756/3884/10699 2757/3886/10700
f 2753/3876/10701 2752/3877/10702 2755/3885/10703 2756/3884/10704
f 2751/3868/10705 2750/3866/10706 2753/3876/10707 2754/3878/10708
f 2750/3866/10709 2749/3867/10710 2752/3877/10711 2753/3876/10712
f 2748/3860/10713 2747/3859/10714 2750/3866/10715 2751/3868/10716
f 2747/3859/10717 2746/3861/10718 2749/3867/10719 2750/3866/10720
f 2745/3851/10721 2744/3849/10722 2747/3859/10723 2748/3860/10724
f 2744/3849/10725 2743/3850/10726 2746/3861/10727 2747/3859/10728
f 2742/3838/10729 2741/3836/10730 2744/3849/10731 2745/3851/10732
f 2741/3836/10733 2740/3837/10734 2743/3850/10735 2744/3849/10736
f 2739/3828/10737 2738/3824/10738 2741/3836/10739 2742/3838/10740
f 2738/3824/10741 2737/3825/10742 2740/3837/10743 2741/3836/10744
f 2736/3816/10745 2735/3810/10746 2738/3824/10747 2739/3828/10748
f 2735/3810/10749 2734/3813/10750 2737/3825/10751 2738/3824/10752
f 2733/3807/10753 2732/3799/10754 2735/3810/10755 2736/3816/10756
f 2732/3799/10757 2731/3804/10758 2734/3813/10759 2735/3810/10760
f 2730/3793/10761 2729/3787/10762 2732/3799/10763 2733/3807/10764
f 2729/3787/10765 2728/3792/10766 2731/3804/10767 2732/3799/10768
f 2727/3780/10769 2726/3774/10770 2729/3787/10771 2730/3793/10772
f 2726/3774/10773 2725/3779/10774 2728/3792/10775 2729/3787/10776
f 2724/3768/10777 2723/3761/10778 2726/3774/10779 2727/3780/10780
f 2723/3761/10781 2722/3766/10782 2725/3779/10783 2726/3774/10784
f 2721/3745/10785 2720/3737/10786 2723/3761/10787 2724/3768/10788
f 2720/3737/10789 2719/3743/10790 2722/3766/10791 2723/3761/10792
f 2718/3727/10793 2717/3720/10794 2720/3737/10795 2721/3745/10796
f 2717/3720/10797 2716/3725/10798 2719/3743/10799 2720/3737/10800
f 2715/3713/10801 2714/3706/10802 2717/3720/10803 2718/3727/10804
f 2714/3706/10805 2713/3710/10806 2716/3725/10807 2717/3720/10808
f 2712/4095/10809 2711/4102/10810 2714/4127/10811 2715/4117/10812
f 2711/4102/10813 2710/4096/10814 2713/4119/10815 2714/4127/10816
f 2709/4065/10817 2708/4076/10818 2711/4102/10819 2712/4095/10820
f 2708/4076/10821 2707/4072/10822 2710/4096/10823 2711/4102/10824
f 2706/4044/10825 2705/4050/10826 2708/4076/10827 2709/4065/10828
f 2705/4050/10829 2704/4046/10830 2707/4072/10831 2708/4076/10832
f 2703/4018/10833 2702/4026/10834 2705/4050/10835 2706/4044/10836
f 2702/4026/10837 2701/4023/10838 2704/4046/10839 2705/4050/10840
f 2700/3993/10841 2699/4001/10842 2702/4026/10843 2703/4018/10844
f 2699/4001/10845 2698/3996/10846 2701/4023/10847 2702/4026/10848
f 2697/3985/10849 2696/3988/10850 2699/4001/10851 2700/3993/10852
f 2696/3988/10853 2695/3987/10854 2698/3996/10855 2699/4001/10856
f 2694/3976/10857 2693/3980/10858 2696/3988/10859 2697/3985/10860
f 2693/3980/10861 2692/3979/10862 2695/3987/10863 2696/3988/10864
f 2689/3968/10865 2690/3972/10866 2693/3980/10867 2694/3976/10868
f 2690/3972/10869 2691/3971/10870 2692/3979/10871 2693/3980/10872
f 199/1300/10873 160/1303/10874 2815/1338/10875 2814/1336/10876
f 2814/3991/10877 2815/3982/10878 2816/3984/10879 2813/3992/10880
f 277/1295/10881 238/1297/10882 2811/1332/10883 2810/1328/10884
f 2810/4041/10885 2811/4016/10886 2812/4017/10887 2809/4042/10888
f 355/1291/10889 316/1293/10890 2807/1327/10891 2806/1325/10892
f 2806/4086/10893 2807/4068/10894 2808/4067/10895 2805/4087/10896
f 433/1292/10897 394/1290/10898 2803/1324/10899 2802/1326/10900
f 2802/3726/10901 2803/3714/10902 2804/3711/10903 2801/3724/10904
f 511/1296/10905 472/1294/10906 2799/1329/10907 2798/1330/10908
f 2798/3765/10909 2799/3742/10910 2800/3740/10911 2797/3764/10912
f 1096/1318/10913 1057/1322/10914 2795/1355/10915 2794/1356/10916
f 2794/3919/10917 2795/3911/10918 2796/3914/10919 2793/3921/10920
f 589/1299/10921 550/1298/10922 2791/1331/10923 2790/1333/10924
f 2790/3791/10925 2791/3778/10926 2792/3777/10927 2789/3790/10928
f 1174/1321/10929 1135/1320/10930 2787/1354/10931 2786/1350/10932
f 2786/3933/10933 2787/3926/10934 2788/3930/10935 2785/3936/10936
f 667/1302/10937 628/1301/10938 120/1334/10939 159/1337/10940
f 159/3815/10941 120/3803/10942 87/3802/10943 198/3814/10944
f 1252/1312/10945 1213/1314/10946 276/1349/10947 315/1347/10948
f 315/3948/10949 276/3941/10950 237/3942/10951 354/3949/10952
f 745/1307/10953 706/1304/10954 432/1340/10955 471/1342/10956
f 471/3842/10957 432/3830/10958 393/3829/10959 510/3841/10960
f 86/1309/10961 1291/1310/10962 588/1344/10963 627/1341/10964
f 627/3966/10965 588/3958/10966 549/3960/10967 666/3967/10968
f 823/1311/10969 784/1306/10970 744/1343/10971 783/1345/10972
f 783/3862/10973 744/3852/10974 705/3853/10975 822/3863/10976
f 901/1317/10977 862/1315/10978 900/1346/10979 939/1348/10980
f 939/3882/10981 900/3872/10982 861/3873/10983 978/3881/10984
f 979/1319/10985 940/1316/10986 1056/1351/10987 1095/1353/10988
f 1095/3897/10989 1056/3889/10990 1017/3890/10991 1134/3898/10992
f 1057/1322/10993 1018/1323/10994 1212/1352/10995 2795/1355/10996
f 2795/3911/10997 1212/3902/10998 1173/3903/10999 2796/3914/11000
f 160/1303/11001 121/1305/11002 1290/1339/11003 2815/1338/11004
f 2815/3982/11005 1290/3974/11006 1251/3975/11007 2816/3984/11008
f 238/1297/11009 199/1300/11010 2814/1336/11011 2811/1332/11012
f 2811/4016/11013 2814/3991/11014 2813/3992/11015 2812/4017/11016
f 316/1293/11017 277/1295/11018 2810/1328/11019 2807/1327/11020
f 2807/4068/11021 2810/4041/11022 2809/4042/11023 2808/4067/11024
f 394/1288/11025 355/1291/11026 2806/1325/11027 2803/1313/11028
f 2803/4110/11029 2806/4086/11030 2805/4087/11031 2804/4112/11032
f 472/1294/11033 433/1292/11034 2802/1326/11035 2799/1329/11036
f 2799/3742/11037 2802/3726/11038 2801/3724/11039 2800/3740/11040
f 550/1298/11041 511/1296/11042 2798/1330/11043 2791/1331/11044
f 2791/3778/11045 2798/3765/11046 2797/3764/11047 2792/3777/11048
f 1135/1320/11049 1096/1318/11050 2794/1356/11051 2787/1354/11052
f 2787/3926/11053 2794/3919/11054 2793/3921/11055 2788/3930/11056
f 628/1301/11057 589/1299/11058 2790/1333/11059 120/1334/11060
f 120/3803/11061 2790/3791/11062 2789/3790/11063 87/3802/11064
f 1213/1314/11065 1174/1321/11066 2786/1350/11067 276/1349/11068
f 276/3941/11069 2786/3933/11070 2785/3936/11071 237/3942/11072
f 706/1304/11073 667/1302/11074 159/1337/11075 432/1340/11076
f 432/3830/11077 159/3815/11078 198/3814/11079 393/3829/11080
f 1291/1310/11081 1252/1312/11082 315/1347/11083 588/1344/11084
f 588/3958/11085 315/3948/11086 354/3949/11087 549/3960/11088
f 784/1306/11089 745/1307/11090 471/1342/11091 744/1343/11092
f 744/3852/11093 471/3842/11094 510/3841/11095 705/3853/11096
f 862/1315/11097 823/1311/11098 783/1345/11099 900/1346/11100
f 900/3872/11101 783/3862/11102 822/3863/11103 861/3873/11104
f 940/1316/11105 901/1317/11106 939/1348/11107 1056/1351/11108
f 1056/3889/11109 939/3882/11110 978/3881/11111 1017/3890/11112
f 1018/1323/11113 979/1319/11114 1095/1353/11115 1212/1352/11116
f 1212/3902/11117 1095/3897/11118 1134/3898/11119 1173/3903/11120
f 121/1305/11121 86/1309/11122 627/1341/11123 1290/1339/11124
f 1290/3974/11125 627/3966/11126 666/3967/11127 1251/3975/11128
f 88/1994/11129 119/1990/11130 2879/2026/11131 2878/2028/11132
f 2878/3969/11133 2879/3977/11134 2880/3978/11135 2877/3970/11136
f 158/1987/11137 197/1984/11138 2875/2020/11139 2874/2022/11140
f 2874/3983/11141 2875/3994/11142 2876/3995/11143 2873/3986/11144
f 236/1980/11145 275/1979/11146 2871/2016/11147 2870/2018/11148
f 2870/4019/11149 2871/4043/11150 2872/4045/11151 2869/4022/11152
f 314/1978/11153 353/1975/11154 2867/2013/11155 2866/2015/11156
f 2866/4070/11157 2867/4091/11158 2868/4092/11159 2865/4071/11160
f 392/1977/11161 431/1982/11162 2863/2019/11163 2862/2014/11164
f 2862/3712/11165 2863/3723/11166 2864/3722/11167 2861/3708/11168
f 470/1986/11169 509/1988/11170 2859/2024/11171 2858/2023/11172
f 2858/3739/11173 2859/3763/11174 2860/3762/11175 2857/3738/11176
f 1055/2007/11177 1094/2011/11178 2855/2040/11179 2854/2047/11180
f 2854/3912/11181 2855/3918/11182 2856/3920/11183 2853/3913/11184
f 548/1991/11185 587/1992/11186 2851/2027/11187 2850/2025/11188
f 2850/3776/11189 2851/3789/11190 2852/3788/11191 2849/3775/11192
f 1133/2008/11193 1172/2004/11194 2847/2038/11195 2846/2039/11196
f 2846/3927/11197 2847/3934/11198 2848/3935/11199 2845/3928/11200
f 626/1993/11201 665/1996/11202 2843/2030/11203 2842/2029/11204
f 2842/3801/11205 2843/3812/11206 2844/3811/11207 2841/3800/11208
f 1211/2000/11209 1250/1999/11210 2839/2033/11211 2838/2036/11212
f 2838/3944/11213 2839/3951/11214 2840/3952/11215 2837/3945/11216
f 704/1997/11217 743/1998/11218 2835/2034/11219 2834/2032/11220
f 2834/3827/11221 2835/3840/11222 2836/3839/11223 2833/3826/11224
f 1289/1995/11225 88/1994/11226 2878/2028/11227 2832/2031/11228
f 2832/3959/11229 2878/3969/11230 2877/3970/11231 2831/3962/11232
f 782/2002/11233 821/2003/11234 2829/2037/11235 2828/2035/11236
f 2828/3855/11237 2829/3865/11238 2830/3864/11239 2827/3854/11240
f 860/2006/11241 899/2005/11242 2825/2046/11243 2824/2041/11244
f 2824/3871/11245 2825/3880/11246 2826/3879/11247 2823/3870/11248
f 938/2009/11249 977/2012/11250 2821/2042/11251 2820/2044/11252
f 2820/3888/11253 2821/3896/11254 2822/3895/11255 2819/3887/11256
f 1016/2010/11257 1055/2007/11258 2854/2047/11259 2818/2045/11260
f 2818/3905/11261 2854/3912/11262 2853/3913/11263 2817/3904/11264
f 119/1990/11265 158/1987/11266 2874/2022/11267 2879/2026/11268
f 2879/3977/11269 2874/3983/11270 2873/3986/11271 2880/3978/11272
f 197/1984/11273 236/1980/11274 2870/2018/11275 2875/2020/11276
f 2875/3994/11277 2870/4019/11278 2869/4022/11279 2876/3995/11280
f 275/1979/11281 314/1978/11282 2866/2015/11283 2871/2016/11284
f 2871/4043/11285 2866/4070/11286 2865/4071/11287 2872/4045/11288
f 353/1975/11289 392/1973/11290 2862/1985/11291 2867/2013/11292
f 2867/4091/11293 2862/4111/11294 2861/4114/11295 2868/4092/11296
f 431/1982/11297 470/1986/11298 2858/2023/11299 2863/2019/11300
f 2863/3723/11301 2858/3739/11302 2857/3738/11303 2864/3722/11304
f 509/1988/11305 548/1991/11306 2850/2025/11307 2859/2024/11308
f 2859/3763/11309 2850/3776/11310 2849/3775/11311 2860/3762/11312
f 1094/2011/11313 1133/2008/11314 2846/2039/11315 2855/2040/11316
f 2855/3918/11317 2846/3927/11318 2845/3928/11319 2856/3920/11320
f 587/1992/11321 626/1993/11322 2842/2029/11323 2851/2027/11324
f 2851/3789/11325 2842/3801/11326 2841/3800/11327 2852/3788/11328
f 1172/2004/11329 1211/2000/11330 2838/2036/11331 2847/2038/11332
f 2847/3934/11333 2838/3944/11334 2837/3945/11335 2848/3935/11336
f 665/1996/11337 704/1997/11338 2834/2032/11339 2843/2030/11340
f 2843/3812/11341 2834/3827/11342 2833/3826/11343 2844/3811/11344
f 1250/1999/11345 1289/1995/11346 2832/2031/11347 2839/2033/11348
f 2839/3951/11349 2832/3959/11350 2831/3962/11351 2840/3952/11352
f 743/1998/11353 782/2002/11354 2828/2035/11355 2835/2034/11356
f 2835/3840/11357 2828/3855/11358 2827/3854/11359 2836/3839/11360
f 821/2003/11361 860/2006/11362 2824/2041/11363 2829/2037/11364
f 2829/3865/11365 2824/3871/11366 2823/3870/11367 2830/3864/11368
f 899/2005/11369 938/2009/11370 2820/2044/11371 2825/2046/11372
f 2825/3880/11373 2820/3888/11374 2819/3887/11375 2826/3879/11376
f 977/2012/11377 1016/2010/11378 2818/2045/11379 2821/2042/11380
f 2821/3896/11381 2818/3905/11382 2817/3904/11383 2822/3895/11384
f 1603/4343/11385 1602/4350/11386 2912/4351/11387 2892/4344/11388
f 1602/4350/11389 1601/4359/11390 2911/4360/11391 2912/4351/11392
f 1601/4359/11393 1600/4368/11394 2910/4369/11395 2911/4360/11396
f 1600/4368/11397 1599/4376/11398 2909/4377/11399 2910/4369/11400
f 1599/4376/11401 1598/4385/11402 2908/4387/11403 2909/4377/11404
f 1598/4385/11405 1597/4395/11406 2907/4396/11407 2908/4387/11408
f 1597/4395/11409 1596/4403/11410 2906/4404/11411 2907/4396/11412
f 1596/4403/11413 1595/4413/11414 2905/4414/11415 2906/4404/11416
f 1595/4413/11417 1594/4423/11418 2904/4425/11419 2905/4414/11420
f 1594/4423/11421 1593/4432/11422 2903/4434/11423 2904/4425/11424
f 1593/4148/11425 1592/4155/11426 2902/4154/11427 2903/4147/11428
f 1592/4155/11429 1591/4164/11430 2901/4163/11431 2902/4154/11432
f 1591/4164/11433 1590/4173/11434 2900/4172/11435 2901/4163/11436
f 1585/4214/11437 1616/4224/11438 2899/4223/11439 2882/4213/11440
f 1590/4173/11441 1589/4180/11442 2898/4179/11443 2900/4172/11444
f 1616/4224/11445 1615/4234/11446 2897/4233/11447 2899/4223/11448
f 1604/4332/11449 1603/4343/11450 2892/4344/11451 2891/4333/11452
f 1605/4325/11453 1604/4332/11454 2891/4333/11455 2890/4326/11456
f 1606/4318/11457 1605/4325/11458 2890/4326/11459 2889/4319/11460
f 1607/4309/11461 1606/4318/11462 2889/4319/11463 2888/4310/11464
f 1608/4300/11465 1607/4309/11466 2888/4310/11467 2887/4301/11468
f 1609/4292/11469 1608/4300/11470 2887/4301/11471 2886/4293/11472
f 1610/4280/11473 1609/4292/11474 2886/4293/11475 2885/4279/11476
f 1611/4271/11477 1610/4280/11478 2885/4279/11479 2884/4270/11480
f 1612/4261/11481 1611/4271/11482 2884/4270/11483 2883/4260/11484
f 1586/4206/11485 1585/4214/11486 2882/4213/11487 2881/4205/11488
f 1613/4251/11489 1612/4261/11490 2883/4260/11491 2893/4250/11492
f 1587/4198/11493 1586/4206/11494 2881/4205/11495 2894/4197/11496
f 1614/4242/11497 1613/4251/11498 2893/4250/11499 2895/4241/11500
f 1588/4188/11501 1587/4198/11502 2894/4197/11503 2896/4187/11504
f 1615/4234/11505 1614/4242/11506 2895/4241/11507 2897/4233/11508
f 1589/4180/11509 1588/4188/11510 2896/4187/11511 2898/4179/11512
f 920/106/11513 959/108/11514 2976/14/11515 2971/10/11516
f 2971/4323/11517 2976/4314/11518 2975/4313/11519 2972/4322/11520
f 842/114/11521 881/109/11522 2974/8/11523 2967/13/11524
f 2967/4338/11525 2974/4330/11526 2973/4329/11527 2968/4337/11528
f 764/118/11529 803/120/11530 2970/20/11531 2963/26/11532
f 2963/4355/11533 2970/4348/11534 2969/4347/11535 2964/4354/11536
f 686/125/11537 725/124/11538 2966/32/11539 2959/38/11540
f 2959/4373/11541 2966/4365/11542 2965/4364/11543 2960/4372/11544
f 608/138/11545 647/130/11546 2962/42/11547 2955/45/11548
f 2955/4391/11549 2962/4382/11550 2961/4381/11551 2956/4390/11552
f 530/146/11553 569/141/11554 2958/49/11555 2913/55/11556
f 2913/4411/11557 2958/4400/11558 2957/4399/11559 2914/4410/11560
f 452/160/11561 491/152/11562 2954/61/11563 2917/78/11564
f 2917/4428/11565 2954/4420/11566 2953/4418/11567 2918/4429/11568
f 374/158/11569 413/166/11570 2916/96/11571 2921/69/11572
f 2921/4152/11573 2916/4138/11574 2915/4137/11575 2922/4151/11576
f 296/142/11577 335/148/11578 2920/57/11579 2925/53/11580
f 2925/4166/11581 2920/4158/11582 2919/4159/11583 2926/4167/11584
f 218/133/11585 257/136/11586 2924/44/11587 2929/39/11588
f 2929/4182/11589 2924/4175/11590 2923/4176/11591 2930/4183/11592
f 140/121/11593 179/126/11594 2928/36/11595 2933/31/11596
f 2933/4200/11597 2928/4192/11598 2927/4193/11599 2934/4201/11600
f 1310/117/11601 67/122/11602 2932/25/11603 2937/19/11604
f 2937/4217/11605 2932/4209/11606 2931/4210/11607 2938/4218/11608
f 1232/105/11609 1271/113/11610 2936/15/11611 2941/7/11612
f 2941/4237/11613 2936/4229/11614 2935/4230/11615 2942/4238/11616
f 1154/103/11617 1193/102/11618 2940/1/11619 2945/6/11620
f 2945/4254/11621 2940/4245/11622 2939/4246/11623 2946/4256/11624
f 1076/107/11625 1115/104/11626 2944/9/11627 2947/17/11628
f 2947/4275/11629 2944/4266/11630 2943/4267/11631 2948/4276/11632
f 959/108/11633 998/111/11634 2950/18/11635 2976/14/11636
f 2976/4314/11637 2950/4304/11638 2949/4305/11639 2975/4313/11640
f 998/111/11641 1037/101/11642 2951/21/11643 2950/18/11644
f 2950/4304/11645 2951/4287/11646 2952/4288/11647 2949/4305/11648
f 1037/101/11649 1076/107/11650 2947/17/11651 2951/21/11652
f 2951/4287/11653 2947/4275/11654 2948/4276/11655 2952/4288/11656
f 1115/104/11657 1154/103/11658 2945/6/11659 2944/9/11660
f 2944/4266/11661 2945/4254/11662 2946/4256/11663 2943/4267/11664
f 1193/102/11665 1232/105/11666 2941/7/11667 2940/1/11668
f 2940/4245/11669 2941/4237/11670 2942/4238/11671 2939/4246/11672
f 1271/113/11673 1310/117/11674 2937/19/11675 2936/15/11676
f 2936/4229/11677 2937/4217/11678 2938/4218/11679 2935/4230/11680
f 67/122/11681 140/121/11682 2933/31/11683 2932/25/11684
f 2932/4209/11685 2933/4200/11686 2934/4201/11687 2931/4210/11688
f 179/126/11689 218/133/11690 2929/39/11691 2928/36/11692
f 2928/4192/11693 2929/4182/11694 2930/4183/11695 2927/4193/11696
f 257/136/11697 296/142/11698 2925/53/11699 2924/44/11700
f 2924/4175/11701 2925/4166/11702 2926/4167/11703 2923/4176/11704
f 335/148/11705 374/158/11706 2921/69/11707 2920/57/11708
f 2920/4158/11709 2921/4152/11710 2922/4151/11711 2919/4159/11712
f 413/168/11713 452/160/11714 2917/78/11715 2916/119/11716
f 2916/4439/11717 2917/4428/11718 2918/4429/11719 2915/4441/11720
f 491/152/11721 530/146/11722 2913/55/11723 2954/61/11724
f 2954/4420/11725 2913/4411/11726 2914/4410/11727 2953/4418/11728
f 569/141/11729 608/138/11730 2955/45/11731 2958/49/11732
f 2958/4400/11733 2955/4391/11734 2956/4390/11735 2957/4399/11736
f 647/130/11737 686/125/11738 2959/38/11739 2962/42/11740
f 2962/4382/11741 2959/4373/11742 2960/4372/11743 2961/4381/11744
f 725/124/11745 764/118/11746 2963/26/11747 2966/32/11748
f 2966/4365/11749 2963/4355/11750 2964/4354/11751 2965/4364/11752
f 803/120/11753 842/114/11754 2967/13/11755 2970/20/11756
f 2970/4348/11757 2967/4338/11758 2968/4337/11759 2969/4347/11760
f 881/109/11761 920/106/11762 2971/10/11763 2974/8/11764
f 2974/4330/11765 2971/4323/11766 2972/4322/11767 2973/4329/11768
f 3329/1606/11769 3330/1608/11770 2985/1619/11771 2986/1618/11772
f 3331/1887/11773 3332/1827/11774 2993/1849/11775 2994/1908/11776
f 3333/2456/11777 3334/2411/11778 3001/2412/11779 3002/2457/11780
f 3330/3846/11781 3335/3771/11782 2984/3767/11783 2985/3843/11784
f 3332/1827/11785 3336/1772/11786 2992/1788/11787 2993/1849/11788
f 3334/2411/11789 3337/2363/11790 3000/2366/11791 3001/2412/11792
f 3338/3046/11793 3339/2892/11794 3008/2893/11795 2977/3045/11796
f 3335/3771/11797 3340/3693/11798 2983/3689/11799 2984/3767/11800
f 3336/1772/11801 3341/1694/11802 2991/1751/11803 2992/1788/11804
f 3337/2363/11805 3342/2313/11806 2999/2317/11807 3000/2366/11808
f 3339/2892/11809 3343/2825/11810 3007/2829/11811 3008/2893/11812
f 3341/1694/11813 3344/1648/11814 2990/1666/11815 2991/1751/11816
f 3342/2313/11817 3345/2242/11818 2998/2247/11819 2999/2317/11820
f 3343/2825/11821 3346/2705/11822 3006/2707/11823 3007/2829/11824
f 3345/2242/11825 3347/2182/11826 2997/2199/11827 2998/2247/11828
f 3346/2705/11829 3348/2620/11830 3005/2621/11831 3006/2707/11832
f 3348/2620/11833 3349/2572/11834 3004/2574/11835 3005/2621/11836
f 3340/3693/11837 3350/3655/11838 2982/3652/11839 2983/3689/11840
f 3350/3655/11841 3351/3619/11842 2981/3616/11843 2982/3652/11844
f 3344/1648/11845 3352/1626/11846 2989/1637/11847 2990/1666/11848
f 3351/3619/11849 3353/3516/11850 2980/3510/11851 2981/3616/11852
f 3352/1626/11853 3354/1615/11854 2988/1623/11855 2989/1637/11856
f 3347/2182/11857 3355/1974/11858 2996/2043/11859 2997/2199/11860
f 3353/3516/11861 3356/3364/11862 2979/3361/11863 2980/3510/11864
f 3354/1615/11865 3357/1610/11866 2987/1620/11867 2988/1623/11868
f 3355/1974/11869 3358/1938/11870 2995/1944/11871 2996/2043/11872
f 3349/2572/11873 3359/2539/11874 3003/2541/11875 3004/2574/11876
f 3356/3364/11877 3360/3216/11878 2978/3214/11879 2979/3361/11880
f 3357/1610/11881 3329/1606/11882 2986/1618/11883 2987/1620/11884
f 3358/1938/11885 3331/1887/11886 2994/1908/11887 2995/1944/11888
f 3359/2539/11889 3333/2456/11890 3002/2457/11891 3003/2541/11892
f 3360/3216/11893 3338/3046/11894 2977/3045/11895 2978/3214/11896
f 3004/2574/11897 3003/2541/11898 3035/2543/11899 3036/2577/11900
f 2990/1666/11901 2989/1637/11902 3021/1660/11903 3022/1692/11904
f 3003/2541/11905 3002/2457/11906 3034/2459/11907 3035/2543/11908
f 2989/1637/11909 2988/1623/11910 3020/1639/11911 3021/1660/11912
f 3002/2457/11913 3001/2412/11914 3033/2414/11915 3034/2459/11916
f 2988/1623/11917 2987/1620/11918 3019/1632/11919 3020/1639/11920
f 3001/2412/11921 3000/2366/11922 3032/2401/11923 3033/2414/11924
f 2987/1620/11925 2986/1618/11926 3018/1629/11927 3019/1632/11928
f 3000/2366/11929 2999/2317/11930 3031/2319/11931 3032/2401/11932
f 2986/1618/11933 2985/1619/11934 3017/1635/11935 3018/1629/11936
f 2999/2317/11937 2998/2247/11938 3030/2251/11939 3031/2319/11940
f 2985/3843/11941 2984/3767/11942 3016/3750/11943 3017/3833/11944
f 2998/2247/11945 2997/2199/11946 3029/2212/11947 3030/2251/11948
f 2984/3767/11949 2983/3689/11950 3015/3687/11951 3016/3750/11952
f 2997/2199/11953 2996/2043/11954 3028/2105/11955 3029/2212/11956
f 2983/3689/11957 2982/3652/11958 3014/3648/11959 3015/3687/11960
f 2996/2043/11961 2995/1944/11962 3027/1950/11963 3028/2105/11964
f 2977/3045/11965 3008/2893/11966 3040/2895/11967 3009/3043/11968
f 2982/3652/11969 2981/3616/11970 3013/3613/11971 3014/3648/11972
f 2995/1944/11973 2994/1908/11974 3026/1920/11975 3027/1950/11976
f 3008/2893/11977 3007/2829/11978 3039/2830/11979 3040/2895/11980
f 2981/3616/11981 2980/3510/11982 3012/3501/11983 3013/3613/11984
f 2994/1908/11985 2993/1849/11986 3025/1858/11987 3026/1920/11988
f 3007/2829/11989 3006/2707/11990 3038/2709/11991 3039/2830/11992
f 2980/3510/11993 2979/3361/11994 3011/3355/11995 3012/3501/11996
f 2993/1849/11997 2992/1788/11998 3024/1804/11999 3025/1858/12000
f 3006/2707/12001 3005/2621/12002 3037/2622/12003 3038/2709/12004
f 2979/3361/12005 2978/3214/12006 3010/3210/12007 3011/3355/12008
f 2992/1788/12009 2991/1751/12010 3023/1769/12011 3024/1804/12012
f 3005/2621/12013 3004/2574/12014 3036/2577/12015 3037/2622/12016
f 2978/3214/12017 2977/3045/12018 3009/3043/12019 3010/3210/12020
f 2991/1751/12021 2990/1666/12022 3022/1692/12023 3023/1769/12024
f 3033/2414/12025 3032/2401/12026 3064/2403/12027 3065/2416/12028
f 3019/1632/12029 3018/1629/12030 3050/1653/12031 3051/1659/12032
f 3032/2401/12033 3031/2319/12034 3063/2324/12035 3064/2403/12036
f 3018/1629/12037 3017/1635/12038 3049/1663/12039 3050/1653/12040
f 3031/2319/12041 3030/2251/12042 3062/2268/12043 3063/2324/12044
f 3017/3833/12045 3016/3750/12046 3048/3734/12047 3049/3819/12048
f 3030/2251/12049 3029/2212/12050 3061/2224/12051 3062/2268/12052
f 3016/3750/12053 3015/3687/12054 3047/3682/12055 3048/3734/12056
f 3029/2212/12057 3028/2105/12058 3060/2136/12059 3061/2224/12060
f 3015/3687/12061 3014/3648/12062 3046/3643/12063 3047/3682/12064
f 3028/2105/12065 3027/1950/12066 3059/1959/12067 3060/2136/12068
f 3009/3043/12069 3040/2895/12070 3072/2897/12071 3041/3038/12072
f 3014/3648/12073 3013/3613/12074 3045/3610/12075 3046/3643/12076
f 3027/1950/12077 3026/1920/12078 3058/1931/12079 3059/1959/12080
f 3040/2895/12081 3039/2830/12082 3071/2833/12083 3072/2897/12084
f 3013/3613/12085 3012/3501/12086 3044/3494/12087 3045/3610/12088
f 3026/1920/12089 3025/1858/12090 3057/1883/12091 3058/1931/12092
f 3039/2830/12093 3038/2709/12094 3070/2710/12095 3071/2833/12096
f 3012/3501/12097 3011/3355/12098 3043/3348/12099 3044/3494/12100
f 3025/1858/12101 3024/1804/12102 3056/1835/12103 3057/1883/12104
f 3038/2709/12105 3037/2622/12106 3069/2624/12107 3070/2710/12108
f 3011/3355/12109 3010/3210/12110 3042/3207/12111 3043/3348/12112
f 3024/1804/12113 3023/1769/12114 3055/1789/12115 3056/1835/12116
f 3037/2622/12117 3036/2577/12118 3068/2587/12119 3069/2624/12120
f 3010/3210/12121 3009/3043/12122 3041/3038/12123 3042/3207/12124
f 3023/1769/12125 3022/1692/12126 3054/1761/12127 3055/1789/12128
f 3036/2577/12129 3035/2543/12130 3067/2547/12131 3068/2587/12132
f 3022/1692/12133 3021/1660/12134 3053/1693/12135 3054/1761/12136
f 3035/2543/12137 3034/2459/12138 3066/2460/12139 3067/2547/12140
f 3021/1660/12141 3020/1639/12142 3052/1672/12143 3053/1693/12144
f 3034/2459/12145 3033/2414/12146 3065/2416/12147 3066/2460/12148
f 3020/1639/12149 3019/1632/12150 3051/1659/12151 3052/1672/12152
f 3062/2268/12153 3061/2224/12154 3093/2226/12155 3094/2276/12156
f 3048/3734/12157 3047/3682/12158 3079/3678/12159 3080/3730/12160
f 3061/2224/12161 3060/2136/12162 3092/2145/12163 3093/2226/12164
f 3047/3682/12165 3046/3643/12166 3078/3642/12167 3079/3678/12168
f 3060/2136/12169 3059/1959/12170 3091/1965/12171 3092/2145/12172
f 3041/3038/12173 3072/2897/12174 3104/2898/12175 3073/3037/12176
f 3046/3643/12177 3045/3610/12178 3077/3609/12179 3078/3642/12180
f 3059/1959/12181 3058/1931/12182 3090/1932/12183 3091/1965/12184
f 3072/2897/12185 3071/2833/12186 3103/2834/12187 3104/2898/12188
f 3045/3610/12189 3044/3494/12190 3076/3489/12191 3077/3609/12192
f 3058/1931/12193 3057/1883/12194 3089/1895/12195 3090/1932/12196
f 3071/2833/12197 3070/2710/12198 3102/2711/12199 3103/2834/12200
f 3044/3494/12201 3043/3348/12202 3075/3344/12203 3076/3489/12204
f 3057/1883/12205 3056/1835/12206 3088/1850/12207 3089/1895/12208
f 3070/2710/12209 3069/2624/12210 3101/2625/12211 3102/2711/12212
f 3043/3348/12213 3042/3207/12214 3074/3206/12215 3075/3344/12216
f 3056/1835/12217 3055/1789/12218 3087/1796/12219 3088/1850/12220
f 3069/2624/12221 3068/2587/12222 3100/2596/12223 3101/2625/12224
f 3042/3207/12225 3041/3038/12226 3073/3037/12227 3074/3206/12228
f 3055/1789/12229 3054/1761/12230 3086/1767/12231 3087/1796/12232
f 3068/2587/12233 3067/2547/12234 3099/2549/12235 3100/2596/12236
f 3054/1761/12237 3053/1693/12238 3085/1703/12239 3086/1767/12240
f 3067/2547/12241 3066/2460/12242 3098/2461/12243 3099/2549/12244
f 3053/1693/12245 3052/1672/12246 3084/1680/12247 3085/1703/12248
f 3066/2460/12249 3065/2416/12250 3097/2417/12251 3098/2461/12252
f 3052/1672/12253 3051/1659/12254 3083/1670/12255 3084/1680/12256
f 3065/2416/12257 3064/2403/12258 3096/2405/12259 3097/2417/12260
f 3051/1659/12261 3050/1653/12262 3082/1668/12263 3083/1670/12264
f 3064/2403/12265 3063/2324/12266 3095/2326/12267 3096/2405/12268
f 3050/1653/12269 3049/1663/12270 3081/1675/12271 3082/1668/12272
f 3063/2324/12273 3062/2268/12274 3094/2276/12275 3095/2326/12276
f 3049/3819/12277 3048/3734/12278 3080/3730/12279 3081/3817/12280
f 3091/1965/12281 3090/1932/12282 3122/1964/12283 3123/2129/12284
f 3104/2898/12285 3103/2834/12286 3135/2842/12287 3136/2900/12288
f 3077/3609/12289 3076/3489/12290 3108/3465/12291 3109/3592/12292
f 3090/1932/12293 3089/1895/12294 3121/1941/12295 3122/1964/12296
f 3103/2834/12297 3102/2711/12298 3134/2713/12299 3135/2842/12300
f 3076/3489/12301 3075/3344/12302 3107/3329/12303 3108/3465/12304
f 3089/1895/12305 3088/1850/12306 3120/1914/12307 3121/1941/12308
f 3102/2711/12309 3101/2625/12310 3133/2634/12311 3134/2713/12312
f 3075/3344/12313 3074/3206/12314 3106/3192/12315 3107/3329/12316
f 3088/1850/12317 3087/1796/12318 3119/1873/12319 3120/1914/12320
f 3101/2625/12321 3100/2596/12322 3132/2616/12323 3133/2634/12324
f 3074/3206/12325 3073/3037/12326 3105/3034/12327 3106/3192/12328
f 3087/1796/12329 3086/1767/12330 3118/1838/12331 3119/1873/12332
f 3100/2596/12333 3099/2549/12334 3131/2555/12335 3132/2616/12336
f 3086/1767/12337 3085/1703/12338 3117/1812/12339 3118/1838/12340
f 3099/2549/12341 3098/2461/12342 3130/2465/12343 3131/2555/12344
f 3085/1703/12345 3084/1680/12346 3116/1792/12347 3117/1812/12348
f 3098/2461/12349 3097/2417/12350 3129/2452/12351 3130/2465/12352
f 3084/1680/12353 3083/1670/12354 3115/1786/12355 3116/1792/12356
f 3097/2417/12357 3096/2405/12358 3128/2409/12359 3129/2452/12360
f 3083/1670/12361 3082/1668/12362 3114/1787/12363 3115/1786/12364
f 3096/2405/12365 3095/2326/12366 3127/2361/12367 3128/2409/12368
f 3082/1668/12369 3081/1675/12370 3113/1797/12371 3114/1787/12372
f 3095/2326/12373 3094/2276/12374 3126/2315/12375 3127/2361/12376
f 3081/3817/12377 3080/3730/12378 3112/3702/12379 3113/3784/12380
f 3094/2276/12381 3093/2226/12382 3125/2249/12383 3126/2315/12384
f 3080/3730/12385 3079/3678/12386 3111/3668/12387 3112/3702/12388
f 3093/2226/12389 3092/2145/12390 3124/2218/12391 3125/2249/12392
f 3079/3678/12393 3078/3642/12394 3110/3632/12395 3111/3668/12396
f 3092/2145/12397 3091/1965/12398 3123/2129/12399 3124/2218/12400
f 3073/3037/12401 3104/2898/12402 3136/2900/12403 3105/3034/12404
f 3078/3642/12405 3077/3609/12406 3109/3592/12407 3110/3632/12408
f 3120/1914/12409 3119/1873/12410 3151/2228/12411 3152/2244/12412
f 3133/2634/12413 3132/2616/12414 3164/2631/12415 3165/2708/12416
f 3106/3192/12417 3105/3034/12418 3137/3027/12419 3138/3149/12420
f 3119/1873/12421 3118/1838/12422 3150/2215/12423 3151/2228/12424
f 3132/2616/12425 3131/2555/12426 3163/2617/12427 3164/2631/12428
f 3118/1838/12429 3117/1812/12430 3149/2190/12431 3150/2215/12432
f 3131/2555/12433 3130/2465/12434 3162/2567/12435 3163/2617/12436
f 3117/1812/12437 3116/1792/12438 3148/2170/12439 3149/2190/12440
f 3130/2465/12441 3129/2452/12442 3161/2546/12443 3162/2567/12444
f 3116/1792/12445 3115/1786/12446 3147/2158/12447 3148/2170/12448
f 3129/2452/12449 3128/2409/12450 3160/2463/12451 3161/2546/12452
f 3115/1786/12453 3114/1787/12454 3146/2155/12455 3147/2158/12456
f 3128/2409/12457 3127/2361/12458 3159/2454/12459 3160/2463/12460
f 3114/1787/12461 3113/1797/12462 3145/2166/12463 3146/2155/12464
f 3127/2361/12465 3126/2315/12466 3158/2415/12467 3159/2454/12468
f 3113/3784/12469 3112/3702/12470 3144/3638/12471 3145/3660/12472
f 3126/2315/12473 3125/2249/12474 3157/2407/12475 3158/2415/12476
f 3112/3702/12477 3111/3668/12478 3143/3621/12479 3144/3638/12480
f 3125/2249/12481 3124/2218/12482 3156/2365/12483 3157/2407/12484
f 3111/3668/12485 3110/3632/12486 3142/3573/12487 3143/3621/12488
f 3124/2218/12489 3123/2129/12490 3155/2325/12491 3156/2365/12492
f 3105/3034/12493 3136/2900/12494 3168/2914/12495 3137/3027/12496
f 3110/3632/12497 3109/3592/12498 3141/3474/12499 3142/3573/12500
f 3123/2129/12501 3122/1964/12502 3154/2308/12503 3155/2325/12504
f 3136/2900/12505 3135/2842/12506 3167/2870/12507 3168/2914/12508
f 3109/3592/12509 3108/3465/12510 3140/3376/12511 3141/3474/12512
f 3122/1964/12513 3121/1941/12514 3153/2262/12515 3154/2308/12516
f 3135/2842/12517 3134/2713/12518 3166/2741/12519 3167/2870/12520
f 3108/3465/12521 3107/3329/12522 3139/3258/12523 3140/3376/12524
f 3121/1941/12525 3120/1914/12526 3152/2244/12527 3153/2262/12528
f 3134/2713/12529 3133/2634/12530 3165/2708/12531 3166/2741/12532
f 3107/3329/12533 3106/3192/12534 3138/3149/12535 3139/3258/12536
f 3149/2190/12537 3148/2170/12538 3180/2402/12539 3181/2404/12540
f 3162/2567/12541 3161/2546/12542 3193/2618/12543 3194/2627/12544
f 3148/2170/12545 3147/2158/12546 3179/2369/12547 3180/2402/12548
f 3161/2546/12549 3160/2463/12550 3192/2615/12551 3193/2618/12552
f 3147/2158/12553 3146/2155/12554 3178/2364/12555 3179/2369/12556
f 3160/2463/12557 3159/2454/12558 3191/2562/12559 3192/2615/12560
f 3146/2155/12561 3145/2166/12562 3177/2362/12563 3178/2364/12564
f 3159/2454/12565 3158/2415/12566 3190/2551/12567 3191/2562/12568
f 3145/3660/12569 3144/3638/12570 3176/3564/12571 3177/3607/12572
f 3158/2415/12573 3157/2407/12574 3189/2503/12575 3190/2551/12576
f 3144/3638/12577 3143/3621/12578 3175/3499/12579 3176/3564/12580
f 3157/2407/12581 3156/2365/12582 3188/2462/12583 3189/2503/12584
f 3143/3621/12585 3142/3573/12586 3174/3430/12587 3175/3499/12588
f 3156/2365/12589 3155/2325/12590 3187/2458/12591 3188/2462/12592
f 3137/3027/12593 3168/2914/12594 3200/2939/12595 3169/3022/12596
f 3142/3573/12597 3141/3474/12598 3173/3358/12599 3174/3430/12600
f 3155/2325/12601 3154/2308/12602 3186/2453/12603 3187/2458/12604
f 3168/2914/12605 3167/2870/12606 3199/2882/12607 3200/2939/12608
f 3141/3474/12609 3140/3376/12610 3172/3280/12611 3173/3358/12612
f 3154/2308/12613 3153/2262/12614 3185/2418/12615 3186/2453/12616
f 3167/2870/12617 3166/2741/12618 3198/2864/12619 3199/2882/12620
f 3140/3376/12621 3139/3258/12622 3171/3208/12623 3172/3280/12624
f 3153/2262/12625 3152/2244/12626 3184/2413/12627 3185/2418/12628
f 3166/2741/12629 3165/2708/12630 3197/2744/12631 3198/2864/12632
f 3139/3258/12633 3138/3149/12634 3170/3117/12635 3171/3208/12636
f 3152/2244/12637 3151/2228/12638 3183/2408/12639 3184/2413/12640
f 3165/2708/12641 3164/2631/12642 3196/2714/12643 3197/2744/12644
f 3138/3149/12645 3137/3027/12646 3169/3022/12647 3170/3117/12648
f 3151/2228/12649 3150/2215/12650 3182/2406/12651 3183/2408/12652
f 3164/2631/12653 3163/2617/12654 3195/2702/12655 3196/2714/12656
f 3150/2215/12657 3149/2190/12658 3181/2404/12659 3182/2406/12660
f 3163/2617/12661 3162/2567/12662 3194/2627/12663 3195/2702/12664
f 3178/2364/12665 3177/2362/12666 3209/2623/12667 3210/2626/12668
f 3191/2562/12669 3190/2551/12670 3222/2737/12671 3223/2763/12672
f 3177/3607/12673 3176/3564/12674 3208/3340/12675 3209/3378/12676
f 3190/2551/12677 3189/2503/12678 3221/2724/12679 3222/2737/12680
f 3176/3564/12681 3175/3499/12682 3207/3306/12683 3208/3340/12684
f 3189/2503/12685 3188/2462/12686 3220/2715/12687 3221/2724/12688
f 3175/3499/12689 3174/3430/12690 3206/3279/12691 3207/3306/12692
f 3188/2462/12693 3187/2458/12694 3219/2712/12695 3220/2715/12696
f 3169/3022/12697 3200/2939/12698 3232/3030/12699 3201/3076/12700
f 3174/3430/12701 3173/3358/12702 3205/3237/12703 3206/3279/12704
f 3187/2458/12705 3186/2453/12706 3218/2706/12707 3219/2712/12708
f 3200/2939/12709 3199/2882/12710 3231/2989/12711 3232/3030/12712
f 3173/3358/12713 3172/3280/12714 3204/3199/12715 3205/3237/12716
f 3186/2453/12717 3185/2418/12718 3217/2703/12719 3218/2706/12720
f 3199/2882/12721 3198/2864/12722 3230/2952/12723 3231/2989/12724
f 3172/3280/12725 3171/3208/12726 3203/3157/12727 3204/3199/12728
f 3185/2418/12729 3184/2413/12730 3216/2701/12731 3217/2703/12732
f 3198/2864/12733 3197/2744/12734 3229/2922/12735 3230/2952/12736
f 3171/3208/12737 3170/3117/12738 3202/3115/12739 3203/3157/12740
f 3184/2413/12741 3183/2408/12742 3215/2700/12743 3216/2701/12744
f 3197/2744/12745 3196/2714/12746 3228/2890/12747 3229/2922/12748
f 3170/3117/12749 3169/3022/12750 3201/3076/12751 3202/3115/12752
f 3183/2408/12753 3182/2406/12754 3214/2662/12755 3215/2700/12756
f 3196/2714/12757 3195/2702/12758 3227/2879/12759 3228/2890/12760
f 3182/2406/12761 3181/2404/12762 3213/2640/12763 3214/2662/12764
f 3195/2702/12765 3194/2627/12766 3226/2872/12767 3227/2879/12768
f 3181/2404/12769 3180/2402/12770 3212/2632/12771 3213/2640/12772
f 3194/2627/12773 3193/2618/12774 3225/2865/12775 3226/2872/12776
f 3180/2402/12777 3179/2369/12778 3211/2628/12779 3212/2632/12780
f 3193/2618/12781 3192/2615/12782 3224/2837/12783 3225/2865/12784
f 3179/2369/12785 3178/2364/12786 3210/2626/12787 3211/2628/12788
f 3192/2615/12789 3191/2562/12790 3223/2763/12791 3224/2837/12792
f 3211/220/12793 3210/226/12794 3242/756/12795 3243/754/12796
f 3224/24/12797 3223/40/12798 3255/730/12799 3256/728/12800
f 3210/226/12801 3209/234/12802 3241/758/12803 3242/756/12804
f 3223/40/12805 3222/54/12806 3254/732/12807 3255/730/12808
f 3209/230/12809 3208/224/12810 3240/757/12811 3241/759/12812
f 3222/54/12813 3221/73/12814 3253/734/12815 3254/732/12816
f 3208/224/12817 3207/216/12818 3239/755/12819 3240/757/12820
f 3221/73/12821 3220/110/12822 3252/736/12823 3253/734/12824
f 3207/216/12825 3206/206/12826 3238/753/12827 3239/755/12828
f 3220/110/12829 3219/147/12830 3251/738/12831 3252/736/12832
f 3201/170/12833 3232/159/12834 3264/741/12835 3233/743/12836
f 3206/206/12837 3205/200/12838 3237/751/12839 3238/753/12840
f 3219/147/12841 3218/167/12842 3250/740/12843 3251/738/12844
f 3232/159/12845 3231/131/12846 3263/739/12847 3264/741/12848
f 3205/200/12849 3204/194/12850 3236/749/12851 3237/751/12852
f 3218/167/12853 3217/171/12854 3249/742/12855 3250/740/12856
f 3231/131/12857 3230/87/12858 3262/737/12859 3263/739/12860
f 3204/194/12861 3203/185/12862 3235/747/12863 3236/749/12864
f 3217/171/12865 3216/177/12866 3248/744/12867 3249/742/12868
f 3230/87/12869 3229/60/12870 3261/735/12871 3262/737/12872
f 3203/185/12873 3202/175/12874 3234/745/12875 3235/747/12876
f 3216/177/12877 3215/189/12878 3247/746/12879 3248/744/12880
f 3229/60/12881 3228/47/12882 3260/733/12883 3261/735/12884
f 3202/175/12885 3201/170/12886 3233/743/12887 3234/745/12888
f 3215/189/12889 3214/197/12890 3246/748/12891 3247/746/12892
f 3228/47/12893 3227/33/12894 3259/731/12895 3260/733/12896
f 3214/197/12897 3213/203/12898 3245/750/12899 3246/748/12900
f 3227/33/12901 3226/16/12902 3258/729/12903 3259/731/12904
f 3213/203/12905 3212/208/12906 3244/752/12907 3245/750/12908
f 3226/16/12909 3225/3/12910 3257/727/12911 3258/729/12912
f 3212/208/12913 3211/220/12914 3243/754/12915 3244/752/12916
f 3225/3/12917 3224/24/12918 3256/728/12919 3257/727/12920
f 3241/759/12921 3240/757/12922 3272/1285/12923 3273/1286/12924
f 3254/732/12925 3253/734/12926 3285/1262/12927 3286/1260/12928
f 3240/757/12929 3239/755/12930 3271/1283/12931 3272/1285/12932
f 3253/734/12933 3252/736/12934 3284/1264/12935 3285/1262/12936
f 3239/755/12937 3238/753/12938 3270/1281/12939 3271/1283/12940
f 3252/736/12941 3251/738/12942 3283/1266/12943 3284/1264/12944
f 3233/743/12945 3264/741/12946 3296/1269/12947 3265/1271/12948
f 3238/753/12949 3237/751/12950 3269/1279/12951 3270/1281/12952
f 3251/738/12953 3250/740/12954 3282/1268/12955 3283/1266/12956
f 3264/741/12957 3263/739/12958 3295/1267/12959 3296/1269/12960
f 3237/751/12961 3236/749/12962 3268/1277/12963 3269/1279/12964
f 3250/740/12965 3249/742/12966 3281/1270/12967 3282/1268/12968
f 3263/739/12969 3262/737/12970 3294/1265/12971 3295/1267/12972
f 3236/749/12973 3235/747/12974 3267/1275/12975 3268/1277/12976
f 3249/742/12977 3248/744/12978 3280/1272/12979 3281/1270/12980
f 3262/737/12981 3261/735/12982 3293/1263/12983 3294/1265/12984
f 3235/747/12985 3234/745/12986 3266/1273/12987 3267/1275/12988
f 3248/744/12989 3247/746/12990 3279/1274/12991 3280/1272/12992
f 3261/735/12993 3260/733/12994 3292/1261/12995 3293/1263/12996
f 3234/745/12997 3233/743/12998 3265/1271/12999 3266/1273/13000
f 3247/746/13001 3246/748/13002 3278/1276/13003 3279/1274/13004
f 3260/733/13005 3259/731/13006 3291/1258/13007 3292/1261/13008
f 3246/748/13009 3245/750/13010 3277/1278/13011 3278/1276/13012
f 3259/731/13013 3258/729/13014 3290/1257/13015 3291/1258/13016
f 3245/750/13017 3244/752/13018 3276/1280/13019 3277/1278/13020
f 3258/729/13021 3257/727/13022 3289/1255/13023 3290/1257/13024
f 3244/752/13025 3243/754/13026 3275/1282/13027 3276/1280/13028
f 3257/727/13029 3256/728/13030 3288/1256/13031 3289/1255/13032
f 3243/754/13033 3242/756/13034 3274/1284/13035 3275/1282/13036
f 3256/728/13037 3255/730/13038 3287/1259/13039 3288/1256/13040
f 3242/756/13041 3241/758/13042 3273/1287/13043 3274/1284/13044
f 3255/730/13045 3254/732/13046 3286/1260/13047 3287/1259/13048
f 768/4296/13049 577/4285/13050 3328/4440/13051 3299/4446/13052
f 767/4203/13053 578/4221/13054 3327/4356/13055 3298/4339/13056
f 734/3883/13057 611/3908/13058 3326/3956/13059 3297/3915/13060
f 577/4285/13061 612/4282/13062 3325/4433/13063 3328/4440/13064
f 578/4221/13065 613/4236/13066 3324/4374/13067 3327/4356/13068
f 611/3908/13069 614/3939/13070 3323/4010/13071 3326/3956/13072
f 612/4282/13073 615/4273/13074 3322/4416/13075 3325/4433/13076
f 613/4236/13077 616/4248/13078 3321/4392/13079 3324/4374/13080
f 615/4273/13081 617/4258/13082 3320/4401/13083 3322/4416/13084
f 614/3939/13085 650/3965/13086 3319/4123/13087 3323/4010/13088
f 616/4248/13089 651/4264/13090 3318/4407/13091 3321/4392/13092
f 617/4258/13093 652/4244/13094 3317/4383/13095 3320/4401/13096
f 650/3965/13097 653/3990/13098 3316/4157/13099 3319/4123/13100
f 651/4264/13101 654/4274/13102 3315/4419/13103 3318/4407/13104
f 653/3990/13105 655/4059/13106 3314/4191/13107 3316/4157/13108
f 652/4244/13109 656/4228/13110 3313/4362/13111 3317/4383/13112
f 654/4274/13113 689/4283/13114 3312/4431/13115 3315/4419/13116
f 655/4059/13117 690/4129/13118 3311/4226/13119 3314/4191/13120
f 656/4228/13121 691/4208/13122 3310/4335/13123 3313/4362/13124
f 689/4283/13125 692/4286/13126 3309/4438/13127 3312/4431/13128
f 691/4208/13129 693/4189/13130 3308/4306/13131 3310/4335/13132
f 690/4129/13133 694/4146/13134 3307/4253/13135 3311/4226/13136
f 692/4286/13137 695/4295/13138 3306/4445/13139 3309/4438/13140
f 693/4189/13141 728/4170/13142 3305/4263/13143 3308/4306/13144
f 695/4295/13145 729/4297/13146 3304/4448/13147 3306/4445/13148
f 694/4146/13149 730/4168/13150 3303/4284/13151 3307/4253/13152
f 728/4170/13153 731/4141/13154 3302/4216/13155 3305/4263/13156
f 729/4297/13157 732/4298/13158 3301/4449/13159 3304/4448/13160
f 730/4168/13161 733/4185/13162 3300/4315/13163 3303/4284/13164
f 731/3857/13165 734/3883/13166 3297/3915/13167 3302/3869/13168
f 732/4298/13169 768/4296/13170 3299/4446/13171 3301/4449/13172
f 733/4185/13173 767/4203/13174 3298/4339/13175 3300/4315/13176
f 962/3221/13177 929/3048/13178 3338/3046/13179 3360/3216/13180
f 1083/2527/13181 1082/2455/13182 3333/2456/13183 3359/2539/13184
f 1043/1930/13185 1042/1869/13186 3331/1887/13187 3358/1938/13188
f 1003/1598/13189 1002/1595/13190 3329/1606/13191 3357/1610/13192
f 963/3369/13193 962/3221/13194 3360/3216/13195 3356/3364/13196
f 1084/2569/13197 1083/2527/13198 3359/2539/13199 3349/2572/13200
f 1044/1962/13201 1043/1930/13202 3358/1938/13203 3355/1974/13204
f 1004/1603/13205 1003/1598/13206 3357/1610/13207 3354/1615/13208
f 964/3521/13209 963/3369/13210 3356/3364/13211 3353/3516/13212
f 1045/2159/13213 1044/1962/13214 3355/1974/13215 3347/2182/13216
f 1005/1612/13217 1004/1603/13218 3354/1615/13219 3352/1626/13220
f 965/3622/13221 964/3521/13222 3353/3516/13223 3351/3619/13224
f 1006/1628/13225 1005/1612/13226 3352/1626/13227 3344/1648/13228
f 966/3657/13229 965/3622/13230 3351/3619/13231 3350/3655/13232
f 967/3696/13233 966/3657/13234 3350/3655/13235 3340/3693/13236
f 1085/2619/13237 1084/2569/13238 3349/2572/13239 3348/2620/13240
f 1118/2704/13241 1085/2619/13242 3348/2620/13243 3346/2705/13244
f 1046/2236/13245 1045/2159/13246 3347/2182/13247 3345/2242/13248
f 1119/2823/13249 1118/2704/13250 3346/2705/13251 3343/2825/13252
f 1079/2304/13253 1046/2236/13254 3345/2242/13255 3342/2313/13256
f 1007/1665/13257 1006/1628/13258 3344/1648/13259 3341/1694/13260
f 1120/2888/13261 1119/2823/13262 3343/2825/13263 3339/2892/13264
f 1080/2360/13265 1079/2304/13266 3342/2313/13267 3337/2363/13268
f 1040/1758/13269 1007/1665/13270 3341/1694/13271 3336/1772/13272
f 968/3782/13273 967/3696/13274 3340/3693/13275 3335/3771/13276
f 929/3048/13277 1120/2888/13278 3339/2892/13279 3338/3046/13280
f 1081/2410/13281 1080/2360/13282 3337/2363/13283 3334/2411/13284
f 1041/1801/13285 1040/1758/13286 3336/1772/13287 3332/1827/13288
f 1001/3858/13289 968/3782/13290 3335/3771/13291 3330/3846/13292
f 1082/2455/13293 1081/2410/13294 3334/2411/13295 3333/2456/13296
f 1042/1869/13297 1041/1801/13298 3332/1827/13299 3331/1887/13300
f 1002/1595/13301 1001/1596/13302 3330/1608/13303 3329/1606/13304
f 3680/3456/13305 3361/3448/13306 3362/3470/13307 3649/3477/13308
f 3649/3477/13309 3362/3470/13310 3363/3493/13311 3650/3500/13312
f 3650/3500/13313 3363/3493/13314 3364/3518/13315 3651/3523/13316
f 3651/3523/13317 3364/3518/13318 3365/3539/13319 3652/3544/13320
f 3652/3544/13321 3365/3539/13322 3366/3558/13323 3653/3562/13324
f 3653/3562/13325 3366/3558/13326 3367/3572/13327 3654/3577/13328
f 3654/3577/13329 3367/3572/13330 3368/3588/13331 3655/3589/13332
f 3655/3589/13333 3368/3588/13334 3369/3598/13335 3656/3601/13336
f 3656/2896/13337 3369/2902/13338 3370/2911/13339 3657/2908/13340
f 3657/2908/13341 3370/2911/13342 3371/2928/13343 3658/2925/13344
f 3658/2925/13345 3371/2928/13346 3372/2945/13347 3659/2940/13348
f 3659/2940/13349 3372/2945/13350 3373/2967/13351 3660/2963/13352
f 3660/2963/13353 3373/2967/13354 3374/2988/13355 3661/2984/13356
f 3661/2984/13357 3374/2988/13358 3375/3009/13359 3662/3006/13360
f 3662/3006/13361 3375/3009/13362 3376/3040/13363 3663/3029/13364
f 3663/3029/13365 3376/3040/13366 3377/3068/13367 3664/3061/13368
f 3664/3061/13369 3377/3068/13370 3378/3090/13371 3665/3085/13372
f 3665/3085/13373 3378/3090/13374 3379/3114/13375 3666/3110/13376
f 3666/3110/13377 3379/3114/13378 3380/3140/13379 3667/3138/13380
f 3667/3138/13381 3380/3140/13382 3381/3165/13383 3668/3162/13384
f 3668/3162/13385 3381/3165/13386 3382/3193/13387 3669/3189/13388
f 3669/3189/13389 3382/3193/13390 3383/3225/13391 3670/3224/13392
f 3670/3224/13393 3383/3225/13394 3384/3246/13395 3671/3245/13396
f 3671/3245/13397 3384/3246/13398 3385/3270/13399 3672/3271/13400
f 3672/3271/13401 3385/3270/13402 3386/3292/13403 3673/3293/13404
f 3673/3293/13405 3386/3292/13406 3387/3313/13407 3674/3314/13408
f 3674/3314/13409 3387/3313/13410 3388/3337/13411 3675/3339/13412
f 3675/3339/13413 3388/3337/13414 3389/3363/13415 3676/3366/13416
f 3676/3366/13417 3389/3363/13418 3390/3385/13419 3677/3389/13420
f 3677/3389/13421 3390/3385/13422 3391/3407/13423 3678/3410/13424
f 3678/3410/13425 3391/3407/13426 3392/3427/13427 3679/3435/13428
f 3679/3435/13429 3392/3427/13430 3361/3448/13431 3680/3456/13432
f 3457/2285/13433 3460/2254/13434 3403/2250/13435 3402/2279/13436
f 3461/1956/13437 3464/1946/13438 3412/1945/13439 3411/1955/13440
f 3465/1764/13441 3468/1695/13442 3421/1697/13443 3420/1765/13444
f 3469/1488/13445 3472/1475/13446 3399/1479/13447 3398/1490/13448
f 3473/2189/13449 3476/2149/13450 3408/2146/13451 3407/2187/13452
f 3477/1864/13453 3480/1847/13454 3417/1848/13455 3416/1863/13456
f 3481/1587/13457 3484/1562/13458 3395/1564/13459 3394/1590/13460
f 3460/2254/13461 3486/2243/13462 3404/2239/13463 3403/2250/13464
f 3464/1946/13465 3488/1934/13466 3413/1933/13467 3412/1945/13468
f 3468/1695/13469 3490/1658/13470 3422/1661/13471 3421/1697/13472
f 3472/1475/13473 3492/1421/13474 3400/1426/13475 3399/1479/13476
f 3476/2149/13477 3494/2111/13478 3409/2106/13479 3408/2146/13480
f 3480/1847/13481 3496/1814/13482 3418/1815/13483 3417/1848/13484
f 3484/1562/13485 3498/1538/13486 3396/1540/13487 3395/1564/13488
f 3486/2243/13489 3500/2232/13490 3405/2231/13491 3404/2239/13492
f 3488/1934/13493 3502/1922/13494 3414/1921/13495 3413/1933/13496
f 3490/1658/13497 3504/1633/13498 3423/1634/13499 3422/1661/13500
f 3492/1421/13501 3506/1388/13502 3401/1397/13503 3400/1426/13504
f 3494/2111/13505 3508/1981/13506 3410/1976/13507 3409/2106/13508
f 3496/1814/13509 3510/1784/13510 3419/1785/13511 3418/1815/13512
f 3498/1538/13513 3512/1496/13514 3397/1498/13515 3396/1540/13516
f 3500/2232/13517 3514/2219/13518 3406/2217/13519 3405/2231/13520
f 3502/1922/13521 3516/1898/13522 3415/1897/13523 3414/1921/13524
f 3504/1633/13525 3518/1616/13526 3424/1617/13527 3423/1634/13528
f 3506/2307/13529 3457/2285/13530 3402/2279/13531 3401/2302/13532
f 3508/1981/13533 3461/1956/13534 3411/1955/13535 3410/1976/13536
f 3510/1784/13537 3465/1764/13538 3420/1765/13539 3419/1785/13540
f 3512/1496/13541 3469/1488/13542 3398/1490/13543 3397/1498/13544
f 3514/2219/13545 3473/2189/13546 3407/2187/13547 3406/2217/13548
f 3516/1898/13549 3477/1864/13550 3416/1863/13551 3415/1897/13552
f 3519/1601/13553 3481/1587/13554 3394/1590/13555 3393/1602/13556
f 3518/1616/13557 3519/1601/13558 3393/1602/13559 3424/1617/13560
f 3582/1729/13561 3553/1699/13562 3429/1650/13563 3428/1651/13564
f 3583/1782/13565 3554/1773/13566 3456/1671/13567 3455/1674/13568
f 3584/1833/13569 3555/1834/13570 3443/1706/13571 3442/1707/13572
f 3553/1699/13573 3556/1682/13574 3430/1645/13575 3429/1650/13576
f 3554/1773/13577 3557/1770/13578 3425/1667/13579 3456/1671/13580
f 3555/1834/13581 3558/1832/13582 3444/1704/13583 3443/1706/13584
f 3556/1682/13585 3559/1673/13586 3431/1640/13587 3430/1645/13588
f 3558/1832/13589 3560/1830/13590 3445/1702/13591 3444/1704/13592
f 3559/1673/13593 3561/1655/13594 3432/1638/13595 3431/1640/13596
f 3560/1830/13597 3562/1826/13598 3446/1701/13599 3445/1702/13600
f 3561/1655/13601 3563/1641/13602 3433/1636/13603 3432/1638/13604
f 3562/1826/13605 3564/1824/13606 3447/1700/13607 3446/1701/13608
f 3563/1791/13609 3565/1798/13610 3434/1710/13611 3433/1708/13612
f 3564/1824/13613 3566/1821/13614 3448/1698/13615 3447/1700/13616
f 3565/1798/13617 3567/1802/13618 3435/1712/13619 3434/1710/13620
f 3566/1821/13621 3568/1818/13622 3449/1696/13623 3448/1698/13624
f 3567/1802/13625 3569/1817/13626 3436/1732/13627 3435/1712/13628
f 3568/1818/13629 3570/1816/13630 3450/1688/13631 3449/1696/13632
f 3569/1817/13633 3571/1820/13634 3437/1749/13635 3436/1732/13636
f 3570/1816/13637 3572/1805/13638 3451/1686/13639 3450/1688/13640
f 3571/1820/13641 3573/1823/13642 3438/1750/13643 3437/1749/13644
f 3572/1805/13645 3574/1799/13646 3452/1684/13647 3451/1686/13648
f 3573/1823/13649 3575/1825/13650 3439/1722/13651 3438/1750/13652
f 3557/1770/13653 3576/1766/13654 3426/1662/13655 3425/1667/13656
f 3574/1799/13657 3577/1795/13658 3453/1679/13659 3452/1684/13660
f 3575/1825/13661 3578/1829/13662 3440/1711/13663 3439/1722/13664
f 3576/1766/13665 3579/1757/13666 3427/1656/13667 3426/1662/13668
f 3577/1795/13669 3580/1790/13670 3454/1676/13671 3453/1679/13672
f 3578/1829/13673 3581/1831/13674 3441/1709/13675 3440/1711/13676
f 3579/1757/13677 3582/1729/13678 3428/1651/13679 3427/1656/13680
f 3580/1790/13681 3583/1782/13682 3455/1674/13683 3454/1676/13684
f 3581/1831/13685 3584/1833/13686 3442/1707/13687 3441/1709/13688
f 63/1613/13689 1/1599/13690 3520/1600/13691 3517/1614/13692
f 3517/1614/13693 3520/1600/13694 3519/1601/13695 3518/1616/13696
f 1/1599/13697 3/1583/13698 3482/1585/13699 3520/1600/13700
f 3520/1600/13701 3482/1585/13702 3481/1587/13703 3519/1601/13704
f 45/1900/13705 47/1866/13706 3478/1865/13707 3515/1899/13708
f 3515/1899/13709 3478/1865/13710 3477/1864/13711 3516/1898/13712
f 27/2222/13713 29/2195/13714 3474/2193/13715 3513/2221/13716
f 3513/2221/13717 3474/2193/13718 3473/2189/13719 3514/2219/13720
f 9/1494/13721 11/1485/13722 3470/1486/13723 3511/1495/13724
f 3511/1495/13725 3470/1486/13726 3469/1488/13727 3512/1496/13728
f 53/1781/13729 55/1762/13730 3466/1763/13731 3509/1783/13732
f 3509/1783/13733 3466/1763/13734 3465/1764/13735 3510/1784/13736
f 35/2001/13737 37/1960/13738 3462/1957/13739 3507/1989/13740
f 3507/1989/13741 3462/1957/13742 3461/1956/13743 3508/1981/13744
f 17/2316/13745 19/2295/13746 3458/2292/13747 3505/2314/13748
f 3505/2314/13749 3458/2292/13750 3457/2285/13751 3506/2307/13752
f 61/1630/13753 63/1613/13754 3517/1614/13755 3503/1631/13756
f 3503/1631/13757 3517/1614/13758 3518/1616/13759 3504/1633/13760
f 43/1924/13761 45/1900/13762 3515/1899/13763 3501/1923/13764
f 3501/1923/13765 3515/1899/13766 3516/1898/13767 3502/1922/13768
f 25/2234/13769 27/2222/13770 3513/2221/13771 3499/2233/13772
f 3499/2233/13773 3513/2221/13774 3514/2219/13775 3500/2232/13776
f 7/1536/13777 9/1494/13778 3511/1495/13779 3497/1537/13780
f 3497/1537/13781 3511/1495/13782 3512/1496/13783 3498/1538/13784
f 51/1811/13785 53/1781/13786 3509/1783/13787 3495/1813/13788
f 3495/1813/13789 3509/1783/13790 3510/1784/13791 3496/1814/13792
f 33/2115/13793 35/2001/13794 3507/1989/13795 3493/2112/13796
f 3493/2112/13797 3507/1989/13798 3508/1981/13799 3494/2111/13800
f 15/1407/13801 17/1371/13802 3505/1379/13803 3491/1412/13804
f 3491/1412/13805 3505/1379/13806 3506/1388/13807 3492/1421/13808
f 59/1654/13809 61/1630/13810 3503/1631/13811 3489/1657/13812
f 3489/1657/13813 3503/1631/13814 3504/1633/13815 3490/1658/13816
f 41/1936/13817 43/1924/13818 3501/1923/13819 3487/1935/13820
f 3487/1935/13821 3501/1923/13822 3502/1922/13823 3488/1934/13824
f 23/2246/13825 25/2234/13826 3499/2233/13827 3485/2245/13828
f 3485/2245/13829 3499/2233/13830 3500/2232/13831 3486/2243/13832
f 5/1558/13833 7/1536/13834 3497/1537/13835 3483/1560/13836
f 3483/1560/13837 3497/1537/13838 3498/1538/13839 3484/1562/13840
f 49/1845/13841 51/1811/13842 3495/1813/13843 3479/1846/13844
f 3479/1846/13845 3495/1813/13846 3496/1814/13847 3480/1847/13848
f 31/2154/13849 33/2115/13850 3493/2112/13851 3475/2151/13852
f 3475/2151/13853 3493/2112/13854 3494/2111/13855 3476/2149/13856
f 13/1469/13857 15/1407/13858 3491/1412/13859 3471/1471/13860
f 3471/1471/13861 3491/1412/13862 3492/1421/13863 3472/1475/13864
f 57/1689/13865 59/1654/13866 3489/1657/13867 3467/1691/13868
f 3467/1691/13869 3489/1657/13870 3490/1658/13871 3468/1695/13872
f 39/1948/13873 41/1936/13874 3487/1935/13875 3463/1947/13876
f 3463/1947/13877 3487/1935/13878 3488/1934/13879 3464/1946/13880
f 21/2258/13881 23/2246/13882 3485/2245/13883 3459/2257/13884
f 3459/2257/13885 3485/2245/13886 3486/2243/13887 3460/2254/13888
f 3/1583/13889 5/1558/13890 3483/1560/13891 3482/1585/13892
f 3482/1585/13893 3483/1560/13894 3484/1562/13895 3481/1587/13896
f 47/1866/13897 49/1845/13898 3479/1846/13899 3478/1865/13900
f 3478/1865/13901 3479/1846/13902 3480/1847/13903 3477/1864/13904
f 29/2195/13905 31/2154/13906 3475/2151/13907 3474/2193/13908
f 3474/2193/13909 3475/2151/13910 3476/2149/13911 3473/2189/13912
f 11/1485/13913 13/1469/13914 3471/1471/13915 3470/1486/13916
f 3470/1486/13917 3471/1471/13918 3472/1475/13919 3469/1488/13920
f 55/1762/13921 57/1689/13922 3467/1691/13923 3466/1763/13924
f 3466/1763/13925 3467/1691/13926 3468/1695/13927 3465/1764/13928
f 37/1960/13929 39/1948/13930 3463/1947/13931 3462/1957/13932
f 3462/1957/13933 3463/1947/13934 3464/1946/13935 3461/1956/13936
f 19/2295/13937 21/2258/13938 3459/2257/13939 3458/2292/13940
f 3458/2292/13941 3459/2257/13942 3460/2254/13943 3457/2285/13944
f 3409/1917/13945 3410/1919/13946 3525/1894/13947 3552/1892/13948
f 3422/1856/13949 3423/1851/13950 3523/1828/13951 3551/1839/13952
f 3395/1794/13953 3396/1778/13954 3521/1771/13955 3550/1779/13956
f 3408/1915/13957 3409/1917/13958 3552/1892/13959 3549/1889/13960
f 3421/1860/13961 3422/1856/13962 3551/1839/13963 3548/1852/13964
f 3394/1809/13965 3395/1794/13966 3550/1779/13967 3547/1793/13968
f 3407/1912/13969 3408/1915/13970 3549/1889/13971 3546/1884/13972
f 3420/1875/13973 3421/1860/13974 3548/1852/13975 3545/1854/13976
f 3393/1822/13977 3394/1809/13978 3547/1793/13979 3528/1800/13980
f 3406/1910/13981 3407/1912/13982 3546/1884/13983 3544/1881/13984
f 3419/1880/13985 3420/1875/13986 3545/1854/13987 3543/1859/13988
f 3405/1902/13989 3406/1910/13990 3544/1881/13991 3542/1877/13992
f 3418/1886/13993 3419/1880/13994 3543/1859/13995 3541/1862/13996
f 3404/1891/13997 3405/1902/13998 3542/1877/13999 3540/1861/14000
f 3417/1896/14001 3418/1886/14002 3541/1862/14003 3539/1876/14004
f 3403/1879/14005 3404/1891/14006 3540/1861/14007 3538/1857/14008
f 3416/1903/14009 3417/1896/14010 3539/1876/14011 3537/1878/14012
f 3402/1867/14013 3403/1879/14014 3538/1857/14015 3536/1853/14016
f 3415/1909/14017 3416/1903/14018 3537/1878/14019 3535/1882/14020
f 3401/1855/14021 3402/1867/14022 3536/1853/14023 3534/1837/14024
f 3414/1911/14025 3415/1909/14026 3535/1882/14027 3533/1885/14028
f 3400/1669/14029 3401/1642/14030 3534/1643/14031 3532/1664/14032
f 3413/1913/14033 3414/1911/14034 3533/1885/14035 3531/1888/14036
f 3399/1690/14037 3400/1669/14038 3532/1664/14039 3530/1685/14040
f 3412/1916/14041 3413/1913/14042 3531/1888/14043 3529/1890/14044
f 3398/1752/14045 3399/1690/14046 3530/1685/14047 3527/1705/14048
f 3411/1918/14049 3412/1916/14050 3529/1890/14051 3526/1893/14052
f 3424/1836/14053 3393/1822/14054 3528/1800/14055 3524/1819/14056
f 3397/1768/14057 3398/1752/14058 3527/1705/14059 3522/1760/14060
f 3410/1919/14061 3411/1918/14062 3526/1893/14063 3525/1894/14064
f 3423/1851/14065 3424/1836/14066 3524/1819/14067 3523/1828/14068
f 3396/1778/14069 3397/1768/14070 3522/1760/14071 3521/1771/14072
f 3552/1892/14073 3525/1894/14074 3584/1833/14075 3581/1831/14076
f 3551/1839/14077 3523/1828/14078 3583/1782/14079 3580/1790/14080
f 3550/1779/14081 3521/1771/14082 3582/1729/14083 3579/1757/14084
f 3549/1889/14085 3552/1892/14086 3581/1831/14087 3578/1829/14088
f 3548/1852/14089 3551/1839/14090 3580/1790/14091 3577/1795/14092
f 3547/1793/14093 3550/1779/14094 3579/1757/14095 3576/1766/14096
f 3546/1884/14097 3549/1889/14098 3578/1829/14099 3575/1825/14100
f 3545/1854/14101 3548/1852/14102 3577/1795/14103 3574/1799/14104
f 3528/1800/14105 3547/1793/14106 3576/1766/14107 3557/1770/14108
f 3544/1881/14109 3546/1884/14110 3575/1825/14111 3573/1823/14112
f 3543/1859/14113 3545/1854/14114 3574/1799/14115 3572/1805/14116
f 3542/1877/14117 3544/1881/14118 3573/1823/14119 3571/1820/14120
f 3541/1862/14121 3543/1859/14122 3572/1805/14123 3570/1816/14124
f 3540/1861/14125 3542/1877/14126 3571/1820/14127 3569/1817/14128
f 3539/1876/14129 3541/1862/14130 3570/1816/14131 3568/1818/14132
f 3538/1857/14133 3540/1861/14134 3569/1817/14135 3567/1802/14136
f 3537/1878/14137 3539/1876/14138 3568/1818/14139 3566/1821/14140
f 3536/1853/14141 3538/1857/14142 3567/1802/14143 3565/1798/14144
f 3535/1882/14145 3537/1878/14146 3566/1821/14147 3564/1824/14148
f 3534/1837/14149 3536/1853/14150 3565/1798/14151 3563/1791/14152
f 3533/1885/14153 3535/1882/14154 3564/1824/14155 3562/1826/14156
f 3532/1664/14157 3534/1643/14158 3563/1641/14159 3561/1655/14160
f 3531/1888/14161 3533/1885/14162 3562/1826/14163 3560/1830/14164
f 3530/1685/14165 3532/1664/14166 3561/1655/14167 3559/1673/14168
f 3529/1890/14169 3531/1888/14170 3560/1830/14171 3558/1832/14172
f 3527/1705/14173 3530/1685/14174 3559/1673/14175 3556/1682/14176
f 3526/1893/14177 3529/1890/14178 3558/1832/14179 3555/1834/14180
f 3524/1819/14181 3528/1800/14182 3557/1770/14183 3554/1773/14184
f 3522/1760/14185 3527/1705/14186 3556/1682/14187 3553/1699/14188
f 3525/1894/14189 3526/1893/14190 3555/1834/14191 3584/1833/14192
f 3523/1828/14193 3524/1819/14194 3554/1773/14195 3583/1782/14196
f 3521/1771/14197 3522/1760/14198 3553/1699/14199 3582/1729/14200
f 63/1613/14201 3615/1611/14202 3616/1597/14203 1/1599/14204
f 61/1630/14205 3614/1627/14206 3615/1611/14207 63/1613/14208
f 59/1654/14209 3613/1652/14210 3614/1627/14211 61/1630/14212
f 57/1689/14213 3612/1687/14214 3613/1652/14215 59/1654/14216
f 55/1762/14217 3611/1759/14218 3612/1687/14219 57/1689/14220
f 53/1781/14221 3610/1780/14222 3611/1759/14223 55/1762/14224
f 51/1811/14225 3609/1810/14226 3610/1780/14227 53/1781/14228
f 49/1845/14229 3608/1844/14230 3609/1810/14231 51/1811/14232
f 47/1866/14233 3607/1868/14234 3608/1844/14235 49/1845/14236
f 45/1900/14237 3606/1901/14238 3607/1868/14239 47/1866/14240
f 43/1924/14241 3605/1925/14242 3606/1901/14243 45/1900/14244
f 41/1936/14245 3604/1937/14246 3605/1925/14247 43/1924/14248
f 39/1948/14249 3603/1949/14250 3604/1937/14251 41/1936/14252
f 37/1960/14253 3602/1961/14254 3603/1949/14255 39/1948/14256
f 35/2001/14257 3601/2021/14258 3602/1961/14259 37/1960/14260
f 33/2115/14261 3600/2120/14262 3601/2021/14263 35/2001/14264
f 31/2154/14265 3599/2161/14266 3600/2120/14267 33/2115/14268
f 29/2195/14269 3598/2203/14270 3599/2161/14271 31/2154/14272
f 27/2222/14273 3597/2223/14274 3598/2203/14275 29/2195/14276
f 25/2234/14277 3596/2235/14278 3597/2223/14279 27/2222/14280
f 23/2246/14281 3595/2248/14282 3596/2235/14283 25/2234/14284
f 21/2258/14285 3594/2273/14286 3595/2248/14287 23/2246/14288
f 19/2295/14289 3593/2305/14290 3594/2273/14291 21/2258/14292
f 17/2316/14293 3592/2318/14294 3593/2305/14295 19/2295/14296
f 15/1407/14297 3591/1395/14298 3592/1365/14299 17/1371/14300
f 13/1469/14301 3590/1465/14302 3591/1395/14303 15/1407/14304
f 11/1485/14305 3589/1483/14306 3590/1465/14307 13/1469/14308
f 9/1494/14309 3588/1493/14310 3589/1483/14311 11/1485/14312
f 7/1536/14313 3587/1517/14314 3588/1493/14315 9/1494/14316
f 5/1558/14317 3586/1553/14318 3587/1517/14319 7/1536/14320
f 3/1583/14321 3585/1579/14322 3586/1553/14323 5/1558/14324
f 1/1599/14325 3616/1597/14326 3585/1579/14327 3/1583/14328
f 1743/1609/14329 1647/1607/14330 1648/1593/14331 1744/1594/14332
f 1807/1591/14333 1808/1592/14334 1805/1605/14335 1806/1604/14336
f 1842/3505/14337 3617/3482/14338 3618/3509/14339 1845/3531/14340
f 1961/3426/14341 3648/3417/14342 3621/3439/14343 1965/3452/14344
f 1957/3402/14345 3647/3395/14346 3648/3417/14347 1961/3426/14348
f 1953/3380/14349 3646/3368/14350 3647/3395/14351 1957/3402/14352
f 1949/3345/14353 3645/3343/14354 3646/3368/14355 1953/3380/14356
f 1945/3321/14357 3644/3316/14358 3645/3343/14359 1949/3345/14360
f 1941/3296/14361 3643/3295/14362 3644/3316/14363 1945/3321/14364
f 1937/3274/14365 3642/3273/14366 3643/3295/14367 1941/3296/14368
f 1933/3242/14369 3641/3243/14370 3642/3273/14371 1937/3274/14372
f 1929/3218/14373 3640/3222/14374 3641/3243/14375 1933/3242/14376
f 1925/3182/14377 3639/3186/14378 3640/3222/14379 1929/3218/14380
f 1921/3150/14381 3638/3159/14382 3639/3186/14383 1925/3182/14384
f 1917/3122/14385 3637/3132/14386 3638/3159/14387 1921/3150/14388
f 1913/3093/14389 3636/3103/14390 3637/3132/14391 1917/3122/14392
f 1909/3065/14393 3635/3080/14394 3636/3103/14395 1913/3093/14396
f 1905/3032/14397 3634/3055/14398 3635/3080/14399 1909/3065/14400
f 1901/3004/14401 3633/3021/14402 3634/3055/14403 1905/3032/14404
f 1897/2976/14405 3632/2999/14406 3633/3021/14407 1901/3004/14408
f 1893/2948/14409 3631/2973/14410 3632/2999/14411 1897/2976/14412
f 1889/2926/14413 3630/2950/14414 3631/2973/14415 1893/2948/14416
f 1885/2910/14417 3629/2932/14418 3630/2950/14419 1889/2926/14420
f 1881/2889/14421 3628/2912/14422 3629/2932/14423 1885/2910/14424
f 1877/2883/14425 3627/2901/14426 3628/2912/14427 1881/2889/14428
f 1873/2877/14429 3626/2886/14430 3627/2901/14431 1877/2883/14432
f 1869/3612/14433 3625/3599/14434 3626/3605/14435 1873/3618/14436
f 1865/3603/14437 3624/3586/14438 3625/3599/14439 1869/3612/14440
f 1861/3590/14441 3623/3570/14442 3624/3586/14443 1865/3603/14444
f 1857/3576/14445 3622/3553/14446 3623/3570/14447 1861/3590/14448
f 1853/3556/14449 3620/3534/14450 3622/3553/14451 1857/3576/14452
f 1845/3531/14453 3618/3509/14454 3620/3534/14455 1853/3556/14456
f 1850/3478/14457 3619/3460/14458 3617/3482/14459 1842/3505/14460
f 1965/3452/14461 3621/3439/14462 3619/3460/14463 1850/3478/14464
f 1680/3436/14465 3679/3435/14466 3680/3456/14467 1649/3457/14468
f 1679/3415/14469 3678/3410/14470 3679/3435/14471 1680/3436/14472
f 1678/3391/14473 3677/3389/14474 3678/3410/14475 1679/3415/14476
f 1677/3367/14477 3676/3366/14478 3677/3389/14479 1678/3391/14480
f 1676/3341/14481 3675/3339/14482 3676/3366/14483 1677/3367/14484
f 1675/3315/14485 3674/3314/14486 3675/3339/14487 1676/3341/14488
f 1674/3294/14489 3673/3293/14490 3674/3314/14491 1675/3315/14492
f 1673/3272/14493 3672/3271/14494 3673/3293/14495 1674/3294/14496
f 1672/3244/14497 3671/3245/14498 3672/3271/14499 1673/3272/14500
f 1671/3223/14501 3670/3224/14502 3671/3245/14503 1672/3244/14504
f 1670/3187/14505 3669/3189/14506 3670/3224/14507 1671/3223/14508
f 1669/3160/14509 3668/3162/14510 3669/3189/14511 1670/3187/14512
f 1668/3134/14513 3667/3138/14514 3668/3162/14515 1669/3160/14516
f 1667/3106/14517 3666/3110/14518 3667/3138/14519 1668/3134/14520
f 1666/3082/14521 3665/3085/14522 3666/3110/14523 1667/3106/14524
f 1665/3058/14525 3664/3061/14526 3665/3085/14527 1666/3082/14528
f 1664/3026/14529 3663/3029/14530 3664/3061/14531 1665/3058/14532
f 1663/3002/14533 3662/3006/14534 3663/3029/14535 1664/3026/14536
f 1662/2979/14537 3661/2984/14538 3662/3006/14539 1663/3002/14540
f 1661/2957/14541 3660/2963/14542 3661/2984/14543 1662/2979/14544
f 1660/2937/14545 3659/2940/14546 3660/2963/14547 1661/2957/14548
f 1659/2921/14549 3658/2925/14550 3659/2940/14551 1660/2937/14552
f 1658/2906/14553 3657/2908/14554 3658/2925/14555 1659/2921/14556
f 1657/2891/14557 3656/2896/14558 3657/2908/14559 1658/2906/14560
f 1656/3593/14561 3655/3589/14562 3656/3601/14563 1657/3602/14564
f 1655/3579/14565 3654/3577/14566 3655/3589/14567 1656/3593/14568
f 1654/3565/14569 3653/3562/14570 3654/3577/14571 1655/3579/14572
f 1653/3547/14573 3652/3544/14574 3653/3562/14575 1654/3565/14576
f 1652/3528/14577 3651/3523/14578 3652/3544/14579 1653/3547/14580
f 1651/3504/14581 3650/3500/14582 3651/3523/14583 1652/3528/14584
f 1650/3480/14585 3649/3477/14586 3650/3500/14587 1651/3504/14588
f 1649/3457/14589 3680/3456/14590 3649/3477/14591 1650/3480/14592
f 3447/1700/14593 3448/1698/14594 3704/1566/14595 3703/1567/14596
f 3434/1710/14597 3435/1712/14598 3691/1586/14599 3690/1588/14600
f 3448/1698/14601 3449/1696/14602 3705/1565/14603 3704/1566/14604
f 3435/1712/14605 3436/1732/14606 3692/1584/14607 3691/1586/14608
f 3449/1696/14609 3450/1688/14610 3706/1563/14611 3705/1565/14612
f 3436/1732/14613 3437/1749/14614 3693/1582/14615 3692/1584/14616
f 3450/1688/14617 3451/1686/14618 3707/1561/14619 3706/1563/14620
f 3437/1749/14621 3438/1750/14622 3694/1581/14623 3693/1582/14624
f 3451/1686/14625 3452/1684/14626 3708/1559/14627 3707/1561/14628
f 3438/1750/14629 3439/1722/14630 3695/1580/14631 3694/1581/14632
f 3425/1667/14633 3426/1662/14634 3682/1551/14635 3681/1552/14636
f 3452/1684/14637 3453/1679/14638 3709/1557/14639 3708/1559/14640
f 3439/1722/14641 3440/1711/14642 3696/1578/14643 3695/1580/14644
f 3426/1662/14645 3427/1656/14646 3683/1550/14647 3682/1551/14648
f 3453/1679/14649 3454/1676/14650 3710/1556/14651 3709/1557/14652
f 3440/1711/14653 3441/1709/14654 3697/1577/14655 3696/1578/14656
f 3427/1656/14657 3428/1651/14658 3684/1549/14659 3683/1550/14660
f 3454/1676/14661 3455/1674/14662 3711/1555/14663 3710/1556/14664
f 3441/1709/14665 3442/1707/14666 3698/1576/14667 3697/1577/14668
f 3428/1651/14669 3429/1650/14670 3685/1547/14671 3684/1549/14672
f 3455/1674/14673 3456/1671/14674 3712/1554/14675 3711/1555/14676
f 3442/1707/14677 3443/1706/14678 3699/1575/14679 3698/1576/14680
f 3429/1650/14681 3430/1645/14682 3686/1545/14683 3685/1547/14684
f 3456/1671/14685 3425/1667/14686 3681/1552/14687 3712/1554/14688
f 3443/1706/14689 3444/1704/14690 3700/1573/14691 3699/1575/14692
f 3430/1645/14693 3431/1640/14694 3687/1543/14695 3686/1545/14696
f 3444/1704/14697 3445/1702/14698 3701/1571/14699 3700/1573/14700
f 3431/1640/14701 3432/1638/14702 3688/1541/14703 3687/1543/14704
f 3445/1702/14705 3446/1701/14706 3702/1570/14707 3701/1571/14708
f 3432/1638/14709 3433/1636/14710 3689/1539/14711 3688/1541/14712
f 3446/1701/14713 3447/1700/14714 3703/1567/14715 3702/1570/14716
f 3433/1708/14717 3434/1710/14718 3690/1588/14719 3689/1589/14720
f 3700/1573/14721 3701/1571/14722 3733/1408/14723 3732/1409/14724
f 3687/1543/14725 3688/1541/14726 3720/1372/14727 3719/1373/14728
f 3701/1571/14729 3702/1570/14730 3734/1405/14731 3733/1408/14732
f 3688/1541/14733 3689/1539/14734 3721/1369/14735 3720/1372/14736
f 3702/1570/14737 3703/1567/14738 3735/1404/14739 3734/1405/14740
f 3689/1589/14741 3690/1588/14742 3722/1463/14743 3721/1466/14744
f 3703/1567/14745 3704/1566/14746 3736/1402/14747 3735/1404/14748
f 3690/1588/14749 3691/1586/14750 3723/1462/14751 3722/1463/14752
f 3704/1566/14753 3705/1565/14754 3737/1401/14755 3736/1402/14756
f 3691/1586/14757 3692/1584/14758 3724/1461/14759 3723/1462/14760
f 3705/1565/14761 3706/1563/14762 3738/1400/14763 3737/1401/14764
f 3692/1584/14765 3693/1582/14766 3725/1425/14767 3724/1461/14768
f 3706/1563/14769 3707/1561/14770 3739/1398/14771 3738/1400/14772
f 3693/1582/14773 3694/1581/14774 3726/1424/14775 3725/1425/14776
f 3707/1561/14777 3708/1559/14778 3740/1396/14779 3739/1398/14780
f 3694/1581/14781 3695/1580/14782 3727/1422/14783 3726/1424/14784
f 3681/1552/14785 3682/1551/14786 3714/1385/14787 3713/1387/14788
f 3708/1559/14789 3709/1557/14790 3741/1393/14791 3740/1396/14792
f 3695/1580/14793 3696/1578/14794 3728/1420/14795 3727/1422/14796
f 3682/1551/14797 3683/1550/14798 3715/1384/14799 3714/1385/14800
f 3709/1557/14801 3710/1556/14802 3742/1392/14803 3741/1393/14804
f 3696/1578/14805 3697/1577/14806 3729/1416/14807 3728/1420/14808
f 3683/1550/14809 3684/1549/14810 3716/1381/14811 3715/1384/14812
f 3710/1556/14813 3711/1555/14814 3743/1391/14815 3742/1392/14816
f 3697/1577/14817 3698/1576/14818 3730/1415/14819 3729/1416/14820
f 3684/1549/14821 3685/1547/14822 3717/1376/14823 3716/1381/14824
f 3711/1555/14825 3712/1554/14826 3744/1389/14827 3743/1391/14828
f 3698/1576/14829 3699/1575/14830 3731/1411/14831 3730/1415/14832
f 3685/1547/14833 3686/1545/14834 3718/1375/14835 3717/1376/14836
f 3712/1554/14837 3681/1552/14838 3713/1387/14839 3744/1389/14840
f 3699/1575/14841 3700/1573/14842 3732/1409/14843 3731/1411/14844
f 3686/1545/14845 3687/1543/14846 3719/1373/14847 3718/1375/14848
f 3753/3845/14849 3777/3818/14850 3755/3821/14851 3754/3835/14852
f 3777/3818/14853 3784/3798/14854 3756/3805/14855 3755/3821/14856
f 3784/3798/14857 3791/3781/14858 3757/3786/14859 3756/3805/14860
f 3791/3781/14861 3798/3741/14862 3758/3752/14863 3757/3786/14864
f 3798/3741/14865 3805/3707/14866 3759/3718/14867 3758/3752/14868
f 3805/3707/14869 3812/3692/14870 3760/3699/14871 3759/3718/14872
f 3812/3692/14873 3819/3677/14874 3761/3683/14875 3760/3699/14876
f 3819/3677/14877 3763/3662/14878 3762/3672/14879 3761/3683/14880
f 3752/3848/14881 3778/3831/14882 3777/3818/14883 3753/3845/14884
f 3778/3831/14885 3785/3808/14886 3784/3798/14887 3777/3818/14888
f 3785/3808/14889 3792/3773/14890 3791/3781/14891 3784/3798/14892
f 3792/3773/14893 3799/3728/14894 3798/3741/14895 3791/3781/14896
f 3799/3728/14897 3806/3697/14898 3805/3707/14899 3798/3741/14900
f 3806/3697/14901 3813/3680/14902 3812/3692/14903 3805/3707/14904
f 3813/3680/14905 3820/3667/14906 3819/3677/14907 3812/3692/14908
f 3820/3667/14909 3764/3653/14910 3763/3662/14911 3819/3677/14912
f 3751/3847/14913 3779/3832/14914 3778/3831/14915 3752/3848/14916
f 3779/3832/14917 3786/3797/14918 3785/3808/14919 3778/3831/14920
f 3786/3797/14921 3793/3769/14922 3792/3773/14923 3785/3808/14924
f 3793/3769/14925 3800/3715/14926 3799/3728/14927 3792/3773/14928
f 3800/3715/14929 3807/3691/14930 3806/3697/14931 3799/3728/14932
f 3807/3691/14933 3814/3673/14934 3813/3680/14935 3806/3697/14936
f 3814/3673/14937 3821/3658/14938 3820/3667/14939 3813/3680/14940
f 3821/3658/14941 3765/3645/14942 3764/3653/14943 3820/3667/14944
f 3750/3844/14945 3780/3823/14946 3779/3832/14947 3751/3847/14948
f 3780/3823/14949 3787/3794/14950 3786/3797/14951 3779/3832/14952
f 3787/3794/14953 3794/3749/14954 3793/3769/14955 3786/3797/14956
f 3794/3749/14957 3801/3705/14958 3800/3715/14959 3793/3769/14960
f 3801/3705/14961 3808/3686/14962 3807/3691/14963 3800/3715/14964
f 3808/3686/14965 3815/3669/14966 3814/3673/14967 3807/3691/14968
f 3815/3669/14969 3822/3650/14970 3821/3658/14971 3814/3673/14972
f 3822/3650/14973 3766/3639/14974 3765/3645/14975 3821/3658/14976
f 3749/3834/14977 3781/3809/14978 3780/3823/14979 3750/3844/14980
f 3781/3809/14981 3788/3783/14982 3787/3794/14983 3780/3823/14984
f 3788/3783/14985 3795/3733/14986 3794/3749/14987 3787/3794/14988
f 3795/3733/14989 3802/3700/14990 3801/3705/14991 3794/3749/14992
f 3802/3700/14993 3809/3681/14994 3808/3686/14995 3801/3705/14996
f 3809/3681/14997 3816/3666/14998 3815/3669/14999 3808/3686/15000
f 3816/3666/15001 3823/3647/15002 3822/3650/15003 3815/3669/15004
f 3823/3647/15005 3767/3636/15006 3766/3639/15007 3822/3650/15008
f 3748/3820/15009 3782/3795/15010 3781/3809/15011 3749/3834/15012
f 3782/3795/15013 3789/3770/15014 3788/3783/15015 3781/3809/15016
f 3789/3770/15017 3796/3719/15018 3795/3733/15019 3788/3783/15020
f 3796/3719/15021 3803/3694/15022 3802/3700/15023 3795/3733/15024
f 3803/3694/15025 3810/3676/15026 3809/3681/15027 3802/3700/15028
f 3810/3676/15029 3817/3661/15030 3816/3666/15031 3809/3681/15032
f 3817/3661/15033 3824/3649/15034 3823/3647/15035 3816/3666/15036
f 3824/3649/15037 3768/3635/15038 3767/3636/15039 3823/3647/15040
f 3747/3806/15041 3783/3772/15042 3782/3795/15043 3748/3820/15044
f 3783/3772/15045 3790/3731/15046 3789/3770/15047 3782/3795/15048
f 3790/3731/15049 3797/3703/15050 3796/3719/15051 3789/3770/15052
f 3797/3703/15053 3804/3688/15054 3803/3694/15055 3796/3719/15056
f 3804/3688/15057 3811/3674/15058 3810/3676/15059 3803/3694/15060
f 3811/3674/15061 3818/3664/15062 3817/3661/15063 3810/3676/15064
f 3818/3664/15065 3825/3656/15066 3824/3649/15067 3817/3661/15068
f 3825/3656/15069 3769/3640/15070 3768/3635/15071 3824/3649/15072
f 3746/3785/15073 3745/3751/15074 3783/3772/15075 3747/3806/15076
f 3745/3751/15077 3776/3717/15078 3790/3731/15079 3783/3772/15080
f 3776/3717/15081 3775/3698/15082 3797/3703/15083 3790/3731/15084
f 3775/3698/15085 3774/3684/15086 3804/3688/15087 3797/3703/15088
f 3774/3684/15089 3773/3671/15090 3811/3674/15091 3804/3688/15092
f 3773/3671/15093 3772/3663/15094 3818/3664/15095 3811/3674/15096
f 3772/3663/15097 3771/3654/15098 3825/3656/15099 3818/3664/15100
f 3771/3654/15101 3770/3646/15102 3769/3640/15103 3825/3656/15104
f 3840/4039/15105 3858/4053/15106 3838/4064/15107 3839/4055/15108
f 3858/4053/15109 3865/4069/15110 3837/4080/15111 3838/4064/15112
f 3865/4069/15113 3872/4082/15114 3836/4090/15115 3837/4080/15116
f 3872/4082/15117 3879/4093/15118 3835/4101/15119 3836/4090/15120
f 3879/4093/15121 3886/4103/15122 3834/4108/15123 3835/4101/15124
f 3886/4103/15125 3893/4109/15126 3833/4116/15127 3834/4108/15128
f 3893/4109/15129 3900/4120/15130 3832/4122/15131 3833/4116/15132
f 3900/4120/15133 3830/4124/15134 3831/4125/15135 3832/4122/15136
f 3841/4030/15137 3859/4037/15138 3858/4053/15139 3840/4039/15140
f 3859/4037/15141 3866/4056/15142 3865/4069/15143 3858/4053/15144
f 3866/4056/15145 3873/4073/15146 3872/4082/15147 3865/4069/15148
f 3873/4073/15149 3880/4083/15150 3879/4093/15151 3872/4082/15152
f 3880/4083/15153 3887/4097/15154 3886/4103/15155 3879/4093/15156
f 3887/4097/15157 3894/4105/15158 3893/4109/15159 3886/4103/15160
f 3894/4105/15161 3901/4113/15162 3900/4120/15163 3893/4109/15164
f 3901/4113/15165 3829/4121/15166 3830/4124/15167 3900/4120/15168
f 3842/4021/15169 3860/4031/15170 3859/4037/15171 3841/4030/15172
f 3860/4031/15173 3867/4040/15174 3866/4056/15175 3859/4037/15176
f 3867/4040/15177 3874/4057/15178 3873/4073/15179 3866/4056/15180
f 3874/4057/15181 3881/4074/15182 3880/4083/15183 3873/4073/15184
f 3881/4074/15185 3888/4084/15186 3887/4097/15187 3880/4083/15188
f 3888/4084/15189 3895/4098/15190 3894/4105/15191 3887/4097/15192
f 3895/4098/15193 3902/4106/15194 3901/4113/15195 3894/4105/15196
f 3902/4106/15197 3828/4115/15198 3829/4121/15199 3901/4113/15200
f 3843/4009/15201 3861/4024/15202 3860/4031/15203 3842/4021/15204
f 3861/4024/15205 3868/4032/15206 3867/4040/15207 3860/4031/15208
f 3868/4032/15209 3875/4047/15210 3874/4057/15211 3867/4040/15212
f 3875/4047/15213 3882/4058/15214 3881/4074/15215 3874/4057/15216
f 3882/4058/15217 3889/4075/15218 3888/4084/15219 3881/4074/15220
f 3889/4075/15221 3896/4085/15222 3895/4098/15223 3888/4084/15224
f 3896/4085/15225 3903/4099/15226 3902/4106/15227 3895/4098/15228
f 3903/4099/15229 3827/4107/15230 3828/4115/15231 3902/4106/15232
f 3844/4004/15233 3862/4011/15234 3861/4024/15235 3843/4009/15236
f 3862/4011/15237 3869/4025/15238 3868/4032/15239 3861/4024/15240
f 3869/4025/15241 3876/4034/15242 3875/4047/15243 3868/4032/15244
f 3876/4034/15245 3883/4049/15246 3882/4058/15247 3875/4047/15248
f 3883/4049/15249 3890/4060/15250 3889/4075/15251 3882/4058/15252
f 3890/4060/15253 3897/4078/15254 3896/4085/15255 3889/4075/15256
f 3897/4078/15257 3904/4088/15258 3903/4099/15259 3896/4085/15260
f 3904/4088/15261 3826/4100/15262 3827/4107/15263 3903/4099/15264
f 3845/4000/15265 3863/4006/15266 3862/4011/15267 3844/4004/15268
f 3863/4006/15269 3870/4013/15270 3869/4025/15271 3862/4011/15272
f 3870/4013/15273 3877/4027/15274 3876/4034/15275 3869/4025/15276
f 3877/4027/15277 3884/4035/15278 3883/4049/15279 3876/4034/15280
f 3884/4035/15281 3891/4051/15282 3890/4060/15283 3883/4049/15284
f 3891/4051/15285 3898/4062/15286 3897/4078/15287 3890/4060/15288
f 3898/4062/15289 3905/4081/15290 3904/4088/15291 3897/4078/15292
f 3905/4081/15293 3857/4089/15294 3826/4100/15295 3904/4088/15296
f 3846/3998/15297 3864/4003/15298 3863/4006/15299 3845/4000/15300
f 3864/4003/15301 3871/4007/15302 3870/4013/15303 3863/4006/15304
f 3871/4007/15305 3878/4015/15306 3877/4027/15307 3870/4013/15308
f 3878/4015/15309 3885/4028/15310 3884/4035/15311 3877/4027/15312
f 3885/4028/15313 3892/4036/15314 3891/4051/15315 3884/4035/15316
f 3892/4036/15317 3899/4052/15318 3898/4062/15319 3891/4051/15320
f 3899/4052/15321 3906/4066/15322 3905/4081/15323 3898/4062/15324
f 3906/4066/15325 3856/4079/15326 3857/4089/15327 3905/4081/15328
f 3847/3997/15329 3848/3999/15330 3864/4003/15331 3846/3998/15332
f 3848/3999/15333 3849/4005/15334 3871/4007/15335 3864/4003/15336
f 3849/4005/15337 3850/4008/15338 3878/4015/15339 3871/4007/15340
f 3850/4008/15341 3851/4020/15342 3885/4028/15343 3878/4015/15344
f 3851/4020/15345 3852/4029/15346 3892/4036/15347 3885/4028/15348
f 3852/4029/15349 3853/4038/15350 3899/4052/15351 3892/4036/15352
f 3853/4038/15353 3854/4054/15354 3906/4066/15355 3899/4052/15356
f 3854/4054/15357 3855/4063/15358 3856/4079/15359 3906/4066/15360
